element,domain,node0,node1,node2,area_m2,quality,heat_flux_W_m2,electric_field_V_m,joule_W_m3
0,"plate",932,893,894,0.0000027063293750000006,0.9999999999999998,29751.4434072174,8.353278820949289,799436.0185993277
1,"plate",645,614,615,0.0000027063293749999964,1.0000000000000002,26961.659572546156,8.253226817724554,774425.2005212114
2,"plate",614,645,644,0.0000027063293749999964,1.0000000000000002,22015.88054972234,6.348093056388777,460086.788989585
3,"padL",225,3,4,0.0000013531646875,0.7999999979024509,38227.2843246156,1.2260506589408382,120256.01746314109
4,"plate",401,402,440,0.0000027063293750000023,1.0000000000000002,18419.70788760336,10.740953769805948,1261824.2353132889
5,"plate",9,230,8,0.0000013531646874999992,0.7999999979024515,30148.794074874106,9.139370255175884,949517.4401068451
6,"plate",932,894,933,0.0000027063293750000006,1,29811.524915452857,8.820215889344292,887083.5070408068
7,"padL",2,3,224,0.0000013531646874999997,0.7999999979024512,38020.7584900284,1.2116067019972432,117439.26402597092
8,"padL",3,225,224,0.0000013531646874999992,0.7999999979024515,38068.32670688425,1.217803937402309,118643.71439620538
9,"padR",1076,152,153,0.0000015625000000000634,0.8020705700332902,37543.893577206276,1.2064106460716246,116434.13175639638
10,"plate",371,409,370,0.000002706329375000003,1,33271.60560652881,8.544598959436646,846574.8836616114
11,"plate",409,408,370,0.000002706329375000003,1,32200.984475290887,8.54484251262769,842586.8883419354
12,"plate",422,423,461,0.0000027063293749999985,1,29949.281621388494,8.913466819814616,905292.2288865212
13,"plate",426,388,427,0.0000027063293750000023,1.0000000000000002,23423.538518810034,10.698359916298166,1263231.8764814779
14,"plate",465,426,427,0.0000027063293750000023,1.0000000000000002,23419.84747124044,10.730621363978727,1271259.6680618883
15,"plate",423,422,384,0.0000027063293749999985,1,29895.165558550834,8.874898100174637,896967.5004775454
16,"plate",1084,1123,1122,0.0000027063293750000006,1,34539.008213178524,8.581903511292753,857864.6896040782
17,"plate",1123,98,1122,0.0000032822715625000276,0.9816710084322945,34540.02260067101,8.580375233139327,857499.0794822639
18,"plate",871,872,910,0.0000027063293749999955,1,14638.91440681295,12.173737868946425,1608818.5801347771
19,"padL",417,378,418,0.0000027063293749999993,1,36311.93795119093,1.1557860632806258,106867.31392589815
20,"padL",378,379,418,0.0000027063293749999985,1,36926.55692570434,1.181510382241256,111677.34266751031
21,"padL",379,132,418,0.0000030764235937500005,0.9681456674049904,36316.961516702075,1.1635326841921387,108304.66457466906
22,"plate",316,278,317,0.0000027063293750000023,1.0000000000000002,5802.375818596359,10.377349835332739,1162029.989998515
23,"plate",496,534,134,0.0000019175645312499965,0.8066013663634778,33676.538328589246,7.445321488162673,657177.2781538699
24,"plate",133,496,134,0.0000031250000000000014,0.989730236475148,33947.68893810472,7.541044064601433,675288.7634759175
25,"plate",292,330,291,0.0000027063293750000023,1.0000000000000002,30142.10611904868,9.128765737078773,947516.6674383717
26,"plate",276,237,238,0.0000027063293750000023,1.0000000000000002,11754.862074443745,10.416552056645026,1176645.4291967612
27,"plate",237,16,238,0.0000013531646875000012,0.7999999979024508,11776.97111440263,10.41654161866512,1176645.41624719
28,"plate",496,133,457,0.00000193259421875,0.8137192700216087,34436.72021702193,7.616422537435801,687560.3406776373
29,"plate",133,132,457,0.0000015624999999999984,0.8518140591067875,35131.631369522394,7.7278852698167615,710256.6030473444
30,"plate",160,750,161,0.0000031249999999999273,0.9864353638732148,29581.960463588228,6.516764803757531,504824.1854132685
31,"plate",162,161,726,0.0000015624999999999334,0.8631845582286612,29478.003637792208,6.425432760784974,491553.23643608484
32,"plate",750,725,726,0.0000027063293749999955,1,28331.141523543825,6.39399769067192,483120.09225074266
33,"plate",161,750,726,0.0000020447767187499404,0.863428882888531,29600.407086233474,6.498325795246694,501225.8154126646
34,"padL",132,133,456,0.0000015625000000000007,0.8518140591067882,35678.46340831615,1.1448093063212867,104847.06782718605
35,"padL",418,132,456,0.00000233623515625,0.9584723839534706,36395.472598748864,1.166021500807732,108768.49122767325
36,"plate",212,211,650,0.000002664481934692967,0.916535489310185,1720.4483057116804,5.801699884676291,362737.7028195152
37,"plate",154,153,1036,0.000003124999999999936,0.9774423572995152,36361.710719623254,8.114823285849887,781444.3967164387
38,"plate",540,541,579,0.0000027063293750000044,1,29837.50005395236,10.712089818530092,1286710.0444880226
39,"plate",541,580,579,0.0000027063293750000044,1,30545.46543190614,11.121843575326055,1382541.852898628
40,"plate",434,473,472,0.0000027063293750000023,1.0000000000000002,351.08920883899555,9.591716511763053,991121.9901336298
41,"padR",48,49,636,0.0000015624999999999313,0.6405677381290941,33661.072221866925,1.053122587482841,88725.37474132433
42,"padR",152,1076,1114,0.0000025756298437500683,0.9951225755370727,37941.658860900236,1.2168943068073383,118466.540315209
43,"plate",894,893,855,0.0000027063293749999917,0.9999999999999998,29836.19396009712,8.40242855601998,809500.1557897038
44,"padR",412,413,450,0.0000027063293750000023,1.0000000000000002,36926.556926625664,1.1815103822343371,111677.34266620234
45,"plate",144,813,852,0.0000028821179687500035,0.9921387542565807,33252.59431078378,7.394396422759421,648334.2609994905
46,"plate",402,364,403,0.000002706329375000003,1,21369.426820844707,10.580000872839506,1231146.9523051928
47,"padR",413,412,373,0.000002706329375000003,1,36910.73407648474,1.1807966019613392,111542.44921627562
48,"plate",985,946,947,0.0000027063293749999955,1,6863.570003604331,10.267312336835055,1138349.5908332018
49,"plate",946,908,947,0.0000027063293750000044,0.9999999999999998,6954.4694062599,10.307251322346767,1147120.680557591
50,"padL",889,928,888,0.0000027063293750000006,1,35134.6119116823,1.1212882119960803,100582.98034890933
51,"plate",713,689,714,0.000002706329375,1,23461.209115138958,5.874898368537368,401459.34712735325
52,"plate",689,690,714,0.000002706329375,1,21709.819290798445,5.565876925353572,359118.8161092002
53,"plate",357,358,396,0.000002706329375000003,1,1476.0231195324513,10.245946052777676,1131060.9616141678
54,"padR",633,602,634,0.0000027063293750000044,0.9999999999999998,32450.4505510946,1.0343339174192405,85587.73221790657
55,"padR",925,57,58,0.0000015624999999999291,0.8137250602214025,35585.92681562877,1.1144643947345025,99362.47097047529
56,"plate",764,184,183,0.0000017657606441828895,0.8717143999822333,31690.88048310267,10.13791273366969,1164186.4874381635
57,"plate",1084,1045,1046,0.0000027063293749999917,0.9999999999999998,34170.44081386988,8.46218280362029,834308.889105149
58,"plate",724,725,749,0.0000027063293749999955,1,26196.722790649703,6.232826333656009,455232.7001073836
59,"plate",748,724,749,0.0000027063293749999955,0.9999999999999998,25566.932224066637,6.2644171156489215,457997.1252484559
60,"plate",725,750,749,0.0000027063293749999955,1,27746.24348758336,6.452097455354051,489792.391148726
61,"plate",750,776,749,0.0000027063293750000044,0.9999999999999998,27801.507362869703,6.460809951124277,491007.00190432917
62,"plate",396,358,397,0.000002706329375000003,1,2799.8193384250712,10.158854770630368,1112238.8273685225
63,"plate",473,434,435,0.0000027063293750000023,1.0000000000000002,1392.2462119456811,9.928142595627605,1061969.5619883619
64,"plate",434,396,435,0.0000027063293750000023,1.0000000000000002,1377.7631203025232,9.92684248935502,1061695.86632812
65,"plate",396,397,435,0.0000027063293750000023,1.0000000000000002,2815.6903412461565,10.160910437279538,1112679.3831810749
66,"plate",422,461,460,0.0000027063293749999985,1,30141.400023172857,8.521249990245439,831309.7422437627
67,"plate",370,408,369,0.000002706329375000003,1,31690.892107354466,8.785101574316487,886246.8625331796
68,"plate",368,330,369,0.0000027063293750000023,1.0000000000000002,30100.64777349795,9.050781571737764,931788.3634197161
69,"plate",946,985,984,0.0000027063293749999955,1,5606.823893948519,10.236005280440125,1130463.306627932
70,"plate",500,461,462,0.0000027063293750000006,0.9999999999999998,29284.495305059725,9.011228182663546,922255.3865349048
71,"plate",461,423,462,0.0000027063293749999985,1,29155.040587768515,8.940548161493252,907152.2984355055
72,"padR",1154,1114,1115,0.0000027063293750000044,1,37739.43817385574,1.2023707198272868,115655.62783183904
73,"plate",316,317,355,0.0000027063293750000023,1.0000000000000002,5811.730226087366,10.378199939817947,1162208.8285570429
74,"plate",762,788,761,0.0000027063293749999917,1,24178.420209433236,6.454973805286561,480154.92098908883
75,"plate",326,364,325,0.0000027063293750000023,1.0000000000000002,20549.853152786312,10.274944602165466,1160904.9505550496
76,"padR",490,450,451,0.0000027063293750000023,1.0000000000000002,36320.34452768841,1.1561649827370715,106937.39738459302
77,"padR",450,413,451,0.0000027063293750000023,1.0000000000000002,36311.937950714215,1.155786063271611,106867.31392423107
78,"plate",328,367,366,0.0000027063293750000023,1.0000000000000002,26627.82578941811,9.690436250908794,1050513.0177068962
79,"padR",66,1154,1155,0.000003282271562500032,0.9816710084322948,37906.70092503044,1.2035196838913127,115876.77036110761
80,"padR",1154,1115,1155,0.0000027063293750000044,0.9999999999999998,37908.929106053845,1.2036142973627177,115894.9901452759
81,"padL",302,129,130,0.0000015625000000000011,0.7786720575848668,37829.683435902516,1.2158570947183176,118264.67798214944
82,"padR",413,373,374,0.000002706329375000003,1,37339.161238238084,1.1893252589228276,113159.56572094807
83,"padL",144,889,851,0.0000025305407812499825,0.9910563305406931,34335.894367530105,1.0981709457185118,96478.35408162324
84,"padL",812,144,851,0.000002882117968750005,0.9921387542565805,34333.36670519073,1.098086796447251,96463.56900254289
85,"padL",889,888,851,0.0000027063293749999917,1,35138.64551438935,1.1215606891017094,100631.87034706409
86,"plate",440,402,441,0.0000027063293750000023,1.0000000000000002,20633.067679929445,10.987234862218164,1324090.6894626473
87,"plate",402,403,441,0.0000027063293750000023,1.0000000000000002,21347.972656419875,10.59010203534734,1233698.9677476906
88,"plate",817,788,789,0.0000027063293750000006,1,25796.641638803434,7.196644882157646,593585.8997934524
89,"plate",788,762,789,0.0000027063293749999917,1,25730.65887834279,7.204533136060948,595643.723337565
90,"plate",304,265,266,0.000002706329375,0.9999999999999998,35366.64897539406,8.485593864383445,843213.6088496324
91,"plate",508,546,507,0.000002706329375,1,10228.710195119284,11.02114932533185,1314103.2385228856
92,"plate",397,398,436,0.0000027063293750000023,1.0000000000000002,5689.1695729589965,10.295015191204977,1143580.0944967566
93,"plate",435,397,436,0.0000027063293750000023,1.0000000000000002,4072.0427353344453,10.068995222898161,1093155.6555518254
94,"plate",366,367,405,0.000002706329375000003,1,26632.45833990919,9.710555823616486,1055178.9769760722
95,"plate",286,325,324,0.0000027063293750000023,1.0000000000000002,17785.107063529475,10.41136300537929,1185356.102953299
96,"padR",566,602,166,0.000002351264843750066,0.9618858771253151,33195.00179654991,1.0609636328655843,90051.50642106705
97,"padR",602,633,166,0.000003061393906250063,0.9704658179824226,33211.7002751302,1.061442204683969,90132.76431074919
98,"plate",788,817,816,0.0000027063293750000006,1,27830.15856948843,7.6558349150618845,673966.1655172962
99,"plate",817,855,816,0.0000027063293749999917,1,27790.85573355229,7.618438590264849,666711.2510090305
100,"padR",374,373,336,0.0000027063293750000023,1.0000000000000002,37329.846368223596,1.1889527997486717,113088.70080241641
101,"padL",571,532,572,0.0000027063293750000015,0.9999999999999998,33486.31262330448,1.0637297363719107,90521.67616334837
102,"plate",946,984,945,0.0000027063293749999955,0.9999999999999998,3932.2332034737165,9.914142640894834,1059759.6624989551
103,"plate",984,983,945,0.0000027063293749999955,1,2755.9193471051058,10.046896827915054,1087836.1778334754
104,"plate",1152,68,69,0.000003282271562500032,0.9816710084322948,37343.86068958712,8.363043108102296,828132.457202964
105,"plate",166,601,565,0.000002351264843749946,0.9618858771253133,32132.555806228702,7.104749083228449,598647.062502566
106,"plate",577,614,613,0.0000027063293750000006,1,25031.685890353725,7.16935881598677,587264.0853076873
107,"plate",614,644,613,0.0000027063293749999964,1.0000000000000002,25004.694412230037,7.186132319549265,590916.6652493223
108,"plate",577,613,576,0.0000027063293750000006,1,27200.249549493816,7.710695398968888,681336.4112560018
109,"plate",610,640,609,0.0000027063293749999964,1.0000000000000002,30124.620528336258,6.846876894889765,553657.7019334845
110,"plate",163,162,703,0.0000031249999999999273,0.9694610275799561,29116.44987575073,6.40849526328725,488240.62879709504
111,"plate",162,726,703,0.00000222405265624994,0.9282592116316314,29244.307551737187,6.421577729314345,489493.93648253434
112,"plate",726,725,703,0.000002706329375,1,28315.223510823485,6.391953425485793,482843.3311926393
113,"plate",480,441,442,0.0000027063293750000023,1.0000000000000002,23419.84747134943,10.730621363942602,1271259.6680535197
114,"plate",441,403,442,0.0000027063293750000023,1.0000000000000002,23423.53851891858,10.698359916262863,1263231.8764733325
115,"plate",813,144,143,0.0000015625000000000007,0.7046637151095767,32613.44493036525,7.119347025684686,603091.2779547963
116,"padL",144,812,143,0.0000015625000000000028,0.7046637151095773,33218.40497814951,1.0666772682794319,91024.03157312569
117,"plate",348,309,310,0.0000027063293750000023,1.0000000000000002,25371.42995716455,9.814423795381941,1073390.457336165
118,"plate",958,996,957,0.0000027063293749999955,0.9999999999999998,32085.357000964428,8.146660337714968,770369.562299016
119,"plate",346,384,345,0.0000027063293749999993,1,30110.413792074152,9.067127703035233,935449.6357408176
120,"plate",344,306,345,0.0000027063293750000023,1.0000000000000002,31686.39170996362,8.77354010587532,883662.5056007593
121,"padR",848,57,885,0.000002882117968749947,0.9921387542565804,34925.78453735075,1.0952047225666228,95957.87074657866
122,"padR",57,925,885,0.000002530540781249924,0.9910563305406925,34942.098016722615,1.0954774755255143,96005.67195070031
123,"padL",888,928,927,0.0000027063293750000015,1,35888.31447052017,1.1420244284442493,104337.58361307316
124,"plate",393,355,394,0.000002706329375000003,1,5659.913861886299,10.288657370664437,1142200.8928055668
125,"padL",571,606,570,0.000002706329375000002,1,33826.75572928059,1.0674400353678282,91154.25832848562
126,"padL",606,605,570,0.0000027063293750000015,1,33404.98843606036,1.0503370397816463,88256.63177098174
127,"padR",336,373,335,0.0000027063293750000023,1.0000000000000002,37737.95075169081,1.206901755660421,116528.9478252965
128,"padR",633,164,165,0.0000015625000000000678,0.743093909066532,32037.930797384935,1.0277844184268743,84507.26486088545
129,"padR",166,633,165,0.0000015625000000000678,0.6405677381291304,31963.797055439136,1.026003702940939,84214.68787588149
130,"plate",144,852,890,0.0000025305407812499804,0.9910563305406928,33318.685939149516,7.3931095417633435,647981.9153880839
131,"plate",713,712,688,0.0000027063293749999964,1.0000000000000002,26150.814792487563,6.224369401570664,454053.16572244815
132,"plate",689,713,688,0.0000027063293749999964,1.0000000000000002,24804.42223647803,6.054179045334132,427906.92647463875
133,"plate",645,615,188,0.0000027639236306209762,0.9552341687490454,24115.61725949689,7.368637232509874,616757.531344865
134,"plate",615,189,188,0.0000028694162708917245,0.9651728893182375,31640.667002444952,10.098379856294695,1153936.1347191755
135,"padR",48,569,47,0.0000015624999999999313,0.8496600785691882,34776.86658212915,1.08878704959749,94836.57914969658
136,"padR",40,41,261,0.0000015624999999999124,0.8621566496632046,38175.134359285585,1.1962286281994803,114477.03447392084
137,"padR",41,298,261,0.0000022390823437499417,0.9327867706979681,38055.488233290125,1.1937729811677502,114007.51444529102
138,"plate",541,540,502,0.000002706329375,1,28752.974505300157,10.265240467542581,1179804.9360003262
139,"plate",134,534,135,0.0000015624999999999984,0.8496600785692067,33258.93790611318,7.295637851175648,633283.8144230285
140,"plate",609,136,135,0.0000015624999999999984,0.6405677381291113,31383.457817924416,6.8381305804278325,556516.2752627595
141,"plate",388,426,387,0.0000027063293750000023,1.0000000000000002,23890.54628405374,10.315247263980313,1178199.7565354095
142,"plate",386,348,387,0.000002706329375000003,1,25998.273858174958,9.922347755850437,1097688.032389561
143,"plate",425,386,387,0.0000027063293750000023,1.0000000000000002,26016.548467139208,9.955936312759693,1105542.4240462976
144,"plate",426,425,387,0.0000027063293750000023,1.0000000000000002,25605.769208482736,10.259182245958545,1169789.9101589732
145,"plate",1092,1054,1093,0.0000027063293749999955,0.9999999999999998,16276.846175010887,10.42747206117299,1186170.1645681262
146,"plate",672,648,649,0.0000027063293750000044,1,388.2601015641454,5.178834425363696,288922.37330454617
147,"plate",796,769,797,0.0000027063293749999955,0.9999999999999998,2076.4871209218063,7.343545421164664,581136.5723717513
148,"plate",830,796,797,0.0000027063293750000044,1,1963.8352001548237,7.218038800160025,561495.7588715743
149,"plate",831,830,797,0.0000027063293750000044,1,3988.869005065944,8.970334696197288,867620.130206568
150,"plate",798,831,797,0.0000027063293750000044,0.9999999999999998,3926.430004268139,8.361888933996667,754213.1404736895
151,"plate",1054,1092,1053,0.0000027063293749999955,0.9999999999999998,17953.22539425836,10.494598461133446,1204434.1417718788
152,"plate",554,516,555,0.000002706329375,1,17749.789982159004,13.04298205762101,1850667.9991349687
153,"plate",817,789,818,0.0000027063293750000006,1,27713.013891492206,8.180907535325586,763620.0585551452
154,"plate",472,510,471,0.0000027063293750000044,0.9999999999999998,2576.186511489507,9.71031646890678,1016129.3905071242
155,"plate",460,498,459,0.0000027063293750000044,0.9999999999999998,31292.644977376254,8.23099674204908,783234.602124218
156,"padL",118,660,117,0.0000015625000000000058,0.7831441071552308,32877.89339370793,1.0288077428074303,84675.62973284157
157,"padR",259,297,296,0.0000027063293750000023,1.0000000000000002,37893.04739029564,1.207292538789995,116604.42193743934
158,"padR",297,336,296,0.0000027063293750000023,1.0000000000000002,37897.46749404195,1.207467622330671,116638.24471815072
159,"padR",258,259,296,0.0000027063293750000023,1.0000000000000002,38070.5569059342,1.2178939625216356,118661.2563157321
160,"padR",336,335,296,0.0000027063293750000023,1.0000000000000002,37727.01541874003,1.2064808611474578,116447.6854652089
161,"padR",335,172,296,0.0000016110764062500582,0.6450561765687114,38007.519481046766,1.2213254062616503,119330.8598384148
162,"plate",580,541,542,0.0000027063293750000044,1,30112.88226454938,12.22451589895356,1661946.8240606391
163,"padR",163,164,680,0.0000015625000000000765,0.7831441071552502,30776.456446935033,0.9832230126221012,77338.19940397445
164,"padR",298,41,42,0.0000031249999999999337,0.967417703256195,38023.75130933651,1.193122921474232,113883.38445977653
165,"plate",857,858,896,0.0000027063293749999917,0.9999999999999998,28459.901845075095,9.727294114191595,1063096.5002884783
166,"padL",886,111,849,0.0000025305407812499863,0.9910563305406933,34942.09801685072,1.0954774755306815,96005.67195160601
167,"padR",845,806,846,0.0000027063293750000044,0.9999999999999998,33465.86094876983,1.0678061946487398,91216.80554641779
168,"plate",392,393,431,0.0000027063293750000023,1.0000000000000002,8738.087743936017,10.476997261473443,1186741.5226449932
169,"padR",162,163,704,0.0000031250000000000662,0.9694610275799511,30643.47475646386,0.9783353630138191,76571.2066018705
170,"padR",163,680,704,0.0000016261060937500616,0.6534635608431766,30448.92532799467,0.9723413021139558,75635.80862373303
171,"plate",872,834,873,0.0000027063293749999955,0.9999999999999998,20420.502850895504,13.105250597786211,1873198.1655887344
172,"plate",874,912,873,0.0000027063293749999955,0.9999999999999998,25099.54601471675,13.061413370923056,1872740.0098994994
173,"plate",496,457,458,0.0000027063293750000006,1,34054.68234367875,7.8185524915637,720699.0704216779
174,"plate",871,870,832,0.0000027063293749999955,1,10125.635722255687,11.250618862001222,1368938.1913975656
175,"plate",870,831,832,0.0000027063293749999955,1,6888.666864647177,10.095802725457192,1100861.6595323384
176,"plate",831,798,832,0.0000027063293750000044,0.9999999999999998,7498.681644921175,10.7547743258873,1248787.3880243187
177,"plate",181,821,182,0.0000021150452470650623,0.9732427225647736,37368.734361892966,15.625350879137427,2707825.950616098
178,"padL",118,605,637,0.0000027699354687499937,0.9989217770250793,33116.69971724024,1.0377226112845497,86149.45743769796
179,"padL",660,118,637,0.0000026427232812500054,0.9988699332866737,33121.90225626385,1.037826453328804,86166.69977832354
180,"padL",661,660,637,0.0000027063293750000015,1,32645.035889581934,1.025820647560483,84184.64007691268
181,"padL",605,606,637,0.0000027063293749999972,1,33401.62554582147,1.0502631615803446,88244.21668581928
182,"padL",606,638,637,0.0000027063293749999976,1,32737.975604608186,1.0323917110883356,85266.61160991213
183,"padL",638,661,637,0.000002706329375000002,1,32730.306321042608,1.032185661600828,85232.57920114712
184,"plate",186,185,716,0.000002834201304758657,0.9849138673448502,10672.18092336707,3.0269750054016455,104925.39910006041
185,"plate",598,561,562,0.0000027063293750000044,1,28754.382184523733,7.983309732216769,732043.393945887
186,"padR",1076,153,1037,0.000001693199531250046,0.690610977824158,37509.81898393831,1.2047662706992432,116116.94136116498
187,"padR",153,154,1037,0.000003125000000000075,0.9774423572995097,37106.97966860036,1.191090637366538,113495.75251377806
188,"padR",848,808,55,0.0000029492114062499337,0.985433291495516,33671.81669062639,1.0554341934457232,89115.30693555393
189,"padL",262,126,127,0.0000031250000000000027,0.9674177032561925,38023.75130483124,1.193122921488765,113883.38446255086
190,"plate",442,403,404,0.0000027063293750000023,1.0000000000000002,23890.54628374304,10.31524726394662,1178199.7565278623
191,"plate",366,405,404,0.000002706329375000003,1,25998.273857721702,9.922347755814636,1097688.0323818591
192,"padR",960,1000,999,0.0000027063293749999955,1,36523.15458440832,1.1676970858235294,109081.31873926104
193,"padR",1000,1037,999,0.0000027063293750000044,0.9999999999999998,36508.293204464615,1.1670362045450597,108957.88021751509
194,"padR",1037,154,999,0.0000021569592187500802,0.9062863255276639,37077.21769248737,1.1909768031270365,113474.05964693567
195,"plate",796,830,829,0.0000027063293750000044,1,1774.7055537753508,8.064883388897112,700826.048565325
196,"plate",795,796,829,0.0000027063293750000044,1,620.6941485327487,6.7662416795671385,493209.2238596869
197,"plate",828,795,829,0.0000027063293750000044,0.9999999999999998,257.2524987969082,7.796237769801081,654772.5699643162
198,"plate",552,551,513,0.000002706329375,1,4309.269823745996,9.227416486236823,918357.1574641509
199,"plate",565,601,564,0.0000027063293750000044,0.9999999999999998,32231.02378742065,7.358930169393906,639013.2844923844
200,"padR",1154,66,67,0.000003282271562500032,0.9816710084322948,38018.186639882864,1.211579964767734,117434.08088212671
201,"plate",583,194,582,0.0000020470851449250656,0.8940178424870151,16089.562175102956,14.523135509565467,2285484.86917687
202,"plate",177,765,792,0.0000021827046406030084,0.9470059790626122,4136.626957752472,8.532752743821998,785406.3963944669
203,"plate",920,958,919,0.0000027063293750000044,0.9999999999999998,32021.83042791268,7.8196973611271,713710.968153709
204,"plate",918,880,919,0.0000027063293749999955,0.9999999999999998,30796.795106556223,8.061990334605223,751897.147844657
205,"plate",957,918,919,0.0000027063293750000044,1,30776.06616447315,8.03877789588698,747111.1136628452
206,"plate",958,957,919,0.0000027063293750000044,1,32091.39446416879,8.161039482959847,773445.5470957714
207,"padR",634,635,658,0.000002706329375,1,32994.03328732396,1.044353186983304,87253.88633297473
208,"plate",313,314,352,0.0000027063293750000023,1.0000000000000002,14835.54002116325,10.476682942245567,1194744.163659942
209,"plate",182,821,820,0.0000028243076449250536,0.974219010995916,33083.79377992479,13.123246484304518,1917958.4481904074
210,"plate",250,288,249,0.0000027063293750000023,1.0000000000000002,22808.93930568604,9.983479863400653,1102605.7141067758
211,"plate",28,250,249,0.000001353164687500001,0.7999999979024506,22821.88457712032,9.982353064102295,1102327.7894219004
212,"plate",583,546,584,0.0000027063293750000044,0.9999999999999998,8578.44418546121,10.872477020165904,1277945.2050589297
213,"plate",534,496,535,0.0000027063293749999964,1.0000000000000002,32254.788328903815,7.356651964624249,638422.421950319
214,"plate",536,574,535,0.0000027063293750000006,1,30796.779751640617,7.484105266679431,654685.1643651777
215,"plate",190,580,581,0.0000020470851449250656,0.8940178424870151,35336.40830562331,14.734400413880572,2411913.8319614646
216,"plate",580,542,581,0.0000027063293750000044,0.9999999999999998,32859.6095032766,13.740466668058763,2092143.8584387242
217,"plate",820,821,859,0.0000027063293749999955,1,30877.340520931204,12.132922291426055,1637157.0093606962
218,"plate",858,820,859,0.0000027063293749999955,0.9999999999999998,29406.36490963442,11.288793648916517,1422171.2815325377
219,"plate",830,831,869,0.0000027063293749999955,1,3766.330415286584,8.721745159617418,820332.2822056732
220,"plate",870,908,869,0.0000027063293749999955,0.9999999999999998,5977.552876430848,9.833648314938573,1043843.1000481297
221,"plate",831,870,869,0.0000027063293749999955,1,6236.980595573776,10.049108861110895,1089873.608664966
222,"padL",964,927,965,0.000002706329374999994,0.9999999999999998,36501.09656555581,1.1578148543096565,107242.8189488073
223,"padL",927,928,965,0.000002706329374999993,1,35880.75369584853,1.1416694161074545,104272.7244540109
224,"padR",1114,1154,1153,0.0000027063293750000044,1,37981.78672128382,1.2161242299767439,118316.65141892225
225,"padR",152,1114,1153,0.000002837028906250052,0.9955699827671891,37882.52368674765,1.2150027445164662,118098.53353460362
226,"padR",67,68,1153,0.000003282271562500032,0.9816710084322948,38202.87508925358,1.2255101160550137,120150.00356425386
227,"padR",1154,67,1153,0.000003282271562500032,0.9816710084322948,37976.44418953354,1.215897109627907,118272.46249611987
228,"plate",552,513,514,0.000002706329375,1,6554.178706448346,10.16183378579947,1114690.7934386842
229,"plate",316,355,354,0.0000027063293750000023,1.0000000000000002,7237.054981141823,10.397400732317621,1167572.7039691184
230,"plate",355,393,354,0.000002706329375000003,1,7256.146308299079,10.400320777967863,1168200.8673575476
231,"plate",393,392,354,0.000002706329375000003,1,8701.285054107102,10.468390606419991,1184850.764079091
232,"plate",422,460,421,0.0000027063293750000023,1.0000000000000002,31178.79678821857,8.563784008586229,843218.7434949953
233,"plate",460,459,421,0.0000027063293750000023,1.0000000000000002,31272.38216377073,8.209263266697711,778676.287003227
234,"plate",765,177,176,0.0000017657606441828895,0.8717143999822333,4503.24765591643,9.34010816119708,940719.1421175154
235,"plate",914,915,953,0.0000027063293750000044,1,27695.65201757306,10.20190871031267,1162940.6213088895
236,"plate",590,552,553,0.0000027063293750000044,1,7851.804626162488,10.619211828607146,1217990.001073376
237,"plate",552,514,553,0.000002706329375,1,7455.673105760007,10.267373693822275,1138950.695418109
238,"plate",148,147,1006,0.0000031250000000000014,0.9774423572995128,36361.710719712406,8.114823285879394,781444.3967220964
239,"plate",765,766,793,0.0000027063293749999955,1,1879.444440099819,6.300826417593779,427896.6557499645
240,"plate",826,792,793,0.0000027063293750000044,1,3926.4300042028885,8.361888934012175,754213.1404764558
241,"plate",792,765,793,0.0000027063293749999955,0.9999999999999998,4210.8311946808635,8.932110366545889,860332.5988373362
242,"plate",440,441,479,0.0000027063293750000023,1.0000000000000002,20606.432233578187,10.9943723056524,1325996.7772588546
243,"plate",480,518,479,0.0000027063293750000044,0.9999999999999998,23209.87702904461,11.343574042009283,1416590.9386508383
244,"plate",441,480,479,0.0000027063293750000023,1.0000000000000002,23217.38965501871,11.305928202551572,1406752.3166217976
245,"padR",492,46,529,0.0000019325942187499426,0.8137192700216038,35620.607378967,1.1163162736885412,99692.96183214961
246,"padR",46,47,529,0.000003124999999999936,0.9897302364751506,35354.58148502075,1.108495961359114,98301.06370795732
247,"padR",47,569,529,0.000001917564531249939,0.8066013663634727,35120.10110155464,1.1005061441911872,96889.10187220432
248,"plate",921,156,959,0.0000017382885937499543,0.7151051131452754,34746.44087837876,7.685553453566522,700023.1638441118
249,"plate",958,920,959,0.0000027063293750000044,0.9999999999999998,33465.15250204341,7.95733209491711,742600.3725117937
250,"plate",920,921,959,0.0000027063293750000044,1,33468.37762579172,7.659734653077049,691731.0820576817
251,"plate",252,291,290,0.0000027063293750000023,1.0000000000000002,28290.045038012384,9.38291767484752,992305.9532625977
252,"plate",748,774,747,0.0000027063293750000044,0.9999999999999998,23309.35812293188,6.004756507343683,417534.0682567895
253,"plate",774,773,747,0.0000027063293750000044,1,23793.131218441948,6.370975336506267,468196.22563964507
254,"padL",104,1117,103,0.000003282271562500032,0.9816710084322948,38143.69510252927,1.1972145602791489,114665.81626755167
255,"padR",1155,1115,1116,0.0000027063293750000044,1,37732.927331183695,1.1930965825792423,113878.35642898134
256,"padR",1156,1155,1116,0.0000027063293750000044,1,37974.088124402355,1.1964259900398242,114514.81197142188
257,"plate",983,1021,982,0.0000027063293750000044,0.9999999999999998,381.8136621194426,9.978497351516921,1072675.6966174303
258,"plate",894,855,856,0.0000027063293749999917,1,28637.34212603921,8.247578778117823,776948.235377161
259,"plate",855,817,856,0.0000027063293749999917,1,28809.418995936772,8.328917662346237,793164.153897474
260,"plate",817,818,856,0.0000027063293749999917,1,27402.621311828752,8.055005642204232,739292.4593506333
261,"plate",818,857,856,0.0000027063293749999917,0.9999999999999998,28768.97163799799,9.013953040119684,921494.0228910401
262,"padL",686,710,709,0.0000027063293749999964,1,31094.386954770143,0.9897829930851569,78373.62987204894
263,"padL",732,708,709,0.000002706329374999994,0.9999999999999998,31950.86258949821,1.0105101064210555,81690.45401432744
264,"padL",572,532,533,0.0000027063293750000006,1,34086.74907874977,1.087201498758597,94560.56791223516
265,"padL",134,135,533,0.0000015625000000000007,0.8496600785692074,34005.31697971704,1.0896968598049779,94995.13970150637
266,"padL",135,572,533,0.0000023512648437500027,0.9618858771253137,33195.00179666229,1.060963632871721,90051.50642210878
267,"plate",282,244,283,0.0000027063293750000023,1.0000000000000002,7302.90850192997,10.408559123673001,1170118.0727601885
268,"plate",321,282,283,0.0000027063293750000023,1.0000000000000002,7307.937990356271,10.40887573086088,1170181.3937887088
269,"plate",465,427,466,0.0000027063293750000023,1.0000000000000002,23217.389655044295,11.30592820259257,1406752.3166317937
270,"plate",504,465,466,0.0000027063293750000044,1,23209.87702907908,11.343574042048527,1416590.9386604263
271,"plate",536,498,537,0.000002706329375,1,29593.55937668165,7.651929027605441,677778.9976062604
272,"padR",1156,1116,62,0.0000028370289062499316,0.9955699827671889,37860.479292119846,1.1883340761262577,112971.03011862772
273,"plate",444,405,406,0.0000027063293750000023,1.0000000000000002,27790.47061407378,9.563151835220618,1028061.9964320074
274,"plate",405,367,406,0.000002706329375000003,1,27758.414914347868,9.528096224035323,1020103.555613134
275,"plate",445,444,406,0.0000027063293750000023,1.0000000000000002,28648.481148159924,9.28698021062006,973782.9954859104
276,"plate",367,368,406,0.000002706329375000003,1,28454.036616084937,9.381756456158085,992900.9602160291
277,"padR",450,490,489,0.0000027063293750000023,1.0000000000000002,35679.63286612203,1.1392590323469958,103832.89142273706
278,"plate",154,1036,998,0.00000215695921874996,0.9062863255276589,36281.16994969922,8.070748297059454,771587.8721481547
279,"plate",201,200,771,0.0000017657606441829132,0.8717143999822373,31690.880483067478,10.137912733642684,1164186.4874320955
280,"plate",772,800,771,0.0000027063293749999955,0.9999999999999998,23646.52371423094,7.072261012640921,568797.0273868681
281,"plate",712,713,735,0.0000027063293749999917,1,26196.72279071327,6.232826333682683,455232.70011125086
282,"plate",734,712,735,0.000002706329374999994,1,27746.243487647076,6.4520974553808115,489792.39115276246
283,"padR",52,53,730,0.0000015624999999999291,0.8631845582286625,32766.803170370986,1.025134326774461,84072.0310345062
284,"padR",706,52,730,0.00000222405265624994,0.9282592116316313,32695.638457453093,1.0238871408079553,83867.59016895118
285,"plate",852,853,891,0.000002706329374999994,1,31798.660215290594,7.4905898216582365,658522.5426568482
286,"plate",890,852,891,0.0000027063293749999917,1,33452.21113102483,7.663462076536418,692598.9667071134
287,"plate",522,561,560,0.000002706329375,1,28192.499804955532,8.398352097069864,802618.6280483977
288,"plate",762,761,737,0.0000027063293750000006,0.9999999999999998,23793.131218481114,6.370975336529577,468196.22564302763
289,"plate",92,1129,91,0.0000032822715625000276,0.9816710084322945,21554.60330575405,10.076502356203465,1119654.268755219
290,"plate",800,772,801,0.0000027063293749999955,0.9999999999999998,26265.960377237756,7.8460630611559194,701582.2133723516
291,"plate",772,773,801,0.0000027063293749999955,1,23023.509881072743,6.496662807388135,483041.6575093895
292,"plate",821,181,822,0.000001700427891747973,0.896958223574831,31221.639050424856,14.682228363455343,2378837.7962011695
293,"plate",330,292,331,0.0000027063293750000023,1.0000000000000002,30983.7974553248,8.964390170263071,917926.8706345755
294,"plate",369,330,331,0.0000027063293750000023,1.0000000000000002,30985.21113454198,8.973051947504718,919891.7854654371
295,"plate",370,369,331,0.0000027063293750000023,1.0000000000000002,31686.39171002299,8.773540105847387,883662.5055950213
296,"plate",625,594,595,0.0000027063293750000044,1,33505.57814779478,12.206711414178416,1669254.3522191162
297,"plate",626,625,595,0.0000027063293750000044,1,28826.266672582944,9.57748160381948,1033031.0330449655
298,"plate",855,893,854,0.0000027063293749999955,0.9999999999999998,29379.938565724144,7.87577982066965,714611.1934103988
299,"plate",816,855,854,0.0000027063293749999955,1,29419.01045669384,7.909053085090912,721245.3355684592
300,"plate",286,324,285,0.0000027063293750000023,1.0000000000000002,16196.52536923996,10.381716171245714,1175759.736775031
301,"padL",1080,1117,106,0.0000028370289062499892,0.9955699827671888,37860.47929223332,1.188334076131362,112971.03011959823
302,"padL",1040,1080,106,0.000002575629843750006,0.9951225755370726,37858.1253100397,1.188071069333839,112921.02926304413
303,"plate",640,665,664,0.0000027063293750000006,1,28629.661014208352,6.46477186538889,493805.5819349553
304,"plate",992,953,954,0.0000027063293749999955,1,27591.161170547603,9.788205244499547,1073616.5519053407
305,"plate",953,915,954,0.0000027063293750000044,0.9999999999999998,27744.430788376,9.883614948082071,1095424.7669582933
306,"padR",808,780,781,0.0000027063293749999955,1,33084.35155997608,1.0398594195502104,86504.60899418405
307,"padR",54,55,781,0.0000015624999999999334,0.8292527579044247,33297.24642620422,1.0420057332965071,86862.07585782332
308,"padR",55,808,781,0.000002463447343749946,0.9826108482949653,33680.77373863267,1.0554411783589515,89116.48647805856
309,"plate",462,423,424,0.0000027063293749999985,1,28727.00243091918,9.341042044678964,985737.6541259467
310,"plate",386,425,424,0.0000027063293749999985,1.0000000000000002,27281.72246297199,9.762896042448698,1067435.2462539228
311,"plate",764,183,791,0.000002182704640603008,0.947005979062612,28811.309313133308,9.238897865970538,964011.6858562453
312,"plate",183,182,791,0.000002233364164114428,0.8527967171401898,36840.12538386359,13.088840987157237,1923357.0818756202
313,"plate",182,820,791,0.0000033065843849625372,0.9778961404755323,32075.681760865355,11.394787951689214,1453902.0797411355
314,"plate",610,574,611,0.0000027063293750000006,1,28575.288193608758,6.8596460304454645,550560.2273343665
315,"padL",143,812,142,0.0000015624999999999984,0.6808745925822764,33157.82077984242,1.0656989033045234,90857.13220035713
316,"plate",813,143,142,0.0000015624999999999963,0.680874592582276,32615.269816406326,7.119538239997225,603189.4320311872
317,"plate",648,620,621,0.000002706329375,1,175.51327031524852,6.38695206940659,439440.74609025696
318,"plate",620,587,621,0.0000027063293750000044,0.9999999999999998,140.11497314507142,6.38695206940659,439442.00581337424
319,"plate",649,648,621,0.000002706329375,1,358.8803911784711,5.195571049802164,290795.66852592234
320,"plate",587,588,621,0.0000027063293750000044,1,830.7301642323084,7.583446227922047,619546.5146785119
321,"plate",843,842,804,0.0000027063293750000044,1,30006.20837967371,7.263892698843263,617067.3647697156
322,"plate",842,803,804,0.0000027063293750000044,1,28134.417000174002,6.960545185430217,564286.5879666766
323,"plate",283,244,245,0.0000027063293750000023,1.0000000000000002,8791.634482121824,10.416540953369367,1173241.833663905
324,"plate",272,233,234,0.0000027063293750000023,1.0000000000000002,22808.939335691328,9.98347986343634,1102605.7141167913
325,"plate",233,12,234,0.0000013531646875000012,0.7999999979024508,22821.88460955218,9.982353064138447,1102327.7894304856
326,"padL",2,224,223,0.0000013531646875,0.7999999979024509,37984.35071447088,1.2056765131968208,116292.46835795548
327,"plate",81,1140,80,0.000003282271562500023,0.9816710084322944,10268.312707401828,10.418178074709134,1175191.2040509353
328,"padL",378,417,377,0.000002706329375,0.9999999999999998,36875.04597587206,1.1700332070442274,109518.216446896
329,"padL",340,378,377,0.0000027063293750000015,1,36869.51907921556,1.169772448645775,109469.40652885858
330,"padL",572,135,608,0.0000030613939062500024,0.9704658179824213,33211.70027523732,1.0614422046902419,90132.7643118145
331,"padL",135,136,608,0.0000015625000000000007,0.640567738129112,31963.797055533567,1.0260037029461804,84214.68787674191
332,"plate",725,724,702,0.000002706329375,1,26150.81479242399,6.2243694015439335,454053.1657185773
333,"plate",703,725,702,0.000002706329375,1,27199.904473027065,6.311771265258492,468807.19283082004
334,"plate",678,703,702,0.000002706329375,1,27214.755514743483,6.314337793345485,469164.71493271313
335,"plate",724,701,702,0.000002706329375,1,24804.422236417966,6.054179045307532,427906.92647091
336,"plate",518,480,519,0.0000027063293750000044,0.9999999999999998,26157.078101968145,11.618125921601116,1491570.502358594
337,"plate",557,518,519,0.000002706329375,1,26347.579056744788,11.772266532709471,1532458.3917663887
338,"plate",1051,1050,1012,0.0000027063293750000044,1,25542.655279186572,9.852825029967907,1082070.3077697472
339,"plate",1052,1051,1013,0.0000027063293750000044,1,23297.65882491244,10.133924300245198,1136602.0048480812
340,"plate",1051,1012,1013,0.0000027063293750000044,1,24852.467834249823,10.07951114762187,1128462.3889410077
341,"plate",1012,974,1013,0.0000027063293750000044,0.9999999999999998,24853.454756998493,10.1042424100652,1134342.3096749291
342,"plate",789,762,763,0.0000027063293749999917,0.9999999999999998,23023.509881110473,6.496662807409328,483041.65751249064
343,"plate",689,688,666,0.0000027063293749999964,1,24847.443603263,6.063000256092292,429117.75380196056
344,"plate",688,665,666,0.0000027063293749999964,1.0000000000000002,26511.61444832381,6.31923047208847,467934.2112281452
345,"padR",806,845,159,0.000002949211406250054,0.9854332914955165,32434.901529266786,1.035801956986927,85830.85552783583
346,"padR",845,158,159,0.000001562500000000072,0.6808745925822952,33157.82077975205,1.0656989033004445,90857.13219966162
347,"plate",832,798,206,0.0000033065843849624996,0.977896140475535,8066.703751750613,10.960568186854697,1298192.1004167635
348,"plate",508,507,469,0.0000027063293750000044,1,9953.924706076337,10.85533211426264,1275171.0902953972
349,"plate",507,468,469,0.0000027063293750000044,1,12180.764247349252,11.05374829814308,1324392.910260259
350,"plate",724,748,723,0.0000027063293749999955,0.9999999999999998,23583.778398072776,5.901696960252663,405051.25477308955
351,"plate",701,724,723,0.000002706329375,1,23461.209115092104,5.8748983685124685,401459.34712398285
352,"plate",722,700,723,0.000002706329375,1,19963.52230154449,5.243961199696956,317770.62376349006
353,"plate",747,722,723,0.0000027063293749999955,1,20309.240171551042,5.329461272645389,328115.2802583641
354,"plate",700,701,723,0.000002706329375,1,21709.8192907588,5.565876925329718,359118.8161061536
355,"plate",748,747,723,0.0000027063293749999955,1,22953.50877753599,5.924237587297426,406645.6413965377
356,"plate",762,737,738,0.0000027063293750000006,1,20760.77654152807,5.617544362916638,363023.3808778963
357,"plate",763,762,738,0.0000027063293750000006,0.9999999999999998,22444.095384256347,6.350594231876494,462248.08139261627
358,"padL",661,638,662,0.0000027063293750000023,0.9999999999999998,32103.68859084993,1.0153543312110247,82475.55343271898
359,"plate",734,735,759,0.0000027063293750000023,1,27801.507362933524,6.460809951151025,491007.00190836826
360,"plate",758,734,759,0.0000027063293750000006,1,29510.345699362042,6.685553137745316,528012.0610157496
361,"plate",735,760,759,0.0000027063293750000006,1,27674.442061198693,6.629434016000997,514706.29765590833
362,"plate",576,613,612,0.0000027063293750000006,1,25661.914635310954,6.91490743268314,550380.3210930233
363,"plate",642,611,612,0.000002706329375,1,26851.630434597813,6.840347759865297,543240.9352102906
364,"plate",934,896,935,0.0000027063293750000006,1,27744.430788389527,9.883614948111004,1095424.7669645692
365,"plate",614,577,578,0.0000027063293750000006,1,27733.295105254503,8.447973575729725,811776.5091570118
366,"plate",615,614,578,0.0000027063293750000006,0.9999999999999998,25917.12045388715,7.93147108016102,713644.0824075001
367,"plate",540,579,578,0.0000027063293750000006,0.9999999999999998,28287.128374433723,9.319353071195804,978611.5645548841
368,"plate",579,615,578,0.0000027063293750000006,1,29849.33128358029,9.874063102064238,1100797.8647673435
369,"padR",46,492,45,0.0000015624999999999313,0.851814059106769,36009.2245095846,1.1277577835996835,101747.00947757364
370,"padR",492,452,45,0.0000023362351562499414,0.9584723839534693,36466.857996860235,1.1436910816335992,104642.34321665858
371,"plate",94,1126,1127,0.000003282271562500027,0.9816710084322947,27288.26904971271,9.514163934416791,1016084.3571158625
372,"plate",652,653,675,0.0000027063293750000044,1,22098.977632387632,6.056524172529337,421930.1137367701
373,"plate",880,842,881,0.0000027063293749999955,0.9999999999999998,30458.462653087438,7.654954273335212,681629.9913270854
374,"plate",919,880,881,0.0000027063293749999955,1,30470.3363442178,7.642558033917853,679018.2520019924
375,"plate",842,843,881,0.0000027063293749999955,1,30048.800790976235,7.262273061527499,616475.4528867981
376,"plate",920,919,881,0.0000027063293749999955,1,32013.854454905253,7.829446779193784,715814.8822815438
377,"plate",694,670,671,0.000002706329375,1,422.50305713033947,3.842795312142898,159082.11571949735
378,"plate",648,672,671,0.0000027063293750000044,1,55.08022955013439,4.136353044434401,184306.11168542274
379,"padR",489,490,527,0.0000027063293750000044,1,35691.641515276395,1.139801055052103,103931.71560783095
380,"plate",221,698,198,0.0000012830046039396487,0.7901717633753319,10211.48910390918,2.908469676364479,96831.4265007276
381,"plate",380,132,131,0.0000015624999999999994,0.6351622422070947,36599.82842876293,8.037021014398906,768027.7759223514
382,"padL",132,379,131,0.0000015625000000000018,0.6351622422070953,36992.00233964302,1.1940005516876755,114050.98539443788
383,"padL",379,130,131,0.0000015625000000000018,0.7480569904844642,36904.589162144024,1.188747733854993,113049.69397963051
384,"plate",130,380,131,0.0000015624999999999994,0.7480569904844635,36609.97776797496,8.040844146202472,768698.636099512
385,"padL",453,122,123,0.0000015625000000000016,0.8518140591067873,36009.22450968501,1.12775778360907,101747.00947926736
386,"plate",983,984,1022,0.0000027063293750000044,1,2733.1718641308607,10.043017001415555,1087009.4342977372
387,"plate",1021,983,1022,0.0000027063293750000044,0.9999999999999998,1456.059247965112,10.16714126370941,1113727.7123908666
388,"plate",625,626,219,0.000001128590274151335,0.5755042187662092,33868.77454906444,11.492209496942797,1488814.018100449
389,"plate",626,220,219,0.00000286941627089174,0.9651728893182369,31640.66700239015,10.09837985625115,1153936.1347093757
390,"plate",90,91,1130,0.000003282271562500032,0.9816710084322948,18923.20733348951,10.235929536837668,1148678.949536727
391,"plate",91,1129,1130,0.000003282271562500032,0.9816710084322948,20328.985336132384,10.185936448890567,1140691.3535655644
392,"padR",53,54,753,0.0000031249999999999447,0.9864353638732158,32895.92118182336,1.0305212938512147,84957.93096646253
393,"padR",54,781,753,0.0000018053820312499366,0.7506038109191308,33098.0187267956,1.0363000884739006,85913.42986968115
394,"padR",781,780,753,0.0000027063293750000044,1,33080.33208514195,1.0397634096865274,86488.63584983627
395,"padR",730,53,753,0.000002044776718749936,0.8634288828885288,32854.29539959432,1.0287866678427915,84672.16063448593
396,"plate",25,246,24,0.0000013531646874999973,0.7999999979024519,13247.360695540692,10.401594335466603,1175342.7064239418
397,"plate",246,245,24,0.0000013531646875000012,0.7999999979024509,11776.9711431529,10.416541618607233,1176645.4162394195
398,"plate",853,852,814,0.000002706329374999994,1,31776.397882259556,7.494611260013506,659491.1654097233
399,"plate",852,813,814,0.0000027063293749999917,1,31491.223250761213,7.178309356088072,608042.074338319
400,"plate",401,400,362,0.000002706329375000003,1,15220.666823869165,10.753703000337843,1258757.999727732
401,"plate",400,361,362,0.000002706329375000003,1,13434.587101894984,10.574193612161674,1214629.6686756937
402,"plate",761,760,736,0.0000027063293750000044,1,25722.31302467974,6.514026001865405,492997.4353848124
403,"plate",713,714,736,0.0000027063293749999955,1,23583.77839811942,5.901696960277305,405051.2547764395
404,"plate",760,735,736,0.0000027063293750000006,1,25713.449167899882,6.292766373074602,461981.3943726149
405,"plate",735,713,736,0.0000027063293749999917,1,25566.932224121905,6.264417115674524,457997.1252521664
406,"plate",714,737,736,0.0000027063293749999955,1,22953.50877758165,5.924237587320586,406645.64139968174
407,"plate",737,761,736,0.0000027063293750000044,0.9999999999999998,23309.35812297709,6.004756507366898,417534.06825998187
408,"plate",371,370,332,0.0000027063293750000023,1.0000000000000002,33273.18211861473,8.537648103820514,844996.3327690755
409,"plate",370,331,332,0.0000027063293750000023,1.0000000000000002,32658.782925253014,8.729539769869154,878943.6772922801
410,"plate",238,16,17,0.0000013531646874999973,0.799999997902452,10298.726832999144,10.41813845310662,1175180.5017829777
411,"padL",888,927,887,0.0000027063293750000023,0.9999999999999998,35248.811070980126,1.1170197108221485,99818.6427492157
412,"padL",886,849,887,0.000002706329374999993,1,35421.18505108054,1.1144997189433496,99368.76988198442
413,"plate",893,932,931,0.0000027063293750000044,1,30875.045091985114,8.442147475525863,819939.8084012164
414,"padR",753,780,752,0.0000027063293750000044,0.9999999999999998,32477.738404070522,1.0241144939594073,83904.83973901864
415,"padL",1003,1040,107,0.0000016931995312499842,0.6906109778241504,37437.90303921722,1.1736651062566965,110199.1825315634
416,"padL",1040,106,107,0.0000015624999999999927,0.8020705700332706,37602.052357423236,1.1782697638719242,111065.570916384
417,"plate",627,626,596,0.0000027063293750000044,1,25917.120453842967,7.931471080135752,713644.0824030455
418,"plate",626,595,596,0.0000027063293750000044,1,29849.331283539934,9.87406310203939,1100797.864761953
419,"plate",148,1006,1044,0.0000016931995312499834,0.6906109778241506,36791.02652769834,8.15759691338282,788166.0401190218
420,"plate",1006,1045,1044,0.0000027063293750000006,1,35917.70613464756,8.291324297040559,809680.3420854197
421,"plate",875,874,836,0.0000027063293749999955,1,28268.194810692727,12.46536844811926,1719897.0349264329
422,"plate",202,837,836,0.000002824307644925053,0.974219010995914,33083.79377992448,13.123246484269336,1917958.4481803621
423,"plate",837,875,836,0.0000027063293749999955,0.9999999999999998,30877.340520929592,12.132922291393553,1637157.0093521297
424,"plate",678,702,677,0.000002706329375,1,26511.614448258428,6.31923047205986,467934.21122393914
425,"plate",702,701,677,0.000002706329375,1,24847.44360320231,6.063000256065478,429117.75379819697
426,"plate",1024,985,986,0.0000027063293750000044,1,8641.269168564697,10.480049768169627,1187436.1705452988
427,"plate",985,947,986,0.0000027063293749999955,0.9999999999999998,8698.234798723417,10.497512317866196,1191312.844047019
428,"plate",510,548,509,0.000002706329375,1,3620.3417841505448,9.502947640752625,973530.685935239
429,"plate",471,510,509,0.0000027063293750000044,1,3532.591834406186,9.453147261815708,963410.9710611003
430,"padR",884,923,883,0.0000027063293749999955,0.9999999999999998,34446.797359472184,1.094934159335338,95910.46506235069
431,"padR",846,884,883,0.0000027063293749999955,1,34442.28610109561,1.0949047115623107,95905.30619210775
432,"padR",845,846,883,0.0000027063293749999955,1,33487.68016795385,1.0682758765173619,91297.06786791502
433,"plate",216,555,556,0.0000032462003125000012,0.9836826759763798,23830.702358084058,13.724503954063318,2061056.4374600446
434,"plate",518,557,556,0.000002706329375,1,27713.341994324477,13.059958795353973,1879493.3178835548
435,"plate",202,836,203,0.0000021150452470650873,0.9732427225647768,37368.73436189536,15.625350879095937,2707825.950602053
436,"plate",330,368,329,0.0000027063293750000023,1.0000000000000002,29259.185624862166,9.244582814839417,967746.1348101458
437,"plate",291,330,329,0.0000027063293750000023,1.0000000000000002,29257.19143841639,9.233707737685439,965264.8197860024
438,"plate",367,328,329,0.0000027063293750000023,1.0000000000000002,27410.677529608816,9.531413526055548,1020205.5882124947
439,"plate",328,290,329,0.0000027063293750000023,1.0000000000000002,27411.292315880994,9.519767729688624,1017509.6878248169
440,"plate",290,291,329,0.0000027063293750000023,1.0000000000000002,28288.538403776744,9.388879308533006,993686.8633010321
441,"plate",368,367,329,0.0000027063293750000023,1.0000000000000002,28443.405517767307,9.361948708019616,988403.6194554376
442,"plate",656,164,679,0.0000026427232812499478,0.9988699332866738,30047.777737655993,6.632873887709407,522134.70213358244
443,"plate",164,163,679,0.0000015624999999999378,0.7831441071552121,29710.030101262855,6.486218389323486,500866.55194179533
444,"plate",678,656,679,0.0000027063293750000044,0.9999999999999998,28629.661014125166,6.464771865359094,493805.5819304258
445,"plate",163,703,679,0.0000016261060937499413,0.6534635608431598,29560.675386051662,6.46935248462901,496788.3864353366
446,"plate",703,678,679,0.000002706329375,1,28599.84966250317,6.460997425365531,493294.8618405519
447,"padL",570,605,120,0.00000306139390625,0.9704658179824216,34156.55129019703,1.0708650172416463,91740.1508121561
448,"padL",530,570,120,0.000002351264843750004,0.9618858771253141,34208.856195879496,1.0720633329636213,91945.58319080548
449,"padL",530,120,121,0.0000015625000000000037,0.8496600785692059,34776.866582245566,1.0887870496040932,94836.5791508469
450,"padL",1003,107,108,0.000003125000000000003,0.9774423572995126,37188.520079728914,1.1666841019381025,108892.14349720934
451,"plate",560,596,559,0.0000027063293750000044,0.9999999999999998,28932.77815070892,9.414752148394227,1001875.4110720368
452,"plate",596,595,559,0.0000027063293750000044,1,28287.128374400258,9.31935307117417,978611.5645504753
453,"plate",1070,1108,1069,0.0000027063293749999955,0.9999999999999998,27511.265872700627,9.524347968279496,1018707.666460863
454,"padR",960,156,922,0.0000017382885937500747,0.7151051131452895,35509.19242956045,1.1384997582403753,103694.53596107144
455,"padR",923,960,922,0.0000027063293750000044,0.9999999999999998,35134.61191157686,1.1212882119914216,100582.98034807354
456,"padR",883,923,922,0.0000027063293749999955,1,35138.64551428374,1.1215606890970689,100631.87034623136
457,"plate",313,312,274,0.0000027063293750000023,1.0000000000000002,17785.10706572133,10.411363005417059,1185356.1029623721
458,"plate",903,864,865,0.0000027063293749999955,1,5977.552876356208,9.83364831495224,1043843.1000509812
459,"plate",864,826,865,0.0000027063293749999955,0.9999999999999998,6236.980595498844,10.049108861126035,1089873.6086681993
460,"plate",904,903,865,0.0000027063293749999955,1,5129.272068202287,9.888906263042326,1054864.4236427732
461,"plate",148,1044,149,0.000001562499999999992,0.8020705700332705,37100.82944123593,8.193243496017248,798014.1293647758
462,"plate",910,949,948,0.0000027063293750000044,1,14028.626779548706,11.152464657095864,1350751.901087632
463,"plate",986,947,948,0.0000027063293749999955,1,10213.188248136823,10.711802716997976,1242039.484891135
464,"plate",246,285,284,0.0000027063293750000023,1.0000000000000002,13261.463031200254,10.430009399530274,1181772.2383480389
465,"plate",245,246,284,0.0000027063293750000023,1.0000000000000002,11754.862074615525,10.416552056587175,1176645.4291990495
466,"plate",283,245,284,0.0000027063293750000023,1.0000000000000002,10277.22413269643,10.432723192294759,1178467.7140413786
467,"plate",184,764,739,0.0000017993701931209786,0.8649747141286447,21514.153218559793,6.406614229102189,467111.2953182525
468,"plate",185,184,739,0.000001970695003964289,0.9422623372231916,21634.502187884955,6.417182480017476,469728.17143045267
469,"plate",764,763,739,0.0000027063293750000006,0.9999999999999998,23583.678279889355,7.0334779485189465,563880.4580586159
470,"plate",716,185,739,0.0000021827046516222096,0.8958316422276262,13022.233311618002,3.6998021098724467,156619.87080663393
471,"plate",738,716,739,0.0000027063293749999917,1,16504.954179701315,4.678224311098189,250746.15295727242
472,"plate",763,738,739,0.0000027063293750000006,1,18922.755110676233,5.3670278557869215,329527.84394552675
473,"padR",806,159,778,0.000002463447343750066,0.9826108482949659,32291.704965825957,1.0310872918511493,85051.28027335498
474,"padR",159,160,778,0.0000015625000000000765,0.8292527579044625,31602.04197698153,1.0103825427445745,81669.83061463936
475,"plate",524,562,523,0.000002706329375,1,30065.074190556166,8.137325684070033,762817.7555695634
476,"plate",485,524,523,0.0000027063293750000044,1,30017.096376889924,8.10252804385079,755754.2769327138
477,"plate",561,522,523,0.000002706329375,1,29309.543269680107,8.553250691860447,835548.4337411643
478,"plate",562,561,523,0.000002706329375,1,28668.85874931313,7.932467541632204,722060.0210246128
479,"plate",1046,1008,1047,0.0000027063293750000044,0.9999999999999998,32535.117106742706,8.68269434900566,869755.3635034086
480,"plate",98,1123,97,0.0000032822715625000182,0.981671008432294,33712.42347529458,8.694478816101022,875904.5767757158
481,"plate",352,314,353,0.0000027063293750000023,1.0000000000000002,13425.691333087605,10.573393313034575,1214469.5080475938
482,"plate",354,392,353,0.000002706329375000003,1,10312.898777016411,10.50398124382566,1194540.016467981
483,"plate",798,797,770,0.0000027063293749999955,1,4210.8311947494385,8.932110366527725,860332.598833869
484,"plate",797,769,770,0.0000027063293749999955,1,1879.444440147279,6.300826417581134,427896.6557482588
485,"plate",1019,1057,1018,0.0000027063293750000044,0.9999999999999998,7188.154087826824,10.384572411679356,1164668.4745799664
486,"plate",588,551,589,0.0000027063293750000044,0.9999999999999998,2472.967232063517,8.029799286808187,694971.9133474748
487,"plate",551,552,589,0.0000027063293750000044,1,4496.685187600127,9.392989142268119,951479.8702853596
488,"plate",552,590,589,0.0000027063293750000044,1,4834.859940879261,9.067999925473961,887251.8189238366
489,"plate",1018,1017,979,0.0000027063293750000044,1,10326.919379354966,10.547652207297022,1204443.3652429667
490,"plate",941,979,940,0.0000027063293749999955,0.9999999999999998,10213.188248066068,10.711802717014157,1242039.4848947995
491,"plate",427,388,389,0.0000027063293750000023,1.0000000000000002,21347.972656780003,10.590102035383733,1233698.967755948
492,"plate",388,350,389,0.000002706329375000003,1,21369.42682114534,10.580000872875626,1231146.9523134378
493,"padR",298,42,338,0.0000016110764062499409,0.6450561765686958,37902.431715273044,1.1882667515648795,112958.22982996408
494,"plate",4,5,226,0.0000013531646874999992,0.7999999979024515,37307.43617484438,8.36440623871941,828402.354188681
495,"plate",931,932,970,0.0000027063293749999955,1,30838.517304595654,8.413328233575358,813878.889865114
496,"padL",710,686,139,0.000002224052656249999,0.9282592116316334,30326.224915262206,0.9686717725136065,75066.00022917218
497,"padL",686,138,139,0.000003125000000000003,0.9694610275799537,30643.474756552067,0.9783353630180984,76571.20660254035
498,"padL",140,710,139,0.0000015624999999999984,0.8631845582286816,30582.83461653302,0.9777067636688874,76472.84125791118
499,"plate",372,371,333,0.0000027063293750000023,1.0000000000000002,34917.886995922505,8.344643107227743,815635.0120728664
500,"plate",371,332,333,0.0000027063293750000023,1.0000000000000002,34344.88495266183,8.52053091207493,845846.5327754804
501,"padR",164,633,657,0.000002769935468750057,0.9989217770250797,31455.7531659668,1.003691879693392,80591.79114899637
502,"padR",680,164,657,0.000002642723281250068,0.9988699332866738,31376.800036901055,1.0010876180466093,80174.11352049871
503,"padR",633,634,657,0.000002706329375,1,32412.25147264215,1.0332870286276281,85414.56668240903
504,"padR",634,658,657,0.000002706329375,1,32170.223633129997,1.0209417705305253,83385.76790512029
505,"plate",190,581,191,8.782808174924322e-7,0.47625541771469354,37610.161172646374,15.744793148729942,2745720.2254453236
506,"plate",594,557,558,0.0000027063293750000044,1,30112.882264534444,12.2245158989251,1661946.8240531438
507,"plate",557,519,558,0.000002706329375,1,29059.07636147907,11.713729315830165,1523904.2658572095
508,"plate",519,520,558,0.000002706329375,1,28003.868317714037,10.930441569280115,1331537.5930684633
509,"plate",595,594,558,0.0000027063293750000044,1,30545.465431887467,11.121843575297993,1382541.8528918508
510,"plate",520,559,558,0.000002706329375,1,28752.974505266076,10.265240467520528,1179804.9359954272
511,"plate",559,595,558,0.0000027063293750000044,0.9999999999999998,29837.500053929627,10.712089818509776,1286710.0444833238
512,"plate",795,828,794,0.0000027063293750000044,0.9999999999999998,620.6941484789799,6.7662416795702605,493209.22386013815
513,"plate",793,766,794,0.0000027063293749999955,0.9999999999999998,2076.4871208655545,7.343545421175045,581136.5723733817
514,"plate",813,142,785,0.0000029492114062499896,0.9854332914955161,31107.42745560192,6.887359780098596,562699.910218448
515,"plate",142,758,785,0.0000024634473437500022,0.9826108482949655,31158.112486363203,6.8862424738214605,562623.0323780794
516,"plate",814,813,785,0.0000027063293750000006,1,31465.218462558492,7.178600035189476,608273.320127995
517,"plate",758,759,785,0.0000027063293749999917,1,29551.67269942489,6.689567192633588,528522.847480978
518,"plate",1034,1072,1033,0.0000027063293750000044,0.9999999999999998,31540.842735435654,8.708375272890006,870850.483275812
519,"plate",1032,994,1033,0.0000027063293750000044,0.9999999999999998,30077.18235294397,9.027342201563568,927642.9443106535
520,"plate",921,920,882,0.0000027063293749999955,1,33452.211130945536,7.663462076508075,692598.9667020234
521,"plate",920,881,882,0.0000027063293749999955,1,31798.660215219938,7.490589821630371,658522.5426519868
522,"plate",881,843,882,0.0000027063293749999955,0.9999999999999998,31776.39788218914,7.494611259985614,659491.165404852
523,"plate",153,152,1075,0.0000015624999999999247,0.802070570033252,37100.829441135036,8.19324349598769,798014.1293590402
524,"plate",1074,1036,1075,0.0000027063293750000044,0.9999999999999998,35917.706134562795,8.291324297010958,809680.3420796794
525,"plate",1036,153,1075,0.0000016931995312499258,0.6906109778241429,36791.02652760176,8.157596913353368,788166.0401133598
526,"plate",541,502,503,0.000002706329375,1,28003.868317718,10.93044156930316,1331537.5930738805
527,"plate",542,541,503,0.000002706329375,1,29059.07636149706,11.713729315861917,1523904.265865247
528,"plate",465,504,503,0.0000027063293750000044,1,26157.078101961702,11.61812592163674,1491570.5023675195
529,"plate",504,542,503,0.000002706329375,1,26347.57905673725,11.772266532742231,1532458.3917746919
530,"padR",529,569,568,0.000002706329375,1,34603.03052706338,1.0883241299003161,94755.95293786241
531,"plate",690,689,667,0.000002706329375,1,21827.97475640963,5.593634259693368,362659.80024341587
532,"plate",668,690,667,0.0000027063293749999964,1.0000000000000002,20898.470852289003,5.516880907269793,351581.5852249657
533,"plate",689,666,667,0.000002706329375,1,23999.789533829706,6.0264884129920855,422349.79380052927
534,"plate",666,642,667,0.0000027063293750000044,0.9999999999999998,24213.01333322572,6.0720699173828825,428594.50895192433
535,"padR",682,706,705,0.000002706329375,1,32229.263089954537,1.0161558009163174,82605.8089388706
536,"padR",728,704,705,0.000002706329375,1,31542.25620410328,1.0006099584810748,80097.62312091986
537,"plate",890,891,929,0.0000027063293750000006,1,33468.37762587089,7.6597346531054145,691731.0820627713
538,"plate",1132,1093,1094,0.0000027063293750000044,1,13303.45509995066,10.464584553713001,1189622.0548795362
539,"plate",828,829,867,0.0000027063293749999955,1,216.66577317751944,7.796237769801081,654774.7221235321
540,"plate",244,22,23,0.0000013531646875000012,0.7999999979024509,7351.836286041015,10.408982159847154,1170218.2682755191
541,"plate",245,244,23,0.0000013531646875000012,0.7999999979024509,8820.676354404595,10.416480617098392,1173231.3275266537
542,"plate",24,245,23,0.0000013531646875000012,0.7999999979024508,10298.726790442506,10.418138453091933,1175180.5017634688
543,"plate",86,1134,1135,0.000003282271562500032,0.9816710084322948,5831.107415816867,10.396061646062897,1166239.2717379213
544,"plate",248,286,247,0.0000027063293750000023,1.0000000000000002,17553.959297903693,10.301262340614553,1160369.1007361112
545,"plate",26,248,247,0.000001353164687500001,0.7999999979024506,17570.579535222038,10.301080758165423,1160319.3432562647
546,"plate",246,25,247,0.0000013531646875000012,0.7999999979024508,14712.905331392714,10.382470166174114,1173340.5553976335
547,"plate",285,246,247,0.0000027063293750000023,1.0000000000000002,14694.289744568208,10.382477187029291,1173343.6547871782
548,"plate",25,26,247,0.0000013531646874999973,0.7999999979024521,16147.000005843762,10.344158051204495,1167245.3482587673
549,"plate",286,285,247,0.0000027063293750000023,1.0000000000000002,16199.67271932107,10.381537617086751,1175706.9513374178
550,"plate",578,577,539,0.0000027063293750000006,1,27150.728841425,8.235402555828044,770194.9433220803
551,"plate",540,578,539,0.0000027063293750000006,1,28932.778150742546,9.414752148411115,1001875.4110754974
552,"plate",766,765,740,0.0000027063293750000044,1,1886.0073268101569,6.320186480914894,430462.84782293957
553,"plate",765,176,740,0.0000017993701931209807,0.864974714128644,1660.7720047143148,5.581505819377212,335763.2172370009
554,"plate",176,175,740,0.0000019706950039642926,0.942262337223192,1624.2526147421797,5.599621906576994,337891.3226247896
555,"plate",741,766,740,0.0000027063293750000044,0.9999999999999998,753.3251336898367,4.417871445655375,210285.4503344363
556,"plate",328,366,327,0.0000027063293750000023,1.0000000000000002,25371.42995489602,9.814423795340332,1073390.4573264923
557,"plate",326,288,327,0.0000027063293750000023,1.0000000000000002,23101.538938089023,10.06284108135499,1120366.113864634
558,"plate",773,772,746,0.0000027063293750000044,1,22444.095384222648,6.3505942318559,462248.0813896658
559,"plate",722,747,746,0.0000027063293749999955,1,19866.70138978787,5.388284821435999,334299.74179800006
560,"plate",747,773,746,0.0000027063293750000044,0.9999999999999998,20760.776541497937,5.617544362896485,363023.3808753271
561,"plate",424,425,463,0.0000027063293749999985,1,27362.000987514468,9.825753567649468,1081833.5367086064
562,"plate",462,424,463,0.0000027063293749999985,1,28223.08343107693,9.479897603677523,1011408.2269616121
563,"plate",577,576,538,0.0000027063293750000006,1,27093.60540086546,7.650589707222358,669937.3918607428
564,"plate",576,537,538,0.0000027063293750000006,0.9999999999999998,28754.38218457714,7.983309732239573,732043.393949989
565,"plate",500,539,538,0.0000027063293749999964,1.0000000000000002,28192.49980501188,8.398352097087509,802618.6280516679
566,"plate",539,577,538,0.0000027063293750000006,1,28492.30285792837,8.524477520140834,827898.6121612682
567,"plate",1052,1053,1091,0.0000027063293749999955,1,20770.944781510174,10.350397031860716,1178028.2528813828
568,"plate",1130,1129,1091,0.0000027063293750000044,1,20324.70865578996,10.187430232964772,1141067.7226034312
569,"plate",1053,1092,1091,0.0000027063293749999955,1,19126.05024708468,10.325222014790382,1168926.011230125
570,"plate",1092,1130,1091,0.0000027063293750000044,0.9999999999999998,19136.12923317786,10.323536634218739,1168488.2712982034
571,"plate",587,620,586,0.0000027063293750000044,0.9999999999999998,830.7301641565846,7.583446227923798,619546.5146787919
572,"plate",620,619,586,0.0000027063293750000044,1,1127.8795428383175,6.590353882315044,467959.9779227352
573,"plate",585,548,586,0.0000027063293750000044,0.9999999999999998,2472.9672319762876,8.029799286814805,694971.9133485951
574,"plate",619,585,586,0.0000027063293750000044,1,2608.6931012054156,8.166156669978776,718708.7902736564
575,"padL",340,300,301,0.000002706329375,0.9999999999999998,37651.78850900448,1.1949115513685233,114225.0892475145
576,"plate",908,946,907,0.0000027063293750000044,0.9999999999999998,5012.69367307529,9.82041347809037,1040398.8217588267
577,"plate",869,908,907,0.0000027063293749999955,1,5129.272068275014,9.888906263031517,1054864.423640507
578,"plate",946,945,907,0.0000027063293750000044,1,3984.835176522666,9.932953558904082,1063744.7084053159
579,"plate",309,348,347,0.0000027063293749999985,1.0000000000000002,26627.825788259295,9.690436250948906,1050513.0177156406
580,"plate",348,386,347,0.0000027063293749999993,1,26632.458339441113,9.710555823657575,1055178.976984548
581,"padL",122,453,493,0.000001932594218750003,0.8137192700216096,35620.60737906892,1.1163162736971146,99692.9618336809
582,"padL",530,121,493,0.0000019175645312499995,0.8066013663634787,35120.10110166064,1.1005061441986583,96889.10187351984
583,"padL",121,122,493,0.0000031249999999999942,0.9897302364751472,35354.581485116796,1.1084959613671117,98301.06370937578
584,"plate",32,254,253,0.000001353164687500001,0.7999999979024506,31058.01363859638,9.017072975309876,928485.3633274367
585,"plate",254,292,253,0.0000027063293750000023,1.0000000000000002,31052.210903800675,9.018544763437173,928829.7428081965
586,"plate",291,252,253,0.0000027063293750000023,1.0000000000000002,29215.718518034017,9.262596254701462,971077.8641145215
587,"plate",252,31,253,0.0000013531646875000012,0.7999999979024508,29222.538574445818,9.26081368878267,970660.2425900727
588,"plate",31,32,253,0.0000013531646875000012,0.7999999979024508,30148.79407745352,9.139370255107098,949517.4401041975
589,"plate",292,291,253,0.0000027063293750000023,1.0000000000000002,30142.650421462607,9.123497123376284,946306.9065525684
590,"plate",1093,1054,1055,0.0000027063293749999955,1,14938.995025183538,10.547365699926907,1210926.8759729685
591,"plate",1054,1016,1055,0.0000027063293750000044,0.9999999999999998,14939.581484082222,10.547396034810925,1210931.9775002794
592,"plate",1094,1093,1055,0.0000027063293749999955,1,13305.840127812291,10.464661756151266,1189632.796594972
593,"plate",1016,1017,1055,0.0000027063293750000044,1,13524.041570743128,10.66479937566246,1235541.839249925
594,"padL",709,710,733,0.0000027063293749999917,1,31108.524976485976,0.9902065924212489,78440.7276539601
595,"padL",756,732,733,0.0000027063293750000015,1,31859.32667960897,1.0108329616187297,81742.66210359137
596,"padL",732,709,733,0.000002706329374999993,1,31840.891208284083,1.0102843017121002,81653.94962287246
597,"padL",710,140,733,0.000002044776718749995,0.8634288828885327,30563.357063119867,0.9762343748819942,76242.68437609903
598,"plate",516,477,478,0.0000027063293750000044,1,16102.664233617586,11.43126142884776,1422076.0060713307
599,"plate",440,479,478,0.0000027063293750000023,1.0000000000000002,19939.336484304604,11.542772823420307,1457446.6570287582
600,"plate",14,236,235,0.000001353164687500001,0.7999999979024506,17570.579550570546,10.301080758220948,1160319.3432656159
601,"plate",236,274,235,0.0000027063293750000023,1.0000000000000002,17553.959324549916,10.301262340670071,1160369.1007396867
602,"plate",649,621,622,0.000002706329375,1,1196.0096292064798,6.626160365824521,473039.09002271766
603,"plate",621,588,622,0.0000027063293750000044,0.9999999999999998,1127.8795429070476,6.590353882315778,467959.97792284837
604,"plate",650,649,622,0.000002706329375,1,1124.9132750208607,5.475636260589785,323066.7057652064
605,"plate",588,589,622,0.0000027063293750000044,1,2608.6931012924547,8.166156669972322,718708.7902725427
606,"plate",1104,1065,1066,0.0000027063293749999955,1,17953.225394293942,10.494598461111096,1204434.1417668746
607,"padL",493,453,454,0.000002706329375000002,1.0000000000000002,35876.76152125716,1.129064760792547,101982.9787250825
608,"padL",494,493,454,0.000002706329375000002,0.9999999999999998,35138.7741607461,1.1095932277793865,98495.77049071022
609,"plate",343,344,382,0.0000027063293749999993,1,33271.6056074525,8.544598959462457,846574.8836664311
610,"plate",381,343,382,0.0000027063293749999993,1,33709.60426005969,8.321805963863923,807184.2239954345
611,"plate",759,760,786,0.0000027063293749999917,1,27772.73937046866,6.64401100752807,516756.57382888475
612,"plate",814,785,786,0.0000027063293750000027,1,29674.44367353798,6.933730403467747,564934.5556099426
613,"plate",785,759,786,0.000002706329374999994,1,29623.11056655436,6.929985653600122,564540.9112119152
614,"plate",968,929,930,0.0000027063293749999934,0.9999999999999998,33471.96634783527,7.951557979786728,741285.6927785374
615,"plate",929,891,930,0.0000027063293750000023,1,33465.152502120145,7.9573320949459285,742600.3725171277
616,"plate",985,1024,1023,0.0000027063293750000044,1,7217.079569114382,10.390553229424256,1165970.2791417835
617,"plate",984,985,1023,0.0000027063293750000044,1,5563.911373442959,10.223686048956415,1127789.3233276005
618,"plate",1022,984,1023,0.0000027063293750000044,0.9999999999999998,4260.031592109225,10.249364415605859,1132696.9352149041
619,"padL",686,709,685,0.0000027063293749999972,1,31542.25620421237,1.0006099584859705,80097.62312170364
620,"padL",662,686,685,0.0000027063293749999972,1,31546.93981835552,1.0007501592972734,80120.07050668144
621,"padL",661,662,685,0.000002706329374999998,1,32093.75906028786,1.0150660065216215,82428.7198076602
622,"padL",709,708,685,0.000002706329374999998,1,31945.72677682201,1.0103611600862725,81666.37390487027
623,"plate",1051,1052,1090,0.0000027063293749999955,1,23310.077100966577,10.12295702622946,1133948.305827385
624,"plate",1052,1091,1090,0.0000027063293749999955,1,21781.22422480012,10.156088158861897,1137620.063153656
625,"plate",1091,1129,1090,0.0000027063293750000044,0.9999999999999998,21792.680299556105,10.15163436415682,1136521.1116493705
626,"plate",1072,1111,1110,0.0000027063293749999955,1,31851.157862150827,8.860722644106831,901122.8132104469
627,"padL",660,661,684,0.0000027063293749999972,1,32642.42263962052,1.0257545056117545,84173.78446262519
628,"padL",116,117,684,0.0000031249999999999942,0.9694610275799539,32675.854085791798,1.023541028788884,83810.89900913656
629,"padL",117,660,684,0.00000162610609375,0.6534635608431683,32810.643268021144,1.027052178307254,84386.89415725402
630,"padL",661,685,684,0.0000027063293749999976,1,32229.26309004771,1.0161558009212524,82605.80893967293
631,"padL",685,708,684,0.0000027063293749999976,1,32227.739105403416,1.016112283150698,82598.73375757792
632,"plate",1054,1053,1015,0.0000027063293750000044,1,17942.1199036108,10.495544738156543,1204702.2905160494
633,"plate",1016,1054,1015,0.0000027063293750000044,0.9999999999999998,16744.98993346503,10.69913510652712,1248831.7103359043
634,"plate",594,625,218,0.0000015648084474625637,0.8657394307843745,35460.497370498604,12.846570140343045,1844329.2431883188
635,"plate",625,219,218,7.599619311345641e-7,0.5434270312060433,37356.073120804926,13.36044458587131,2002353.478579768
636,"padL",1117,104,105,0.0000015625000000000016,0.6647111779336068,38114.55938530271,1.1939453941729425,114040.44834134265
637,"padL",106,1117,105,0.0000015625000000000013,0.7203636299271071,38114.55938530271,1.1939453941728289,114040.44834132094
638,"plate",179,824,823,0.000001700427891747973,0.896958223574831,19882.62199071332,14.600253089141635,2317413.1098621907
639,"plate",861,822,823,0.0000027063293749999955,1,26518.62313174163,15.231885202659425,2538798.356950064
640,"padL",150,100,1120,0.000001562500000000003,0.6647111779336075,38062.72596861747,1.2289375081738458,120822.99191972331
641,"padL",100,101,1120,0.000003282271562500032,0.9816710084322948,38202.87508940197,1.225510116059769,120150.00356518629
642,"padL",149,150,1120,0.0000015625000000000028,0.7203636299271076,38028.31363566293,1.227035414144139,120449.27260511031
643,"plate",234,12,13,0.0000013531646874999973,0.799999997902452,21565.869980160216,10.076783232615416,1119702.035926791
644,"plate",235,234,13,0.0000013531646875000012,0.7999999979024509,20289.42972710773,10.166637483245466,1136350.4036258531
645,"plate",14,235,13,0.0000013531646875000012,0.7999999979024508,18938.030062300782,10.23631056957261,1148754.8231418943
646,"plate",175,174,717,0.0000028342013047586607,0.98491386734485,446.16755472381794,2.508273825886294,67782.12734959775
647,"plate",740,175,717,0.0000021827046516222134,0.8958316422276266,547.1822498849893,3.018410909971627,98160.84602241742
648,"plate",741,740,717,0.0000027063293749999955,1,687.9754083216167,3.990514770230025,171560.50508426473
649,"padL",142,812,784,0.0000029492114062499918,0.9854332914955161,32434.90152938463,1.0358019569911996,85830.8555285439
650,"plate",1046,1045,1007,0.0000027063293750000006,0.9999999999999998,34166.34301122772,8.466705846595938,835359.0894841054
651,"plate",1008,1046,1007,0.0000027063293750000006,1,33043.41189744633,8.4624503582215,830387.1027542051
652,"plate",1045,1006,1007,0.0000027063293750000027,1,34598.137223797734,8.265477083663594,800375.8898824217
653,"plate",1006,968,1007,0.0000027063293750000023,1,34594.01200445289,8.269647030963053,801353.1767004958
654,"plate",776,750,777,0.0000027063293750000044,0.9999999999999998,29510.345699292346,6.685553137718324,528012.0610115089
655,"plate",750,160,777,0.000001805382031249941,0.7506038109191331,30140.48189550247,6.609275555341931,518419.5463362144
656,"plate",160,159,777,0.0000015624999999999378,0.8292527579044241,30574.22293383607,6.679715445864475,531115.4216126219
657,"plate",770,769,744,0.0000027063293750000044,1,1886.0073268620679,6.320186480901652,430462.84782114584
658,"plate",408,446,407,0.0000027063293750000023,1.0000000000000002,30772.241576010005,8.84304162617118,894331.7574639366
659,"plate",369,408,407,0.000002706329375000003,1,30752.63097487272,8.82174906862313,889664.150672985
660,"plate",368,369,407,0.000002706329375000003,1,30110.41379170031,9.06712770299395,935449.6357327801
661,"plate",446,445,407,0.0000027063293750000023,1.0000000000000002,29895.165558608915,8.874898100148233,896967.5004722964
662,"plate",445,406,407,0.0000027063293750000023,1.0000000000000002,29333.40390811193,9.182347741712233,955776.2999875393
663,"plate",406,368,407,0.000002706329375000003,1,29302.666790609546,9.152698168721802,949197.7989786991
664,"padR",569,48,604,0.000002351264843749944,0.9618858771253128,34208.856195781795,1.072063332957755,91945.5831897992
665,"padR",48,636,604,0.0000030613939062499448,0.9704658179824208,34156.551290109855,1.0708650172357062,91740.15081113834
666,"padR",568,569,604,0.0000027063293750000044,1,34600.918261081955,1.088309005485974,94753.3193137496
667,"padR",636,635,604,0.0000027063293750000044,1,33404.98843597929,1.0503370397760219,88256.63177003653
668,"padL",886,887,926,0.0000027063293750000015,0.9999999999999998,35421.78381724251,1.1144648588845372,99362.5537350825
669,"padL",927,964,926,0.0000027063293749999934,1,35963.069052919105,1.1361689508234938,103270.3907852287
670,"padL",887,927,926,0.000002706329375000002,1,35964.36655616852,1.1362727766514076,103289.26583672797
671,"padR",489,527,168,0.000001932594218750065,0.8137192700216143,35237.13436577008,1.1298856304872718,102131.32303852958
672,"plate",908,870,909,0.0000027063293749999955,0.9999999999999998,8392.133122032412,10.572430646054102,1207895.6515606877
673,"plate",947,908,909,0.0000027063293750000044,1,8196.385172324268,10.456549033843551,1181772.4259376104
674,"plate",870,871,909,0.0000027063293749999955,1,9696.934527605219,10.936598033602175,1294015.452693223
675,"plate",948,947,909,0.0000027063293750000044,1,10325.900721502698,10.757632058593597,1252524.9816010238
676,"plate",871,910,909,0.0000027063293749999955,1,12309.589352344941,11.310783404116231,1386389.4535351258
677,"plate",910,948,909,0.0000027063293750000044,0.9999999999999998,12082.241524213068,11.199423130773557,1359539.8345911202
678,"padL",851,888,850,0.000002706329374999993,1,34446.79735959585,1.0949341593399582,95910.46506316008
679,"padL",888,887,850,0.000002706329374999994,0.9999999999999998,35249.169707019246,1.1171258451501507,99837.61231219507
680,"padL",887,849,850,0.0000027063293749999934,0.9999999999999998,34669.1780683768,1.0944451299464517,95824.81139708044
681,"plate",932,933,971,0.0000027063293749999917,0.9999999999999998,29728.011663653397,8.769792663315535,876376.8816419754
682,"plate",970,932,971,0.0000027063293749999917,1,30629.407142246037,8.766845253036307,879448.590279103
683,"plate",204,834,205,0.0000014188671440203412,0.8770448671856085,25797.307871634526,16.84829225321134,3095166.8259508265
684,"plate",309,270,271,0.0000027063293749999985,1,26284.832008239275,9.651710523074232,1041746.7201097045
685,"plate",270,232,271,0.0000027063293749999985,1,26288.67358464944,9.64598595415568,1040399.8582442185
686,"plate",232,233,271,0.0000027063293750000023,1.0000000000000002,25135.03078950403,9.760872857313226,1061323.682739301
687,"plate",310,309,271,0.0000027063293750000023,1.0000000000000002,25377.396460328884,9.804073936193648,1070945.1357655013
688,"plate",272,310,271,0.0000027063293750000023,1.0000000000000002,24082.850100925974,9.89935376277792,1087894.996243657
689,"plate",233,272,271,0.0000027063293750000023,1.0000000000000002,24089.38873352269,9.89483694062317,1086809.791366255
690,"plate",734,758,141,0.0000018053820312499944,0.7506038109191372,30140.481895578283,6.609275555368681,518419.54634039395
691,"plate",140,734,141,0.00000312500000000001,0.986435363873213,29581.9604636692,6.516764803784537,504824.18541743845
692,"plate",758,142,141,0.0000015625000000000005,0.8292527579044432,30574.22293391059,6.679715445890971,531115.4216168221
693,"padL",733,140,141,0.000003125000000000012,0.9864353638732128,31077.598590729616,0.9923887480025712,78786.83417296885
694,"plate",1022,1023,1061,0.0000027063293750000044,1,4240.14183819395,10.246188755313229,1132012.7941921398
695,"plate",949,950,988,0.0000027063293749999955,1,17793.026775638238,11.360712000324746,1408101.878447646
696,"plate",950,989,988,0.0000027063293749999955,1,18808.933791880638,10.945254815083471,1310379.5291287643
697,"plate",73,74,1147,0.000003282271562500032,0.9816710084322948,28251.31454320916,9.38805630443766,993330.4323980744
698,"plate",1148,73,1147,0.000003282271562500032,0.9816710084322948,29222.630899348478,9.25532649793361,969557.1797645733
699,"plate",1057,1019,1058,0.0000027063293750000044,0.9999999999999998,5784.8440029668745,10.3599723393341,1158115.4950277572
700,"padR",1116,1115,1078,0.0000027063293749999955,1,37734.78624289832,1.1931861963066772,113895.46392454373
701,"plate",770,744,208,0.0000017993701931209507,0.8649747141286401,1660.772004760795,5.581505819361746,335763.2172351493
702,"plate",312,350,311,0.0000027063293750000023,1.0000000000000002,20549.853156153054,10.274944602200923,1160904.9505625505
703,"plate",310,272,311,0.0000027063293750000023,1.0000000000000002,23101.53894148276,10.062841081391769,1120366.1138724766
704,"plate",159,158,844,0.0000015624999999999334,0.6808745925822587,32615.26981633081,7.119538239969885,603189.4320265698
705,"plate",882,843,844,0.0000027063293749999955,1,31491.223250687442,7.178309356060802,608042.0743337265
706,"plate",559,520,521,0.000002706329375,1,28607.642620486044,9.981657162452128,1119355.725978525
707,"plate",520,482,521,0.0000027063293750000044,0.9999999999999998,28168.429834792823,9.777010598298158,1072769.2446964614
708,"plate",522,560,521,0.000002706329375,1,28880.028143038347,9.161704376085437,950708.2014471951
709,"plate",560,559,521,0.000002706329375,1,28258.105370477762,9.148437022910812,944657.6272759677
710,"plate",468,507,506,0.0000027063293750000044,1,14344.120739586944,11.703022427070042,1487176.379619443
711,"padR",885,884,847,0.0000027063293749999955,1,34665.993520761294,1.0944134381653259,95819.26189094796
712,"padR",808,848,847,0.0000027063293750000044,1,34145.83720389402,1.0740363940862878,92284.33406575005
713,"padR",848,885,847,0.0000027063293749999955,0.9999999999999998,34148.7453928393,1.0740883602863942,92293.26445621719
714,"padR",884,846,847,0.0000027063293749999955,1,33841.1611779364,1.0716601245701523,91876.43380749715
715,"padL",302,130,341,0.000002657752968750001,0.9993443067848714,37501.44469243023,1.202377031474317,115656.84206535925
716,"padL",130,379,341,0.000002754905781250001,0.9993674155849073,37507.444178841004,1.2025613923773883,115692.31219493144
717,"padL",379,378,341,0.0000027063293749999993,1,36910.73407560709,1.1807966019682499,111542.44921758125
718,"padL",301,302,341,0.0000027063293749999985,1,37737.950740030086,1.206901755664289,116528.94782604344
719,"padL",378,340,341,0.000002706329375,0.9999999999999998,37339.16124047583,1.1893252589300993,113159.56572233181
720,"padL",340,301,341,0.0000027063293749999993,1,37329.84637068538,1.1889527997560567,113088.70080382127
721,"plate",880,918,879,0.0000027063293749999955,0.9999999999999998,29379.938565667137,7.875779820641727,714611.193405399
722,"plate",878,840,879,0.0000027063293749999955,0.9999999999999998,28809.418995890122,8.32891766231798,793164.1538921773
723,"plate",917,878,879,0.0000027063293749999955,1,28637.342125991232,8.24757877808963,776948.235371934
724,"plate",918,917,879,0.0000027063293749999955,1,29836.193960042623,8.402428555991207,809500.1557842431
725,"padR",602,566,567,0.0000027063293750000044,1,34086.74907866276,1.0872014987519265,94560.56791107482
726,"padR",566,527,567,0.000002706329375,1,34097.95776802626,1.0874108509958123,94596.98870907493
727,"plate",468,429,430,0.0000027063293750000023,1.0000000000000002,13810.589654919577,10.931254726684898,1297845.8484422197
728,"plate",469,468,430,0.0000027063293750000023,1.0000000000000002,12047.355744824517,11.000321406876749,1311832.6069339179
729,"plate",392,431,430,0.0000027063293750000023,1.0000000000000002,10259.664794147347,10.640629397688892,1225698.042774364
730,"plate",431,469,430,0.0000027063293750000023,1.0000000000000002,10329.678051939029,10.66315453490089,1230779.272675781
731,"plate",240,18,19,0.0000013531646874999973,0.799999997902452,4444.851027467049,10.39088797337851,1164243.9838936492
732,"padR",490,451,491,0.0000027063293750000023,1.0000000000000002,35722.66131446559,1.1323656015893893,102580.14845303196
733,"padR",451,452,491,0.0000027063293750000023,1.0000000000000002,36371.92893258261,1.1493154625342579,105674.08259362681
734,"padR",452,492,491,0.0000027063293750000023,1.0000000000000002,35877.33553318592,1.1290312890287204,101976.93212846832
735,"padR",492,529,491,0.0000027063293750000044,0.9999999999999998,35876.761521069915,1.1290647607827649,101982.97872331538
736,"plate",953,992,991,0.0000027063293749999955,1,26383.592897665556,10.037207884749149,1124223.4314096002
737,"plate",992,1030,991,0.0000027063293750000044,0.9999999999999998,26335.37712390485,9.985779090031759,1112205.8224856947
738,"plate",1030,1029,991,0.0000027063293750000044,1,24853.45475700186,10.104242410037134,1134342.309668768
739,"plate",974,935,936,0.0000027063293749999955,1,26171.213756865334,10.394050464202126,1201340.3202425577
740,"padR",1114,1076,1077,0.0000027063293749999955,1,37500.83982342954,1.1990516173715566,115017.98248970766
741,"padR",1076,1037,1077,0.0000027063293750000044,0.9999999999999998,37515.24987464166,1.1996048466704838,115124.1430524252
742,"padR",1115,1114,1077,0.0000027063293749999955,1,37745.82076568354,1.2026254442018876,115704.63672334299
743,"padR",1078,1115,1077,0.0000027063293749999955,0.9999999999999998,37416.509125718236,1.1872984661278942,112774.21181357204
744,"padL",1003,964,1004,0.000002706329375000002,1,37024.67691441213,1.1704139000417053,109589.4957928668
745,"padL",964,965,1004,0.0000027063293750000023,0.9999999999999998,36495.93441359515,1.1575616141455263,107195.9112434557
746,"plate",585,619,618,0.0000027063293750000044,1,2581.699532686531,7.36367326965108,584553.345230896
747,"plate",619,646,618,0.000002706329375,1,2737.7739110034595,7.6557355548896915,631731.5014713049
748,"plate",584,585,618,0.0000027063293750000044,1,5204.950171005069,9.526088855003646,978896.0713500046
749,"plate",646,196,618,0.000002763923630620984,0.9552341687490473,2349.6312929155956,6.559477501649439,463807.10650876863
750,"plate",1123,1084,1085,0.0000027063293750000006,1,33546.06653813152,8.633197439971534,863736.7044778117
751,"plate",1084,1046,1085,0.0000027063293749999917,1,33543.61238882604,8.637160551090764,864656.1495029916
752,"plate",1046,1047,1085,0.0000027063293749999955,1,32534.66207079664,8.67451426713957,867908.3001150964
753,"plate",907,945,906,0.0000027063293750000044,0.9999999999999998,2381.820408702792,9.411228241617525,954493.8941644408
754,"padL",300,262,263,0.0000027063293749999998,0.9999999999999998,37884.642700636476,1.1979995744967595,114816.23843955334
755,"padL",262,223,263,0.0000027063293749999998,0.9999999999999998,37883.29796146493,1.1979385478932074,114804.54116227891
756,"padL",301,300,263,0.000002706329375,0.9999999999999998,37647.589610590425,1.1947327972803297,114190.91655178252
757,"padL",223,224,263,0.000002706329375,0.9999999999999998,37985.186807457576,1.2057151086380804,116299.91385585103
758,"plate",230,269,268,0.0000027063293749999985,1.0000000000000002,30142.6504196352,9.123497123421586,946306.9065642307
759,"plate",206,798,207,0.0000022333641641144033,0.8527967171401939,9291.604426277287,12.579987344911618,1709190.0766138511
760,"plate",798,770,207,0.0000021827046406029708,0.9470059790626103,4136.626957812794,8.532752743801721,785406.3963907674
761,"plate",770,208,207,0.0000017657606441828594,0.8717143999822333,4503.247655978599,9.340108161174044,940719.1421129095
762,"plate",898,859,860,0.0000027063293749999955,1,27791.60459486352,12.163925590632534,1636167.1561164423
763,"plate",859,821,860,0.0000027063293749999955,0.9999999999999998,28268.194810681205,12.465368448151743,1719897.0349351834
764,"plate",821,822,860,0.0000027063293749999955,1,30735.577895132206,14.259506527229739,2242417.906884712
765,"plate",822,861,860,0.0000027063293749999955,1,25093.99042421071,13.11399113281321,1888532.018811698
766,"plate",720,744,743,0.0000027063293749999955,1,687.9754083572901,3.9905147702236836,171560.50508372174
767,"plate",744,769,743,0.0000027063293750000044,0.9999999999999998,753.3251337305168,4.417871445646525,210285.4503335972
768,"plate",196,646,197,0.0000026644819346930076,0.9165354893101887,1720.4483056616602,5.801699884678598,362737.7028197943
769,"plate",646,670,197,0.0000031472580891222178,0.9669992287644268,932.0713074158693,4.288561277925936,198167.20736095708
770,"plate",1112,1074,1113,0.0000027063293749999955,0.9999999999999998,35270.2396652128,8.448180945544912,835891.3656662675
771,"plate",152,1152,1113,0.000002837028906249932,0.9955699827671891,37033.30997485166,8.296817328041813,815123.919966878
772,"plate",1075,152,1113,0.000002575629843749948,0.9951225755370725,37055.662490685056,8.291309389721748,814096.4442145714
773,"plate",1074,1075,1113,0.0000027063293749999955,1,35925.06302159891,8.289445534223661,809215.8516937406
774,"plate",1134,86,87,0.000003282271562500032,0.9816710084322948,7310.2255025460945,10.409259716762525,1170282.679118803
775,"padR",885,925,924,0.0000027063293749999955,1,35421.185050955326,1.1144997189383463,99368.76988109223
776,"padR",923,884,924,0.0000027063293749999955,0.9999999999999998,35249.169706899775,1.1171258451453954,99837.61231134512
777,"padR",884,885,924,0.0000027063293749999955,1,34669.17806825575,1.0944451299415634,95824.81139622445
778,"plate",1129,92,1128,0.000003282271562500032,0.9816710084322948,22864.629046009617,9.997182404062361,1105638.1917899917
779,"plate",1090,1129,1128,0.0000027063293750000044,1,22860.482158118004,10.000085514415412,1106345.0937180198
780,"plate",1028,989,990,0.0000027063293750000044,1,21852.173839144238,10.769200979773332,1275800.5978064297
781,"plate",1029,1028,990,0.0000027063293750000044,1,22501.957192322432,10.407289692726996,1195159.6685562008
782,"plate",991,1029,990,0.0000027063293750000044,0.9999999999999998,24355.489393705524,10.426066683756156,1203674.325456734
783,"plate",989,950,951,0.0000027063293749999955,1,21317.694753853026,11.30121822863287,1401071.1260534597
784,"plate",950,912,951,0.0000027063293750000044,0.9999999999999998,21287.713335785214,11.3116842335344,1403909.3317597066
785,"plate",990,989,951,0.0000027063293749999955,1,21829.969136118903,10.784393220017689,1279665.162615256
786,"plate",858,857,819,0.0000027063293749999917,1,29214.584748348872,10.041821625045804,1134503.6249265876
787,"plate",820,858,819,0.0000027063293749999955,0.9999999999999998,29380.794828210575,10.266544144595166,1181976.7726274866
788,"plate",791,820,819,0.0000027063293750000044,1,31390.815930480054,11.026702933069124,1366222.3459401557
789,"plate",857,818,819,0.0000027063293749999917,0.9999999999999998,27884.423564037195,8.864647745032418,888309.3626365969
790,"plate",992,954,993,0.0000027063293749999955,0.9999999999999998,27986.974587939236,9.576576447680267,1031530.3411390624
791,"plate",994,1032,993,0.0000027063293750000044,0.9999999999999998,29292.336897979127,9.100329459627872,938805.1481465391
792,"plate",769,796,768,0.0000027063293749999955,0.9999999999999998,821.2229921545791,5.6466213933108955,343514.0607175708
793,"plate",743,769,768,0.0000027063293750000044,1,864.9422077399204,5.616655724660203,339865.58471093985
794,"plate",796,795,768,0.0000027063293749999955,1,662.8720781593668,6.7758143510359545,494599.5468158469
795,"plate",742,743,768,0.0000027063293750000044,1,253.0366396255373,4.388058838916778,207424.02246161053
796,"plate",918,957,956,0.0000027063293750000044,1,30875.04509193222,8.442147475497046,819939.8083956989
797,"plate",917,918,956,0.0000027063293750000044,1,29751.443407163635,8.353278820920604,799436.0185939205
798,"plate",742,741,718,0.0000027063293749999955,1,271.08502876790016,4.351541112668727,203984.63985780545
799,"plate",741,717,718,0.0000027063293749999955,1,307.7254635012344,3.402144371089375,124689.69764058758
800,"plate",717,694,718,0.000002706329375,1,301.9772057326597,3.2512207157653856,113871.24221002909
801,"plate",609,135,573,0.0000030613939062500007,0.9704658179824214,31959.560819514503,7.093123805467639,596803.7288482924
802,"plate",135,534,573,0.0000023512648437500005,0.9618858771253139,32132.555806319455,7.104749083267444,598647.0625091166
803,"plate",574,610,573,0.0000027063293750000023,0.9999999999999998,30428.853272947657,7.139905981547241,599013.0187460124
804,"plate",535,574,573,0.0000027063293750000027,0.9999999999999998,30470.525686747635,7.140797377031721,598921.1201535093
805,"plate",610,609,573,0.0000027063293750000006,1,30158.212685760056,6.849090870116591,553866.314574429
806,"plate",534,535,573,0.0000027063293750000006,1,32231.023787508067,7.358930169431274,639013.2844988431
807,"plate",317,318,356,0.0000027063293750000023,1.0000000000000002,2907.988721668168,10.33145188137227,1150367.723711918
808,"plate",355,317,356,0.0000027063293750000023,1.0000000000000002,4293.271019110328,10.301790635281744,1144342.7322441603
809,"plate",394,355,356,0.000002706329375000003,1,4306.827506444377,10.303396624215454,1144687.1347495744
810,"plate",318,357,356,0.0000027063293750000023,1.0000000000000002,1470.337844081196,10.245730537103537,1131015.2443608753
811,"plate",1144,1106,1145,0.0000027063293750000044,0.9999999999999998,22860.482158135703,10.000085514389365,1106345.0937123902
812,"plate",650,211,673,0.00000314725808912219,0.9669992287644262,932.0713074620876,4.288561277926084,198167.20736097477
813,"plate",649,650,673,0.0000027063293750000044,1,1129.7504682097847,5.343997156858649,307696.1325892391
814,"plate",696,672,673,0.000002706329375,1,422.50305716022314,3.84279531214253,159082.11571946845
815,"plate",672,649,673,0.0000027063293750000044,0.9999999999999998,423.27854458128263,4.034968600969299,175394.43582002513
816,"plate",466,427,428,0.0000027063293750000023,1.0000000000000002,20606.432233448286,10.994372305694004,1325996.7772687182
817,"plate",427,389,428,0.0000027063293750000023,1.0000000000000002,20633.06767983526,10.98723486225943,1324090.6894723794
818,"plate",390,429,428,0.0000027063293750000023,1.0000000000000002,17323.390744137883,11.059943757270188,1334515.3812228767
819,"plate",389,390,428,0.0000027063293750000023,1.0000000000000002,18419.70788789806,10.74095376984676,1261824.2353225886
820,"plate",553,554,591,0.0000027063293750000044,1,12569.488541404344,12.13930252558387,1595771.4169342532
821,"plate",590,553,591,0.0000027063293750000044,0.9999999999999998,8578.444185551574,10.872477020143505,1277945.2050537698
822,"plate",459,458,420,0.0000027063293749999985,1,32571.432560056826,7.981145437773274,743159.6501889525
823,"plate",381,382,420,0.0000027063293749999985,1,33706.303010106036,8.328622305695339,808728.4205949683
824,"plate",421,459,420,0.0000027063293749999985,1,32499.357487110792,8.290633401299512,797816.4932738998
825,"plate",382,421,420,0.0000027063293749999985,1.0000000000000002,32495.074098979632,8.27793948061972,795058.7747032951
826,"padR",635,636,659,0.000002706329375,1,33401.62554573991,1.0502631615747302,88244.21668487582
827,"padR",682,658,659,0.0000027063293750000044,1,32730.306320950946,1.032185661595644,85232.57920029097
828,"padR",658,635,659,0.000002706329375,1,32737.97560451665,1.0323917110831478,85266.61160905517
829,"plate",276,238,277,0.0000027063293750000023,1.0000000000000002,10277.224138536809,10.4327231923236,1178467.7140443495
830,"plate",278,316,277,0.0000027063293750000023,1.0000000000000002,7307.937998155493,10.408875730883322,1170181.3937980125
831,"plate",1132,1094,1133,0.0000027063293750000044,0.9999999999999998,11766.418016398722,10.428163352242795,1179268.6916900033
832,"plate",88,1132,1133,0.000003282271562500032,0.9816710084322948,11761.988390658651,10.428101811969226,1179260.0329366121
833,"plate",87,88,1133,0.000003282271562500032,0.9816710084322948,10268.312707344121,10.418178074722354,1175191.2040538401
834,"plate",1134,87,1133,0.000003282271562500032,0.9816710084322948,8785.210679922138,10.42047399961677,1174131.58059576
835,"plate",393,394,432,0.0000027063293750000023,1.0000000000000002,5689.169572481333,10.295015191230853,1143580.0945023054
836,"plate",431,393,432,0.0000027063293750000023,1.0000000000000002,7014.4223738316605,10.32655815615017,1151599.4236353314
837,"padL",377,376,339,0.0000027063293750000006,1,36967.840434623984,1.1641544745980699,108420.45125813664
838,"padL",300,340,339,0.0000027063293749999998,0.9999999999999998,37334.47289613426,1.1801905891325168,111427.98613415657
839,"padL",340,377,339,0.000002706329375000001,1,37336.98146700283,1.1803165403039224,111451.77082520167
840,"padL",376,125,339,0.000002754905781250003,0.9993674155849073,37477.54281311587,1.1760757701708364,110652.33737463408
841,"plate",1148,1110,1149,0.0000027063293750000044,0.9999999999999998,31038.312329198885,9.010293866967121,927223.8549163848
842,"plate",1110,1111,1149,0.0000027063293750000044,1,31851.465970653822,8.854443509106932,899690.6453907909
843,"plate",613,644,643,0.0000027063293749999964,1.0000000000000002,22733.86082742869,6.212119475845533,443380.62270091544
844,"plate",644,668,643,0.0000027063293750000006,1,22098.977632430244,6.056524172556541,421930.11374051595
845,"plate",668,667,643,0.0000027063293750000006,0.9999999999999998,21451.31982850796,5.65198916015228,368785.1284688654
846,"plate",612,613,643,0.0000027063293749999964,1,25473.730949906712,6.886807175345599,546493.4055396375
847,"plate",642,612,643,0.000002706329375,1,24521.30167475336,6.352527517846613,466918.1277144875
848,"plate",667,642,643,0.0000027063293750000044,1,24199.174375723385,6.2842909608954445,457282.84379755805
849,"plate",561,598,597,0.0000027063293750000044,1,27093.605400822034,7.650589707200341,669937.391856965
850,"plate",560,561,597,0.0000027063293750000044,1,28492.302857884344,8.524477520122309,827898.6121577716
851,"plate",627,596,597,0.0000027063293750000044,1,27733.295105210582,8.447973575707085,811776.509152763
852,"plate",596,560,597,0.0000027063293750000044,0.9999999999999998,27150.728841386866,8.235402555808468,770194.9433185176
853,"plate",364,326,365,0.0000027063293750000023,1.0000000000000002,22191.18527593956,10.282826144527837,1166316.0442925773
854,"plate",403,364,365,0.000002706329375000003,1,22175.06101657251,10.292253295315744,1168635.551192199
855,"plate",326,327,365,0.0000027063293750000023,1.0000000000000002,23090.24944507535,10.070051385675955,1122114.3710021141
856,"plate",404,403,365,0.000002706329375000003,1,23895.874319322902,10.291447567068772,1172444.568112546
857,"plate",366,404,365,0.000002706329375000003,1,24558.750173844608,10.025293914151398,1116337.1105053928
858,"plate",327,366,365,0.0000027063293750000023,1.0000000000000002,24565.323221194005,10.009028800951588,1112464.4867900226
859,"plate",28,249,27,0.0000013531646875000012,0.7999999979024508,21565.870023943793,10.076783232593662,1119702.0359216575
860,"plate",249,248,27,0.0000013531646875000012,0.7999999979024508,20289.42969930859,10.166637483198901,1136350.4036167294
861,"plate",248,26,27,0.000001353164687500001,0.7999999979024506,18938.030097805273,10.236310569551827,1148754.8231308744
862,"plate",1102,1063,1064,0.0000027063293749999955,1,11841.195654329009,10.521364899323316,1200419.6459490983
863,"plate",1145,75,76,0.000003282271562500032,0.9816710084322948,23986.944281660417,9.872631679027299,1081889.899812437
864,"plate",77,1144,76,0.000003282271562500032,0.9816710084322948,21554.60330578059,10.07650235617894,1119654.2687499006
865,"plate",1144,1145,76,0.000003282271562500032,0.9816710084322948,22864.62904602771,9.99718240403631,1105638.1917843635
866,"plate",542,504,543,0.000002706329375,1,27713.34199432083,13.059958795392227,1879493.3178942902
867,"plate",581,542,543,0.0000027063293750000044,1,27982.591138996344,13.281667089055551,1945346.1328012655
868,"plate",936,898,937,0.0000027063293750000044,0.9999999999999998,24163.290946200974,10.997337323183336,1335809.9127823524
869,"plate",1097,1058,1059,0.0000027063293749999955,1,2878.318186834557,10.290591260226643,1141288.641343483
870,"plate",18,240,239,0.0000013531646875000012,0.7999999979024508,5888.22390227548,10.399274195822885,1166958.801491091
871,"plate",240,278,239,0.0000027063293750000023,1.0000000000000002,5844.268067572065,10.399338073418157,1166971.1399857358
872,"plate",278,277,239,0.0000027063293750000023,1.0000000000000002,7302.908513578317,10.408559123695207,1170118.0727620972
873,"plate",17,18,239,0.0000013531646875000012,0.7999999979024508,7351.836357400207,10.408982159856007,1170218.2682916985
874,"plate",238,17,239,0.0000013531646875000012,0.7999999979024508,8820.676301261272,10.416480617148908,1173231.3275329478
875,"plate",277,238,239,0.0000027063293750000023,1.0000000000000002,8791.634465710844,10.416540953419698,1173241.8336604796
876,"plate",974,1012,973,0.0000027063293750000044,0.9999999999999998,26335.37712390861,9.985779090060516,1112205.8224919618
877,"plate",935,974,973,0.0000027063293749999955,1,26383.592897668444,10.037207884777944,1124223.431415909
878,"plate",934,935,973,0.0000027063293749999917,0.9999999999999998,27591.161170561318,9.788205244528454,1073616.5519115475
879,"plate",773,774,802,0.0000027063293749999955,1,24178.420209389726,6.45497380526307,480154.9209856392
880,"plate",801,773,802,0.0000027063293749999955,0.9999999999999998,25730.658878302715,7.204533136036589,595643.7233335972
881,"plate",840,801,802,0.0000027063293750000044,1,25796.641638763333,7.196644882132868,593585.8997894264
882,"plate",774,803,802,0.0000027063293749999955,1,26607.52554555596,7.002446091282064,566884.801522256
883,"plate",878,917,916,0.0000027063293749999955,1,29157.360067392696,8.89583368696319,899652.1001548346
884,"plate",877,878,916,0.0000027063293749999955,1,28341.52563152676,8.83810918039404,884798.9202610985
885,"plate",954,915,916,0.0000027063293750000044,1,28358.779794353388,9.422248254597898,999987.3025846678
886,"plate",915,877,916,0.0000027063293749999955,0.9999999999999998,28671.55450289294,9.571238123202782,1032877.4909030452
887,"plate",380,130,342,0.000002754905781249999,0.9993674155849073,36624.20174998512,8.196985249972792,795806.5931134844
888,"plate",381,380,342,0.0000027063293749999993,1,35322.649033323185,8.150248018303595,782470.1557227881
889,"plate",304,343,342,0.000002706329375,0.9999999999999998,34917.88699634526,8.344643107242659,815635.0120757848
890,"plate",343,381,342,0.0000027063293750000015,1,34912.33943995173,8.34797470099438,816428.1718442211
891,"plate",1016,1015,977,0.0000027063293750000044,1,16739.738884461116,10.699048657040565,1248830.5618400832
892,"plate",473,435,474,0.0000027063293750000023,1.0000000000000002,2537.9895828945046,9.69917734110199,1013819.6543495309
893,"plate",435,436,474,0.0000027063293750000023,1.0000000000000002,4109.277587463048,10.07923971376748,1095350.7221090714
894,"plate",546,508,547,0.000002706329375,1,7455.673105678009,10.267373693852061,1138950.6954246273
895,"plate",584,546,547,0.0000027063293750000044,1,7851.804626065488,10.619211828635722,1217990.0010798392
896,"plate",548,585,547,0.0000027063293750000044,0.9999999999999998,4496.685187501902,9.392989142286602,951479.8702890546
897,"plate",509,548,547,0.000002706329375,1,4309.269823658041,9.227416486257084,918357.157468134
898,"plate",585,584,547,0.0000027063293750000044,1,4834.859940790989,9.067999925487335,887251.8189264006
899,"plate",508,509,547,0.000002706329375,1,6554.178706365857,10.161833785832162,1114690.7934457834
900,"plate",270,309,308,0.0000027063293749999985,1,27411.29231876074,9.519767729729454,1017509.6878326854
901,"plate",309,347,308,0.0000027063293749999985,1,27410.677530765464,9.531413526095452,1020205.5882219267
902,"plate",347,346,308,0.0000027063293749999985,1,28443.405516834777,9.361948708058746,988403.6194638091
903,"plate",269,270,308,0.0000027063293749999985,1,28288.538401645787,9.388879308586448,993686.8633087715
904,"padR",160,161,751,0.0000031250000000000662,0.986435363873209,31077.598590646452,0.9923887479981773,78786.83417227119
905,"padR",778,160,751,0.0000018053820312500613,0.7506038109191455,31053.66789395044,0.992204227849336,78757.53838096777
906,"padR",728,752,751,0.0000027063293749999955,1,31840.89120817601,1.0102843017078151,81653.9496221798
907,"plate",364,402,363,0.000002706329375000003,1,19478.422192942562,10.480967051921741,1204618.632885324
908,"plate",325,364,363,0.0000027063293750000023,1.0000000000000002,19494.65349738459,10.47799243740613,1203840.6826969692
909,"plate",402,401,363,0.000002706329375000003,1,18434.890250865315,10.739996645377891,1261530.3222003223
910,"plate",324,325,363,0.0000027063293750000023,1.0000000000000002,17776.52518919892,10.41218092548559,1185581.7876830273
911,"plate",401,362,363,0.000002706329375000003,1,16529.2444418212,10.574117076671405,1219806.677855981
912,"plate",362,324,363,0.0000027063293750000023,1.0000000000000002,16534.78589364217,10.574067229143948,1219774.5138604937
913,"plate",588,587,550,0.0000027063293750000044,1,786.8350169277179,7.570589037649116,617455.2900175207
914,"plate",551,588,550,0.0000027063293750000044,0.9999999999999998,2055.2001759713226,8.667942882689632,809597.4328330511
915,"padL",756,784,783,0.0000027063293749999926,1,32925.43619427676,1.0455751857012283,87458.19751633266
916,"plate",1057,1058,1096,0.0000027063293749999955,1,5770.541010008612,10.358198515599014,1157736.176933888
917,"plate",1135,1134,1096,0.0000027063293750000044,1,5839.367907587414,10.3962618447367,1166279.5898051143
918,"plate",1097,1135,1096,0.0000027063293750000044,0.9999999999999998,4353.30930810901,10.361875855603994,1157748.408235994
919,"plate",1058,1097,1096,0.0000027063293749999955,1,4359.763329770625,10.362304374840408,1157838.046499644
920,"plate",1111,1112,1150,0.0000027063293750000044,1,33546.06653806811,8.633197439941537,863736.7044718815
921,"plate",1149,1111,1150,0.0000027063293750000044,0.9999999999999998,32791.24057474839,8.781827326552929,889231.3968920106
922,"plate",71,1149,1150,0.000003282271562500032,0.9816710084322948,32791.19817206458,8.779187525802076,888619.3851352903
923,"padR",158,845,157,0.0000015625000000000634,0.7046637151095965,33218.404978066115,1.0666772682751762,91024.03157239937
924,"padR",845,883,157,0.0000028821179687500628,0.9921387542565812,34333.366705117245,1.0980867964430001,96463.56900179606
925,"plate",156,921,157,0.0000015624999999999334,0.8137250602214009,34507.279156716264,7.588112314741069,684913.7118598911
926,"padR",922,156,157,0.000001562500000000072,0.8137250602214391,35159.08666728764,1.1274609203763108,101693.45015806383
927,"padR",883,922,157,0.0000025305407812500485,0.9910563305406935,34335.89436745663,1.09817094571431,96478.35408088496
928,"plate",921,882,157,0.0000025305407812499283,0.9910563305406931,33318.685939067414,7.393109541735469,647981.9153832202
929,"plate",882,844,157,0.0000028821179687499425,0.9921387542565808,33252.594310701745,7.394396422731555,648334.2609946262
930,"plate",844,158,157,0.0000015624999999999247,0.7046637151095595,32613.444930289872,7.119347025657364,603091.277950183
931,"padL",708,732,731,0.0000027063293749999934,1,32471.57685324479,1.0239426007177712,83876.67596517384
932,"padL",262,127,222,0.0000022390823437500014,0.9327867706979704,38055.48823277087,1.1937729811823476,114007.51444807918
933,"padL",223,262,222,0.0000027063293749999993,1,38051.82133939123,1.1984842253705292,114909.15507695981
934,"padL",127,0,222,0.0000015625000000000013,0.8621566496632289,38175.13437368907,1.196228628214385,114477.03447677355
935,"plate",1066,1028,1067,0.0000027063293750000044,0.9999999999999998,20754.583550031814,10.35546567232141,1179305.05889614
936,"plate",1028,1029,1067,0.0000027063293750000044,1,22518.460726218116,10.393151072858082,1191676.9508965411
937,"plate",281,280,242,0.0000027063293750000023,1.0000000000000002,1504.0316067955814,10.358082247011183,1155960.325530317
938,"plate",857,896,895,0.0000027063293749999917,1,28671.55450291623,9.571238123231701,1032877.4909091601
939,"plate",896,934,895,0.0000027063293750000006,1,28358.779794376456,9.422248254626748,999987.3025906681
940,"plate",934,933,895,0.0000027063293750000006,1,28827.662181146745,9.306792020609914,979271.8218019465
941,"plate",856,857,895,0.0000027063293749999917,0.9999999999999998,28341.52563155673,8.838109180421657,884798.920266523
942,"plate",933,894,895,0.0000027063293750000006,0.9999999999999998,28966.009873378967,8.803240129077546,880219.7341689435
943,"plate",894,856,895,0.0000027063293749999917,1,29157.360067428184,8.89583368699144,899652.1001604444
944,"padR",298,297,260,0.0000027063293750000023,1.0000000000000002,37883.297968281084,1.1979385478837068,114804.54116045793
945,"padR",261,298,260,0.0000027063293750000023,1.0000000000000002,38051.82132179338,1.1984842253597066,114909.15507488447
946,"padR",297,259,260,0.0000027063293750000023,1.0000000000000002,37985.18679333226,1.2057151086285862,116299.91385401947
947,"padR",259,38,260,0.0000013531646875000012,0.7999999979024508,37984.35070097645,1.2056765131873233,116292.46835612334
948,"padR",706,730,729,0.000002706329375,1,32512.850360518274,1.0216445765725237,83500.6112672041
949,"padR",730,753,729,0.0000027063293749999955,0.9999999999999998,32514.168627809988,1.0216777514998703,83506.03423278645
950,"padR",752,728,729,0.0000027063293749999955,1,31950.862589409222,1.0105101064162314,81690.45401354747
951,"padR",728,705,729,0.000002706329375,1,31945.726776733252,1.010361160081453,81666.37390409116
952,"padR",705,706,729,0.000002706329375,1,32227.739105310262,1.0161122831457652,82598.73375677598
953,"padR",753,752,729,0.0000027063293749999955,1,32471.57685314144,1.0239426007126742,83876.67596433879
954,"plate",21,242,20,0.0000013531646875000047,0.7999999979024494,1675.5761420353958,10.377882390437419,1160384.5091878392
955,"padR",156,960,155,0.000003125000000000075,0.9817261112129886,35900.81883443759,1.1512821597806673,106036.04891433903
956,"padR",960,999,155,0.0000021118701562500427,0.8899495880180732,36142.25823912487,1.1599147641738061,107632.18081187012
957,"plate",959,156,155,0.000003124999999999936,0.9817261112129942,35052.24133801521,7.802166807178027,722663.8319542166
958,"plate",998,959,155,0.000002111870156249923,0.8899495880180677,35351.705738961275,7.842066480591295,728666.1893293882
959,"padR",999,154,155,0.0000015625000000000723,0.8658451507450168,36528.71053762165,1.1740591177178559,110273.18495171441
960,"plate",154,998,155,0.0000015624999999999334,0.865845150744978,36116.22879352968,7.951181981860867,751747.8438437504
961,"plate",943,904,905,0.0000027063293750000044,1,2381.8204086360897,9.411228241622606,954493.8941654529
962,"plate",867,906,905,0.0000027063293749999955,1,352.57347159669735,9.27245157697078,926233.4510161823
963,"plate",943,982,981,0.0000027063293749999955,1,2755.9193470291657,10.04689682791981,1087836.1778344824
964,"plate",830,869,868,0.0000027063293749999955,1,3333.8972438491355,9.14892678741682,902271.0198316446
965,"plate",869,907,868,0.0000027063293749999955,0.9999999999999998,3220.3642403326767,9.068337552004044,886511.4874657267
966,"plate",829,830,868,0.0000027063293749999955,1,1694.5480791925202,8.012358293256886,691755.7168342702
967,"plate",907,906,868,0.0000027063293749999955,1,2433.22643426894,9.430292226340661,958339.5538450554
968,"plate",867,829,868,0.0000027063293749999955,0.9999999999999998,1086.5382691294483,8.705485084025163,816472.4526398655
969,"plate",906,867,868,0.0000027063293749999955,1,1047.7384459010998,8.696672569942535,814829.237283402
970,"plate",384,422,383,0.0000027063293749999985,1,30772.241575900345,8.843041626204062,894331.7574705904
971,"plate",345,384,383,0.0000027063293749999993,1,30752.630975112326,8.821749068656162,889664.1506794681
972,"plate",344,345,383,0.000002706329375000003,1,31690.89210797991,8.78510157434429,886246.8625383812
973,"plate",422,421,383,0.0000027063293750000023,1.0000000000000002,31153.14968375338,8.540028131784812,838131.496229338
974,"plate",421,382,383,0.0000027063293750000023,1.0000000000000002,32207.44354222222,8.558016790820163,845486.2146735163
975,"plate",382,344,383,0.000002706329375000003,1,32200.984475347494,8.544842512653242,842586.8883468291
976,"plate",434,472,433,0.0000027063293750000023,1.0000000000000002,1392.2462119910533,9.928142595636128,1061969.5619901787
977,"plate",472,471,433,0.0000027063293750000023,1.0000000000000002,2537.989582726174,9.699177341119354,1013819.6543531332
978,"plate",471,432,433,0.0000027063293750000023,1.0000000000000002,4109.277587497699,10.079239713791166,1095350.7221141986
979,"plate",432,394,433,0.0000027063293750000023,1.0000000000000002,4072.0427353870846,10.068995222921421,1093155.6555568003
980,"plate",720,210,209,0.000002834201304758625,0.9849138673448521,446.1675547467622,2.508273825878169,67782.12734915964
981,"plate",744,720,209,0.0000021827046516221833,0.8958316422276256,547.182249911481,3.018410909961242,98160.84602174356
982,"plate",208,744,209,0.0000019706950039642625,0.9422623372231904,1624.2526147910535,5.599621906560515,337891.32262280845
983,"padL",111,112,809,0.0000015624999999999927,0.7046637151095777,34344.84967637691,1.0747422569397713,92405.67350815947
984,"padL",849,111,809,0.0000028821179687500005,0.9921387542565808,34925.78453747465,1.0952047225717452,95957.87074747626
985,"padL",112,113,809,0.0000015625000000000013,0.6808745925822764,34344.84967637691,1.074742256939885,92405.67350817902
986,"padL",113,782,809,0.0000029492114062499913,0.9854332914955163,33671.816690741914,1.055434193450952,89115.30693643691
987,"plate",1138,82,83,0.000003282271562500032,0.9816710084322948,4377.641401496635,10.39134643911354,1164349.4676788566
988,"padR",161,162,727,0.000001562500000000072,0.8631845582286997,30582.83461644904,0.9777067636639016,76472.84125713124
989,"padR",162,704,727,0.00000222405265625006,0.9282592116316348,30326.22491516331,0.968671772509205,75066.00022849
990,"padR",704,728,727,0.000002706329375,1,31094.386954666803,0.9897829930808675,78373.62987136965
991,"padR",728,751,727,0.0000027063293749999955,0.9999999999999998,31108.524976380497,0.9902065924169611,78440.72765328077
992,"padR",751,161,727,0.0000020447767187500603,0.8634288828885376,30563.357063058796,0.9762343748773602,76242.68437537522
993,"padR",527,490,528,0.0000027063293750000044,0.9999999999999998,34976.88393248645,1.112069413575754,98935.87044885772
994,"padR",567,527,528,0.000002706329375,1,34977.323153588215,1.1121927045959414,98957.8089725148
995,"padR",529,568,528,0.000002706329375,1,35137.7907104437,1.1096248034299092,98501.37635094917
996,"padR",491,529,528,0.0000027063293750000044,1,35138.774160611036,1.109593227771229,98495.77048926197
997,"padR",568,567,528,0.000002706329375,1,34351.1067304487,1.0879577175557633,94692.15961513168
998,"padR",490,491,528,0.0000027063293750000044,1,35725.43837765687,1.1325475513355807,102613.11648289759
999,"padR",925,58,962,0.0000017382885937499543,0.7151051131452754,35832.40418376468,1.1229154351254227,100875.1259554334
1000,"padR",924,925,962,0.0000027063293750000044,1,35421.78381711885,1.114464858879531,99362.55373418982
1001,"padR",259,258,37,0.0000013531646875000012,0.7999999979024508,38068.32669448887,1.2178039373951315,118643.71439480683
1002,"padR",38,259,37,0.0000013531646875000012,0.7999999979024508,38020.758508670355,1.2116067019916343,117439.26402488361
1003,"padR",258,36,37,0.0000013531646874999935,0.7999999979024532,38227.28432169676,1.2260506589392903,120256.01746283744
1004,"plate",1030,1069,1068,0.0000027063293750000044,1,25542.655279188995,9.852825029939462,1082070.3077636333
1005,"plate",1029,1030,1068,0.0000027063293750000044,1,24852.46783425273,10.079511147593744,1128462.3889348481
1006,"plate",1106,1067,1068,0.0000027063293749999955,1,23310.077100979444,10.122957026202632,1133948.3058215117
1007,"plate",1067,1029,1068,0.0000027063293750000044,0.9999999999999998,23297.65882492528,10.13392430021836,1136602.0048421987
1008,"plate",618,196,195,0.000002869416270891724,0.9651728893182376,4439.85461258341,9.345625761137752,941918.7449905195
1009,"plate",824,179,178,0.0000021150452470650674,0.9732427225647733,17188.21889565109,15.36643935706493,2560369.2965203356
1010,"plate",177,792,178,0.000002233364164114423,0.8527967171401909,9291.60442618659,12.5799873449395,1709190.0766213327
1011,"plate",589,590,623,0.0000027063293750000044,1,5204.950171096325,9.526088854990789,978896.0713474134
1012,"plate",650,622,623,0.000002706329375,1,2737.7739110757457,7.655735554884827,631731.5014705231
1013,"plate",622,589,623,0.0000027063293750000044,0.9999999999999998,2581.6995327592035,7.363673269649789,584553.3452307137
1014,"plate",212,650,623,0.000002763923630620951,0.9552341687490441,2349.6312929765377,6.559477501648071,463807.1065085914
1015,"plate",213,212,623,0.000002869416270891698,0.9651728893182372,4439.854612702049,9.3456257611304,941918.7449890813
1016,"plate",190,189,616,7.599619311345472e-7,0.5434270312060354,37356.073120835325,13.360444585906961,2002353.4785901722
1017,"plate",580,190,616,0.0000015648084474625336,0.8657394307843665,35460.49737053526,12.846570140374379,1844329.243197051
1018,"plate",579,580,616,0.0000027063293750000044,1,33505.57814782401,12.206711414208021,1669254.3522269754
1019,"plate",189,615,616,0.0000011285902741513393,0.5755042187662164,33868.774549084155,11.49220949698154,1488814.0181102834
1020,"plate",615,579,616,0.0000027063293750000044,0.9999999999999998,28826.266672617472,9.57748160384795,1033031.0330509646
1021,"plate",286,248,287,0.0000027063293750000023,1.0000000000000002,19022.27739598446,10.27541039622023,1157575.2741051598
1022,"plate",325,286,287,0.0000027063293750000023,1.0000000000000002,19015.558670252893,10.276519922880416,1157862.2460578324
1023,"plate",288,326,287,0.0000027063293750000023,1.0000000000000002,21657.47923377044,10.112898739841704,1127856.717024013
1024,"plate",249,288,287,0.0000027063293750000023,1.0000000000000002,21665.397929115337,10.110154114706534,1127178.6718641606
1025,"plate",326,325,287,0.0000027063293750000023,1.0000000000000002,20562.642089782206,10.271454500077285,1160026.3870084155
1026,"plate",248,249,287,0.0000027063293750000023,1.0000000000000002,20274.499133435333,10.167224230728007,1136500.2764894809
1027,"plate",477,516,515,0.0000027063293750000044,1,14344.120739663602,11.703022427021157,1487176.3796072027
1028,"plate",516,554,515,0.000002706329375,1,14596.288060564295,11.817915685548442,1516120.5848294771
1029,"plate",554,553,515,0.000002706329375,1,11934.321367564335,11.689255388635416,1480302.6066026574
1030,"plate",476,477,515,0.0000027063293750000044,1,12180.764247438163,11.053748298092126,1324392.9102482174
1031,"plate",514,476,515,0.0000027063293750000044,0.9999999999999998,9953.924706167523,10.855332114219516,1275171.0902853967
1032,"plate",553,514,515,0.000002706329375,1,10228.710195194624,11.021149325289082,1314103.238512805
1033,"plate",1021,1022,1060,0.0000027063293750000044,1,1447.1935411952727,10.166721888209969,1113638.6892962665
1034,"plate",1059,1021,1060,0.0000027063293750000044,0.9999999999999998,413.44764579227194,10.26548336005925,1135270.0487536846
1035,"plate",1022,1061,1060,0.0000027063293750000044,1,2886.78470080681,10.29119598101623,1141417.4294140325
1036,"plate",506,544,505,0.000002706329375,1,19198.42336097237,12.284084672668355,1646031.006956122
1037,"plate",504,466,505,0.0000027063293750000044,0.9999999999999998,23350.64529842286,12.240786210794916,1644323.78153693
1038,"plate",543,504,505,0.000002706329375,1,23324.649037866555,12.269980153725296,1652618.9809017773
1039,"plate",544,543,505,0.000002706329375,1,23854.61053914452,13.725353550460195,2061190.2749787192
1040,"plate",1045,1084,1083,0.0000027063293749999934,0.9999999999999997,35270.23966529119,8.448180945575329,835891.365672234
1041,"plate",1084,1122,1083,0.0000027063293750000023,0.9999999999999998,35274.20974141596,8.446188502586985,835406.6689329586
1042,"plate",1044,1045,1083,0.0000027063293749999917,1,35925.063021683374,8.289445534253318,809215.8516994896
1043,"plate",149,1044,1083,0.000002575629843750005,0.9951225755370727,37055.66249078164,8.291309389751488,814096.4442203817
1044,"padR",962,58,59,0.000003124999999999936,0.9817261112129942,36134.517102345126,1.1332500866490123,102740.46071119951
1045,"plate",931,970,969,0.0000027063293749999955,1,31946.139494051396,8.463407062655302,827264.6827710969
1046,"plate",970,1008,969,0.0000027063293750000044,0.9999999999999998,31934.41386857873,8.446994635800037,823711.3644480675
1047,"plate",968,930,969,0.0000027063293749999917,1,33362.6506314405,8.226865268516443,789356.2263125994
1048,"plate",1007,968,969,0.0000027063293750000006,0.9999999999999998,33365.5590797403,8.218682257065026,787532.0964879702
1049,"plate",1008,1007,969,0.0000027063293750000006,1,33043.91701940441,8.471391658799348,832387.2644332123
1050,"plate",930,931,969,0.0000027063293749999917,0.9999999999999998,32085.357001026154,8.146660337744498,770369.5623045381
1051,"padL",782,113,754,0.000002463447343750004,0.9826108482949657,33680.77373874956,1.0554411783640556,89116.48647892049
1052,"padL",113,114,754,0.0000015625000000000058,0.8292527579044429,33297.24642630899,1.0420057333016075,86862.07585867366
1053,"padL",114,731,754,0.0000018053820312499995,0.7506038109191393,33098.01872689311,1.0363000884790023,85913.42987052705
1054,"plate",1013,974,975,0.0000027063293750000044,1,24355.48939369453,10.426066683784166,1203674.325463053
1055,"plate",974,936,975,0.0000027063293749999955,0.9999999999999998,24365.26283274339,10.463300351606101,1212718.0437437356
1056,"plate",936,937,975,0.0000027063293749999955,1,24141.7030324563,10.944326928267595,1322428.0726023687
1057,"padL",376,123,124,0.0000015625000000000016,0.6351622422070949,37086.61019121937,1.1614049348160052,107908.91380919753
1058,"padL",125,376,124,0.0000015625000000000013,0.7480569904844631,37086.61019121937,1.1614049348158915,107908.9138091764
1059,"plate",436,398,437,0.0000027063293750000023,1.0000000000000002,7014.4223738514365,10.3265581561144,1151599.4236274767
1060,"plate",904,865,866,0.0000027063293749999955,1,3220.3642402674623,9.068337552011956,886511.4874672488
1061,"plate",905,904,866,0.0000027063293749999955,1,2433.22643420302,9.430292226346182,958339.5538461595
1062,"plate",828,867,866,0.0000027063293749999955,1,1086.5382690656988,8.705485084028396,816472.4526404643
1063,"plate",867,905,866,0.0000027063293749999955,0.9999999999999998,1047.7384458362842,8.696672569945425,814829.2372839359
1064,"plate",82,1138,1139,0.000003282271562500032,0.9816710084322948,5831.107415884381,10.39606164605511,1166239.27173622
1065,"plate",1140,81,1139,0.000003282271562500032,0.9816710084322948,8785.210679981681,10.420473999605088,1174131.5805931955
1066,"plate",81,82,1139,0.000003282271562500032,0.9816710084322948,7310.225502611521,10.40925971675303,1170282.679116725
1067,"plate",1138,1100,1139,0.0000027063293750000044,0.9999999999999998,5839.367907654415,10.396261844728896,1166279.5898034102
1068,"plate",250,28,29,0.000001353164687500001,0.7999999979024506,23995.202697804918,9.872740803572158,1081894.481866613
1069,"plate",900,939,938,0.0000027063293750000044,1,17802.59801402733,11.362226523694325,1408447.008892075
1070,"plate",939,977,938,0.0000027063293749999955,0.9999999999999998,17793.026775594833,11.360712000348805,1408101.8784534626
1071,"plate",240,19,241,0.0000013531646875000012,0.7999999979024508,3022.2939586344028,10.381197941798895,1161480.8562007311
1072,"plate",19,20,241,0.0000013531646875000012,0.7999999979024508,1675.576235577287,10.377882390438623,1160384.5091915375
1073,"plate",242,280,241,0.0000027063293750000023,1.0000000000000002,418.4973327005286,10.373789515982594,1159351.4195169916
1074,"plate",20,242,241,0.000001353164687500001,0.7999999979024507,837.3145319912585,10.373789515982594,1159351.4045003657
1075,"plate",1023,1024,1062,0.0000027063293750000044,1,7188.154087893757,10.384572411668529,1164668.4745775976
1076,"plate",1100,1061,1062,0.0000027063293749999955,1,5770.541010081288,10.35819851559077,1157736.1769320928
1077,"plate",1061,1023,1062,0.0000027063293750000044,0.9999999999999998,5784.844003039131,10.359972339325765,1158115.4950259419
1078,"plate",1024,1063,1062,0.0000027063293750000044,1,8780.073465479069,10.44830421707498,1180347.5596089887
1079,"padR",636,49,50,0.0000015624999999999336,0.7430939090664931,33661.072221865834,1.0531225874828407,88725.37474132428
1080,"padR",659,636,50,0.000002769935468749941,0.9989217770250792,33116.69971713824,1.037722611279084,86149.45743679047
1081,"plate",834,204,835,0.0000013170934374999888,0.7869537090115286,26536.37976121154,15.231288205596586,2538706.768220985
1082,"plate",873,834,835,0.0000027063293749999955,1,26518.623131783323,15.231885202623388,2538798.3569383346
1083,"plate",874,873,835,0.0000027063293749999955,1,25093.99042423986,13.113991132781404,1888532.0188027585
1084,"plate",204,203,835,0.0000014188671440203497,0.8770448671856123,33150.115703130716,16.915400303750122,3144197.00895564
1085,"plate",836,874,835,0.0000027063293749999955,0.9999999999999998,30735.577895149247,14.259506527193283,2242417.9068735177
1086,"plate",203,836,835,0.0000017004278917479732,0.8969582235748296,31221.639050445407,14.682228363417996,2378837.7961893566
1087,"padR",752,780,779,0.0000027063293750000044,1,32604.10486208042,1.0315682244704625,85130.6401389714
1088,"padR",751,752,779,0.0000027063293750000044,1,31859.326679501035,1.0108329616144558,81742.66210290014
1089,"padR",806,778,779,0.0000027063293749999955,1,31991.739996618184,1.01857855634348,83000.18203542141
1090,"padR",778,751,779,0.0000027063293750000044,0.9999999999999998,31956.513140442345,1.0175275330373577,82828.98243912727
1091,"plate",824,863,862,0.0000027063293749999955,1,15119.99092675069,12.434516703719169,1677821.729365019
1092,"plate",823,824,862,0.0000027063293749999955,1,18916.932868630916,14.171129367094244,2183887.671450263
1093,"plate",900,861,862,0.0000027063293749999955,1,20294.622733153323,13.063162128677323,1861509.3627054342
1094,"plate",861,823,862,0.0000027063293749999955,0.9999999999999998,20420.502850844343,13.105250597815482,1873198.1655969059
1095,"plate",1132,88,89,0.0000032822715625000136,0.9816710084322937,13223.604799802184,10.401398670425474,1175301.245607422
1096,"plate",73,1148,72,0.000003282271562500032,0.9816710084322948,30144.992081359724,9.139531201271598,949574.1574903101
1097,"plate",1148,1149,72,0.000003282271562500032,0.9816710084322948,31037.385868609694,9.006535244753962,926360.2198740611
1098,"plate",1149,71,72,0.000003282271562500032,0.9816710084322948,31946.711554114845,8.905233263513693,909873.6346030247
1099,"padL",138,686,663,0.0000016261060937499968,0.6534635608431659,30448.925328077818,0.9723413021182006,75635.80862439342
1100,"padL",686,662,663,0.0000027063293749999964,1,31293.734112838745,0.9958738455588938,79341.17730146076
1101,"plate",834,872,833,0.0000027063293749999955,0.9999999999999998,18916.932868698277,14.171129367063934,2183887.67144113
1102,"plate",205,834,833,0.0000017004278917479728,0.896958223574832,19882.62199077907,14.600253089110156,2317413.109852419
1103,"plate",872,871,833,0.0000027063293749999955,1,15119.99092681521,12.434516703693825,1677821.7293583257
1104,"plate",871,832,833,0.0000027063293749999955,1,11603.66237355833,11.970826383977665,1551790.6121189934
1105,"plate",832,206,833,0.000002824307644925053,0.9742190109959192,12805.480212092307,12.931790611678775,1810126.9315173905
1106,"plate",206,205,833,0.0000021150452470650627,0.9732427225647704,17188.218895741626,15.36643935703193,2560369.2965095537
1107,"padL",116,684,707,0.000002224052656249998,0.9282592116316329,32695.638457549143,1.0238871408131365,83867.59016979995
1108,"padL",684,708,707,0.0000027063293749999976,1,32512.85036061722,1.021644576577513,83500.61126801968
1109,"padL",708,731,707,0.000002706329374999993,1,32514.16862790895,1.0216777515049165,83506.03423361134
1110,"plate",228,266,227,0.0000027063293749999985,1,34595.97298763459,8.59650777894919,860725.9240875217
1111,"plate",6,228,227,0.0000013531646874999992,0.7999999979024515,34601.06231506991,8.595911408316383,860579.4240141917
1112,"plate",5,6,227,0.0000013531646875,0.7999999979024509,35524.74045604966,8.511180059454292,848204.6333003824
1113,"plate",266,265,227,0.000002706329375,0.9999999999999998,35368.83097604892,8.484331895288975,842901.7543474013
1114,"plate",265,226,227,0.0000027063293749999985,1,36434.89997398015,8.427889474606019,836287.220434315
1115,"plate",226,5,227,0.0000013531646874999992,0.7999999979024515,36439.37647546812,8.427615322295452,836219.5781844825
1116,"plate",266,228,267,0.0000027063293749999985,1,33635.888423968354,8.66643224232544,870308.6581934566
1117,"plate",268,306,267,0.0000027063293750000023,1.0000000000000002,31904.544996691933,8.885580188787692,906022.0890826143
1118,"plate",698,221,674,0.0000023880895340256147,0.9569598813738183,10695.05828781585,3.0468530201085526,106271.331182774
1119,"plate",652,675,674,0.0000027063293750000044,1,18593.064637771182,5.128686661190424,301876.4537739608
1120,"plate",843,804,805,0.0000027063293750000044,1,29674.443673472895,6.933730403440474,564934.5556055293
1121,"plate",804,776,805,0.0000027063293749999955,0.9999999999999998,29623.110566489555,6.929985653572852,564540.9112075027
1122,"plate",844,843,805,0.0000027063293750000044,1,31465.21846248548,7.1786000351622885,608273.3201234146
1123,"plate",776,777,805,0.0000027063293749999955,1,29551.672699354804,6.689567192606596,528522.8474767358
1124,"plate",777,159,805,0.000002463447343749946,0.982610848294965,31158.11248628726,6.886242473794588,562623.0323737066
1125,"plate",159,844,805,0.0000029492114062499337,0.985433291495516,31107.42745552555,6.887359780071808,562699.9102140892
1126,"padR",60,61,1039,0.000003124999999999936,0.9774423572995152,37188.520079613954,1.1666841019328769,108892.14349623387
1127,"plate",816,854,815,0.0000027063293749999955,0.9999999999999998,28758.041166562554,7.389640709106214,632603.828403336
1128,"plate",854,853,815,0.0000027063293749999917,1,30458.462653148246,7.654954273363467,681629.9913320657
1129,"plate",853,814,815,0.0000027063293749999917,0.9999999999999998,30048.80079104119,7.262273061555137,616475.4528914497
1130,"plate",814,786,815,0.0000027063293750000006,1,30006.208379738087,7.263892698870802,617067.3647743546
1131,"plate",31,252,30,0.0000013531646875000012,0.7999999979024508,28255.780949957745,9.387903789695333,993274.1420933817
1132,"plate",1012,1050,1011,0.0000027063293750000006,1,26821.04776056017,9.715310407736732,1056232.2457221851
1133,"plate",973,1012,1011,0.0000027063293750000006,0.9999999999999998,26839.271349759572,9.745308958716059,1063154.202030204
1134,"plate",645,188,187,0.000002664481934692993,0.9165354893101862,22130.95785604983,6.579143422151949,493293.44561774476
1135,"plate",250,29,251,0.0000013531646875000012,0.7999999979024508,25145.700718469376,9.759267670313536,1060937.0263709896
1136,"plate",252,290,251,0.0000027063293750000023,1.0000000000000002,27259.769171008378,9.514999205399457,1016259.4724689071
1137,"plate",30,252,251,0.000001353164687500001,0.7999999979024506,27268.26328441712,9.51315387622356,1015822.5565720509
1138,"plate",29,30,251,0.0000013531646875000012,0.7999999979024508,26218.418901701993,9.637657727245974,1038523.5825971565
1139,"padL",782,783,810,0.000002706329375000002,1,33381.0471710745,1.0530589368570573,88714.64995956125
1140,"padL",850,849,810,0.0000027063293749999934,0.9999999999999998,34665.99352088254,1.0944134381702195,95819.26189180487
1141,"padL",849,809,810,0.0000027063293749999934,1.0000000000000002,34148.74539292947,1.074088360291405,92293.26445707833
1142,"padL",809,782,810,0.0000027063293750000015,0.9999999999999998,34145.837203985866,1.0740363940912898,92284.33406660963
1143,"plate",587,586,549,0.0000027063293750000044,1,786.8350168548702,7.570589037650854,617455.2900177969
1144,"plate",548,510,549,0.000002706329375,1,1983.4560042303126,8.627647655485045,802116.7054986219
1145,"plate",586,548,549,0.0000027063293750000044,1,2055.2001758645015,8.66794288269862,809597.4328347091
1146,"plate",550,587,549,0.0000027063293750000044,0.9999999999999998,295.8556026429869,8.434543376182518,766387.4094443856
1147,"plate",1128,92,93,0.0000032822715625000322,0.981671008432295,23986.944281650172,9.87263167905431,1081889.899818223
1148,"plate",94,1127,93,0.0000032822715625000182,0.981671008432294,26212.464787013992,9.63771347578904,1038558.2586647314
1149,"plate",1127,1128,93,0.000003282271562500032,0.9816710084322948,25181.173502300397,9.767481107800533,1062764.7363408708
1150,"padL",417,418,455,0.0000027063293749999993,1,36320.3445281476,1.1561649827461526,106937.39738627292
1151,"padL",418,456,455,0.0000027063293749999985,1,35679.63286633248,1.139259032354754,103832.89142415122
1152,"padL",494,454,455,0.0000027063293750000023,0.9999999999999998,35725.43837767665,1.132547551344458,102613.11648450622
1153,"padL",454,417,455,0.000002706329375,0.9999999999999998,35722.66131447473,1.132365601598244,102580.14845463623
1154,"plate",914,953,952,0.0000027063293750000044,1,26281.38620572129,10.483838239459795,1222917.7232930604
1155,"plate",953,991,952,0.0000027063293749999955,0.9999999999999998,26171.21375686975,10.394050464173166,1201340.3202360144
1156,"plate",991,990,952,0.0000027063293749999955,1,24365.262832754095,10.463300351578077,1212718.0437373898
1157,"plate",990,951,952,0.0000027063293749999955,1,24141.703032470145,10.944326928239256,1322428.0725956815
1158,"plate",1034,996,1035,0.0000027063293750000044,0.9999999999999998,33043.91701934134,8.471391658769425,832387.2644274007
1159,"plate",1036,1074,1035,0.0000027063293750000044,0.9999999999999998,34598.13722371982,8.26547708363401,800375.8898767424
1160,"plate",360,321,322,0.0000027063293750000023,1.0000000000000002,8786.741991125475,10.435557131442081,1177493.7647853524
1161,"plate",321,283,322,0.0000027063293750000023,1.0000000000000002,8776.46110014343,10.434574923902337,1177290.7152783468
1162,"plate",361,360,322,0.0000027063293750000023,1.0000000000000002,10294.637754548485,10.501395695654054,1193988.3488231513
1163,"plate",283,284,322,0.0000027063293750000023,1.0000000000000002,10281.414695382973,10.432932133422458,1178505.758244265
1164,"padR",59,60,1002,0.0000015624999999999334,0.8658451507449783,36738.00745195476,1.1507571891393922,105939.36866847958
1165,"padR",1001,962,1002,0.0000027063293749999955,0.9999999999999998,36607.69634769086,1.1524356573609476,106248.63554855673
1166,"padR",962,59,1002,0.0000021118701562499224,0.8899495880180677,36307.136047439584,1.1382517709231683,103649.36752077831
1167,"padR",60,1039,1002,0.00000215695921874996,0.9062863255276589,37075.21241517115,1.1626848166354364,108146.87862676628
1168,"padR",1039,1001,1002,0.0000027063293750000044,1,36607.361598680196,1.1523763566753369,106237.70139394587
1169,"plate",696,720,719,0.000002706329375,1,301.9772057591759,3.2512207157644397,113871.24220996375
1170,"plate",720,743,719,0.0000027063293749999955,0.9999999999999998,307.7254635290726,3.4021443710857877,124689.69764032566
1171,"plate",743,742,719,0.0000027063293749999955,1,271.0850288001444,4.351541112666707,203984.63985761697
1172,"plate",742,718,719,0.0000027063293749999955,1,47.08841139799915,3.6836231136312847,146168.25602922562
1173,"plate",670,646,647,0.0000027063293750000044,1,1129.7504681536725,5.343997156860019,307696.1325893912
1174,"plate",646,619,647,0.000002706329375,1,1124.9132749641788,5.475636260589209,323066.70576513105
1175,"plate",620,648,647,0.000002706329375,1,358.8803911311075,5.195571049802034,290795.66852590564
1176,"plate",648,671,647,0.0000027063293750000044,0.9999999999999998,388.26010151970416,5.178834425364402,288922.37330462295
1177,"plate",671,670,647,0.0000027063293750000044,1,423.2785445505755,4.034968600969364,175394.43582002868
1178,"plate",619,620,647,0.000002706329375,1,1196.0096291374705,6.626160365826404,473039.0900229789
1179,"plate",216,215,592,8.86358424128445e-7,0.49004880379509896,25415.214277087995,16.866981490119752,3098690.4250138374
1180,"plate",555,216,592,0.0000029762648437499725,0.9822290582540506,23998.1461765175,15.869145399171433,2746082.00135178
1181,"plate",554,555,592,0.0000027063293750000044,1,18185.133353873094,13.247927591392765,1908532.729922837
1182,"plate",215,214,592,8.782808174924255e-7,0.4762554177146849,17338.168764079637,15.498017870325539,2606297.5633336892
1183,"plate",214,591,592,0.0000020470851449250656,0.8940178424870103,16089.56217518948,14.523135509533905,2285484.8691671635
1184,"plate",591,554,592,0.0000027063293750000044,0.9999999999999998,15098.80455408056,13.561733460952667,1994884.839712007
1185,"plate",1126,1125,1087,0.0000027063293750000006,0.9999999999999998,29223.537638005033,9.259895880946395,970611.2668142155
1186,"plate",864,903,902,0.0000027063293749999955,1,8392.133121958645,10.572430646069797,1207895.6515642034
1187,"plate",903,941,902,0.0000027063293750000044,0.9999999999999998,8196.385172249518,10.456549033858417,1181772.4259409
1188,"plate",863,864,902,0.0000027063293749999955,1,9696.934527533633,10.936598033621271,1294015.4526976529
1189,"plate",941,940,902,0.0000027063293750000044,1,10325.900721432465,10.757632058610158,1252524.981604792
1190,"plate",690,668,691,0.0000027063293749999964,1.0000000000000002,17880.77515154913,4.7898781533445645,264330.7861129516
1191,"padR",566,166,167,0.0000015625000000000744,0.8496600785692255,34005.31697957239,1.0896968597981451,94995.13970031506
1192,"plate",166,565,167,0.0000015624999999999355,0.849660078569187,33258.93790602604,7.295637851136147,633283.8144161871
1193,"padR",527,566,167,0.000001917564531250061,0.8066013663634833,34483.16078590119,1.104928808654855,97669.41377563498
1194,"padR",168,527,167,0.0000031250000000000662,0.9897302364751439,34909.81481815083,1.118375974366801,100061.18560327131
1195,"plate",256,257,295,0.0000027063293750000023,1.0000000000000002,36434.89999887474,8.427889474580441,836287.2204272877
1196,"plate",644,645,669,0.0000027063293750000006,0.9999999999999998,21035.047210751967,6.06749697254773,421071.89260646084
1197,"plate",668,644,669,0.0000027063293750000006,1,18593.064637805215,5.128686661214343,301876.45377674385
1198,"plate",691,668,669,0.0000027063293749999964,1.0000000000000002,16986.839050295748,4.692467799581301,252962.5832413226
1199,"plate",645,187,669,0.000003147258089122216,0.9669992287644262,17813.150729810823,5.1395917781740454,301856.2661795103
1200,"padR",568,604,603,0.0000027063293750000044,1,33833.264881641706,1.067585134667628,91179.0415810638
1201,"padR",604,635,603,0.0000027063293750000044,0.9999999999999998,33826.755729153796,1.0674400353620712,91154.2583275024
1202,"padR",634,602,603,0.0000027063293750000044,1,33471.66016743058,1.063366782539062,90459.91313659816
1203,"padR",602,567,603,0.0000027063293750000044,0.9999999999999998,33486.31262322059,1.0637297363659695,90521.67616233719
1204,"padR",635,634,603,0.0000027063293750000044,1,33008.076902874796,1.044726183688087,87316.22391067796
1205,"padR",567,568,603,0.0000027063293750000044,1,34345.51189378331,1.0878707322423355,94677.01840555803
1206,"plate",1135,1097,1136,0.0000027063293750000044,0.9999999999999998,2930.321549644225,10.372960262295718,1159639.3492644073
1207,"padL",149,1120,1082,0.0000028370289062499896,0.9955699827671888,37882.52368685159,1.2150027445212586,118098.53353553526
1208,"plate",508,469,470,0.0000027063293750000044,1,8532.851458064559,10.538456924479856,1200360.7916407343
1209,"plate",469,431,470,0.0000027063293750000023,1.0000000000000002,8405.908448572083,10.477633548419401,1186699.5327210494
1210,"plate",431,432,470,0.0000027063293750000023,1.0000000000000002,7075.137833268545,10.347438157385197,1156186.45907332
1211,"plate",509,508,470,0.0000027063293750000044,1,6374.806023288648,10.041181234505318,1088541.4570717858
1212,"plate",471,509,470,0.0000027063293750000044,0.9999999999999998,5343.287760786024,10.047807876400938,1089142.9054019481
1213,"plate",432,471,470,0.0000027063293750000023,1.0000000000000002,5261.314802372555,10.009686336622286,1080969.4577818506
1214,"plate",444,445,483,0.0000027063293750000023,1.0000000000000002,28727.002430868684,9.34104204465203,985737.6541204343
1215,"plate",522,521,483,0.0000027063293750000044,1,28584.567622105737,9.027799093275778,922170.2374396884
1216,"plate",482,444,483,0.0000027063293750000023,1.0000000000000002,28223.08343098043,9.479897603655619,1011408.226957088
1217,"plate",521,482,483,0.0000027063293750000044,1,28409.339653006467,9.58195869928157,1034124.9827486578
1218,"plate",959,998,997,0.0000027063293749999955,1,34953.13493166426,8.045350758855848,762759.577986136
1219,"plate",998,1036,997,0.0000027063293750000044,0.9999999999999998,34964.911834872175,8.042088975577903,761982.4076404806
1220,"plate",996,958,997,0.0000027063293749999955,0.9999999999999998,33362.650631370416,8.226865268486785,789356.226306965
1221,"plate",1035,996,997,0.0000027063293750000044,1,33365.55907966978,8.218682257035455,787532.09648236
1222,"plate",958,959,997,0.0000027063293749999955,1,33471.96634775871,7.951557979757979,741285.6927732227
1223,"plate",1036,1035,997,0.0000027063293750000044,1,34594.01200437512,8.269647030933468,801353.1766948114
1224,"plate",232,10,11,0.0000013531646874999973,0.799999997902452,26218.418868671266,9.63765772731936,1038523.582603703
1225,"plate",233,232,11,0.0000013531646875000012,0.7999999979024509,25145.700748938645,9.759267670351742,1060937.0263814563
1226,"plate",12,233,11,0.0000013531646875000012,0.7999999979024508,23995.202655585555,9.872740803604621,1081894.4818685264
1227,"padR",338,42,43,0.0000015624999999999319,0.7786720575848479,37844.70960538238,1.1859497192434065,112518.13892588117
1228,"plate",801,840,839,0.0000027063293750000044,1,27713.013891455932,8.180907535298894,763620.058550246
1229,"plate",840,878,839,0.0000027063293749999955,0.9999999999999998,27402.621311792,8.05500564217751,739292.4593458109
1230,"plate",800,801,839,0.0000027063293750000044,1,25839.340155356844,7.695792050554371,673758.5912125233
1231,"plate",878,877,839,0.0000027063293749999955,1,28768.971637967752,9.013953040091774,921494.0228854417
1232,"plate",838,800,839,0.0000027063293750000044,0.9999999999999998,28844.365798519004,9.210852179710873,960696.3310957018
1233,"plate",877,838,839,0.0000027063293749999955,1,27884.423564007902,8.864647745005696,888309.3626313476
1234,"plate",979,1017,978,0.0000027063293750000044,0.9999999999999998,11972.961337892106,10.742964688596935,1251392.1139543278
1235,"plate",940,979,978,0.0000027063293749999955,1,12023.461186677378,10.75599660085543,1254331.856598051
1236,"plate",1017,1016,978,0.0000027063293750000044,1,13540.123127711564,10.666986203004315,1236008.0044791154
1237,"plate",939,940,978,0.0000027063293749999955,1,13944.944893573685,11.126530263249442,1344641.946805383
1238,"plate",1016,977,978,0.0000027063293750000044,1,15445.527410478018,10.924236311838635,1298983.7814799866
1239,"plate",977,939,978,0.0000027063293749999955,0.9999999999999998,15463.778455276988,10.927116788043273,1299619.0302511984
1240,"plate",350,312,351,0.0000027063293750000023,1.0000000000000002,19494.65349651831,10.47799243744149,1203840.6827047705
1241,"plate",389,350,351,0.000002706329375000003,1,19478.422191842878,10.480967051957593,1204618.6328935989
1242,"plate",312,313,351,0.0000027063293750000023,1.0000000000000002,17776.52519209452,10.412180925523288,1185581.7876905042
1243,"plate",390,389,351,0.000002706329375000003,1,18434.890251061883,10.739996645418692,1261530.3222097948
1244,"plate",313,352,351,0.0000027063293750000023,1.0000000000000002,16534.78589308653,10.574067229181257,1219774.5138686593
1245,"plate",352,390,351,0.000002706329375000003,1,16529.244441004466,10.574117076708784,1219806.6778648316
1246,"plate",631,630,600,0.0000027063293750000044,1,28575.28819354417,6.859646030411915,550560.2273290203
1247,"plate",564,601,600,0.0000027063293750000044,1,30470.525686664645,7.140797376995101,598921.1201474032
1248,"plate",601,631,600,0.0000027063293750000044,0.9999999999999998,30428.8532728646,7.139905981510284,599013.0187398477
1249,"plate",1069,1030,1031,0.0000027063293750000044,1,26821.047760555848,9.715310407707998,1056232.2457160682
1250,"plate",1030,992,1031,0.0000027063293750000044,0.9999999999999998,26839.27134975576,9.745308958687362,1063154.2020240747
1251,"plate",1032,1070,1031,0.0000027063293750000044,0.9999999999999998,28517.58353522616,9.346131174111907,985394.7421621195
1252,"plate",993,1032,1031,0.0000027063293750000044,1,28542.396842825863,9.374673560988315,991818.2575979034
1253,"plate",1070,1069,1031,0.0000027063293750000044,1,27516.03951407648,9.541804387796793,1022722.143894122
1254,"plate",992,993,1031,0.0000027063293750000044,1,27922.44497579164,9.525228344507363,1019951.7670559708
1255,"plate",945,983,944,0.0000027063293749999955,0.9999999999999998,1320.145820061369,9.722994911727515,1018534.1681993343
1256,"plate",906,945,944,0.0000027063293750000044,1,1341.2644346592422,9.725327821572755,1019016.845105041
1257,"plate",983,982,944,0.0000027063293749999955,1,396.64845757745206,9.978497351516921,1072674.4078760282
1258,"plate",905,906,944,0.0000027063293750000044,1,322.12736016884446,9.27245157697078,926235.7348412162
1259,"plate",982,943,944,0.0000027063293749999955,1,1320.1458199921037,9.722994911729806,1018534.1681998041
1260,"plate",943,905,944,0.0000027063293750000044,0.9999999999999998,1341.264434590103,9.725327821575197,1019016.8451055428
1261,"padL",147,148,1005,0.0000031250000000000035,0.9774423572995126,37106.97966872326,1.191090637371046,113495.75251463715
1262,"padL",1042,1004,1005,0.0000027063293750000015,1,37005.161252133796,1.1783653595462777,111083.59364629028
1263,"padL",1004,965,1005,0.0000027063293750000015,0.9999999999999998,37014.73295209846,1.1787588341588615,111157.79112860467
1264,"plate",257,36,173,0.0000015624999999999334,0.8621566496632102,37723.62775379412,8.336100884415027,825977.3473954042
1265,"padR",36,258,173,0.000001562500000000072,0.8621566496632486,38102.52678676035,1.2251264713673162,120074.78966759452
1266,"padR",258,296,173,0.0000022390823437500632,0.9327867706979721,38115.489534262546,1.2258949308359663,120225.4705159455
1267,"padR",296,172,173,0.0000031250000000000747,0.9674177032561897,37977.817665720024,1.2203045185221983,119131.44943405555
1268,"plate",172,295,173,0.000003124999999999936,0.9674177032561949,37252.78818623434,8.331561279929703,823538.8185235808
1269,"plate",295,257,173,0.0000022390823437499434,0.9327867706979688,37334.13896366823,8.327641119167113,821154.1679122035
1270,"plate",480,442,481,0.0000027063293750000023,1.0000000000000002,25582.83201516908,10.776950490016727,1287032.32771617
1271,"plate",519,480,481,0.0000027063293750000044,1,25684.115145069514,10.870420003792864,1310202.3666975275
1272,"plate",520,519,481,0.0000027063293750000044,1,27570.006040464974,10.697230660011934,1274076.7157233006
1273,"plate",482,520,481,0.0000027063293750000044,0.9999999999999998,27328.32558648334,10.236395681595715,1170772.0549483474
1274,"plate",1097,1059,1098,0.0000027063293749999955,0.9999999999999998,1499.4463419355125,10.333419954602816,1150463.4211696004
1275,"plate",1136,1097,1098,0.0000027063293750000044,1,1496.4212117104048,10.333360483270939,1150451.19064178
1276,"plate",1059,1060,1098,0.0000027063293749999955,1,407.84494743449613,10.26548336005925,1135270.5638816683
1277,"plate",397,358,359,0.000002706329375000003,1,4306.827505274702,10.303396624198403,1144687.134745532
1278,"plate",360,398,359,0.000002706329375000003,1,7256.146307501649,10.400320777940898,1168200.8673511234
1279,"plate",321,360,359,0.0000027063293750000023,1.0000000000000002,7237.054980129569,10.39740073229092,1167572.703963529
1280,"plate",398,397,359,0.000002706329375000003,1,5659.913862415948,10.288657370638813,1142200.8927998648
1281,"plate",488,168,526,0.0000019325942187499447,0.8137192700216048,34436.72021689927,7.616422537401359,687560.3406714442
1282,"plate",565,564,526,0.000002706329375,1,32254.788328815317,7.356651964587,638422.4219438856
1283,"plate",487,488,526,0.0000027063293750000044,1,34054.68234363436,7.818552491534198,720699.0704162739
1284,"plate",564,525,526,0.000002706329375,1,32422.715929586724,7.675587389748266,691427.7097528009
1285,"plate",525,487,526,0.0000027063293750000044,0.9999999999999998,32434.56221540277,7.670136078657138,690186.508649707
1286,"plate",168,167,526,0.0000031249999999999273,0.9897302364751502,33947.68893799736,7.541044064565802,675288.763469557
1287,"plate",167,565,526,0.000001917564531249941,0.8066013663634738,33676.538328495015,7.445321488125213,657177.278147281
1288,"plate",79,80,1141,0.000003282271562500041,0.9816710084322954,13223.604799849569,10.40139867040906,1175301.2456038082
1289,"plate",80,1140,1141,0.000003282271562500032,0.9816710084322948,11761.988390714012,10.428101811954049,1179260.0329332668
1290,"plate",1140,1102,1141,0.0000027063293750000044,0.9999999999999998,11766.418016454314,10.428163352227608,1179268.6916866563
1291,"padL",111,886,110,0.0000015625000000000013,0.8137250602214197,35585.92681576556,1.1144643947395139,99362.47097136888
1292,"padL",886,926,110,0.000001738288593750013,0.7151051131452824,35832.40418389847,1.1229154351303405,100875.12595631696
1293,"padL",926,109,110,0.0000031250000000000027,0.9817261112129915,36134.51710247464,1.1332500866539448,102740.46071209387
1294,"plate",96,97,1124,0.000003282271562500032,0.9816710084322948,31946.71155416606,8.905233263543973,909873.6346091223
1295,"plate",1125,96,1124,0.0000032822715625000276,0.9816710084322945,31037.38586865141,9.006535244783857,926360.2198801131
1296,"plate",97,1123,1124,0.0000032822715625000322,0.981671008432295,32791.19817211905,8.779187525832434,888619.3851413544
1297,"plate",1123,1085,1124,0.0000027063293750000044,0.9999999999999998,32791.240574802614,8.781827326583285,889231.3968980764
1298,"plate",292,254,293,0.0000027063293750000023,1.0000000000000002,31905.484388761633,8.881587254470666,905103.8115540653
1299,"plate",331,292,293,0.0000027063293750000023,1.0000000000000002,31904.544992258518,8.885580188758059,906022.0890796992
1300,"plate",332,331,293,0.0000027063293750000023,1.0000000000000002,32659.853669220403,8.723636558805511,877594.3581383526
1301,"padR",1156,64,65,0.000003282271562500032,0.9816710084322948,38143.695102434685,1.1972145602740527,114665.81626657546
1302,"padR",66,1155,65,0.000003282271562500032,0.9816710084322948,38005.92324332808,1.20200457549271,115585.1999604328
1303,"padR",1155,1156,65,0.000003282271562500032,0.9816710084322948,37973.683475010934,1.1964033242544,114510.47314295835
1304,"plate",409,448,447,0.0000027063293750000023,1.0000000000000002,32495.07409888897,8.277939480596098,795058.7746988133
1305,"plate",446,408,447,0.0000027063293750000023,1.0000000000000002,31153.149683728872,8.540028131756914,838131.4962239317
1306,"plate",485,446,447,0.0000027063293750000023,1.0000000000000002,31178.796788070744,8.563784008559495,843218.7434898525
1307,"plate",408,409,447,0.0000027063293750000023,1.0000000000000002,32207.443542403318,8.558016790794927,845486.2146685295
1308,"plate",544,582,192,0.000002976264843750003,0.9822290582540512,23998.146176444487,15.869145399227618,2746082.0013708724
1309,"plate",543,544,192,0.0000032462003125000012,0.9836826759763798,23830.70235804843,13.724503954108227,2061056.437473248
1310,"plate",191,581,192,8.863584241284507e-7,0.4900488037950952,33465.15779255706,16.921642528671132,3151459.3964008885
1311,"plate",581,543,192,0.000002976264843750003,0.9822290582540512,31439.07258747021,15.939301758120013,2791145.7646675375
1312,"plate",694,671,695,0.000002706329375,1,160.52844430834227,3.485817528836206,130893.23337957232
1313,"plate",718,694,695,0.000002706329375,1,164.30166892003507,3.46646211587656,129443.4569133677
1314,"plate",672,696,695,0.000002706329375,1,160.52844433618478,3.4858175288361886,130893.2333795717
1315,"plate",696,719,695,0.000002706329375,1,164.30166894864175,3.4664621158759163,129443.45691332014
1316,"plate",671,672,695,0.000002706329375,1,71.73017544625327,4.136353044434401,184305.8631806886
1317,"plate",719,718,695,0.000002706329375,1,51.51780613604933,3.6836231136312847,146168.20359943394
1318,"plate",132,380,419,0.0000030764235937499988,0.9681456674049904,35445.88401089564,7.922330213434068,743558.908509434
1319,"plate",457,132,419,0.000002336235156249998,0.9584723839534706,35480.521733866815,7.901778071744333,739819.5557293743
1320,"plate",380,381,419,0.0000027063293749999985,1,35315.2753247531,8.15271359940135,783080.8218558973
1321,"plate",458,457,419,0.0000027063293749999985,1,34069.19905776205,7.8151056481737085,719881.5974990516
1322,"plate",381,420,419,0.000002706329375,0.9999999999999998,33949.99058877521,8.076460055636652,764527.3159558593
1323,"plate",420,458,419,0.000002706329375,0.9999999999999998,33943.73097506801,8.082118690405029,765814.4717945862
1324,"padL",1080,1040,1041,0.0000027063293749999934,1.0000000000000002,37500.37226126956,1.180893916073257,111560.8352815066
1325,"padL",1040,1003,1041,0.0000027063293750000015,0.9999999999999998,37500.86551496704,1.1809415745239062,111569.84019512022
1326,"padL",1003,1004,1041,0.000002706329375000002,1,37021.77793413661,1.1702728172869288,109563.07735045483
1327,"padL",1004,1042,1041,0.0000027063293750000023,0.9999999999999998,37421.561189243395,1.1875170599194522,112815.74140797918
1328,"plate",701,700,676,0.000002706329375,1,21827.97475636846,5.593634259668941,362659.8002402809
1329,"plate",700,675,676,0.000002706329375,1,20898.470852249746,5.5168809072451666,351581.5852218608
1330,"plate",675,653,676,0.0000027063293750000044,0.9999999999999998,21451.319828467753,5.651989160126628,368785.1284655541
1331,"plate",677,701,676,0.000002706329375,1,23999.789533777035,6.026488412964893,422349.79379675316
1332,"plate",1069,1108,1107,0.0000027063293749999955,1,26370.442016273788,9.667005441531654,1045230.5321227605
1333,"plate",1068,1069,1107,0.0000027063293749999955,1,25545.849267070436,9.837051645775023,1078359.1835026718
1334,"plate",1145,1106,1107,0.0000027063293750000044,1,24206.39121193101,9.922922552952203,1093089.7299136224
1335,"plate",1106,1068,1107,0.0000027063293749999955,0.9999999999999998,24197.844537971436,9.930373266687932,1094874.5504837602
1336,"plate",761,788,787,0.0000027063293749999955,1,26607.525545608733,7.002446091307603,566884.8015263408
1337,"plate",788,816,787,0.0000027063293750000044,0.9999999999999998,26739.4938405686,7.016654269521674,568680.064691413
1338,"plate",760,761,787,0.0000027063293749999955,1,25928.020308017716,6.552137968262888,498459.6223020249
1339,"plate",816,815,787,0.0000027063293750000044,1,28719.835900737555,7.398521973427078,634601.8087060569
1340,"plate",786,760,787,0.0000027063293749999917,1,28038.11198200117,6.950557487588574,563011.3764272389
1341,"plate",815,786,787,0.0000027063293750000006,1,28134.417000235946,6.960545185456548,564286.5879709042
1342,"plate",989,1028,1027,0.0000027063293750000044,1,19772.800241083245,10.613453239248855,1235400.1242018617
1343,"plate",1028,1066,1027,0.0000027063293750000044,0.9999999999999998,19792.73834594314,10.609505142940304,1234360.3708951778
1344,"plate",988,989,1027,0.0000027063293750000044,1,18826.5213992048,10.944439927105872,1310104.3105194496
1345,"plate",1066,1065,1027,0.0000027063293750000044,1,17942.119903646548,10.495544738134246,1204702.2905110584
1346,"padR",170,412,169,0.000001562500000000072,0.6351622422071133,36992.002336717,1.194000551681623,114050.98539328162
1347,"padR",412,450,169,0.000003076423593750063,0.9681456674049913,36316.96151721382,1.1635326841864566,108304.66457361124
1348,"padR",450,489,169,0.0000023362351562500617,0.9584723839534715,36395.47259912893,1.1660215008016188,108768.49122653276
1349,"padR",489,168,169,0.0000015625000000000723,0.851814059106807,35678.463408668846,1.144809306315531,104847.06782613177
1350,"plate",168,488,169,0.0000015624999999999334,0.8518140591067684,35131.63136936292,7.727885269783236,710256.6030411974
1351,"plate",411,170,169,0.0000015624999999999334,0.6351622422070775,36599.828429235495,8.037021014384395,768027.7759195891
1352,"plate",345,306,307,0.0000027063293749999985,1.0000000000000002,30985.211133405694,8.973051947540377,919891.7854737
1353,"plate",306,268,307,0.0000027063293749999985,1,30983.797455887496,8.964390170298875,917926.8706410694
1354,"plate",268,269,307,0.0000027063293749999985,1,30142.10612061212,9.128765737124379,947516.6674442367
1355,"plate",346,345,307,0.0000027063293749999985,1,30100.647772993856,9.050781571779101,931788.3634283543
1356,"plate",269,308,307,0.0000027063293749999985,1,29257.191440239403,9.233707737726967,965264.8197937714
1357,"plate",308,346,307,0.0000027063293749999985,1,29259.185624755875,9.244582814880347,967746.1348197259
1358,"plate",1134,1133,1095,0.0000027063293750000044,1,8791.974828938364,10.420678044552412,1174170.5955729226
1359,"plate",1133,1094,1095,0.0000027063293750000044,1,10284.666905291326,10.450252850040354,1182426.2487557442
1360,"plate",1057,1096,1095,0.0000027063293749999955,1,7298.45578567465,10.40836456145282,1170056.8713548442
1361,"plate",1096,1134,1095,0.0000027063293750000044,0.9999999999999998,7290.007523345374,10.407644049859782,1169907.8659774554
1362,"padL",1082,1042,1043,0.0000027063293749999917,1,37500.83982354264,1.1990516173760895,115017.98249057728
1363,"padL",148,149,1043,0.0000015624999999999941,0.8020705700332711,37543.89357730996,1.2064106460766177,116434.13175736018
1364,"padL",149,1082,1043,0.0000025756298437500065,0.9951225755370726,37941.65886099786,1.2168943068121862,118466.54031615291
1365,"padL",1042,1005,1043,0.0000027063293750000006,1,37515.249874755136,1.1996048466750158,115124.14305329505
1366,"padL",1005,148,1043,0.0000016931995312499853,0.6906109778241508,37509.818984054014,1.2047662707040647,116116.94136209438
1367,"plate",429,468,467,0.0000027063293750000023,1.0000000000000002,16036.566054211708,11.41372222391253,1417867.9187142395
1368,"plate",468,506,467,0.0000027063293750000044,0.9999999999999998,16102.664233575364,11.43126142890032,1422076.0060842042
1369,"plate",506,505,467,0.0000027063293750000044,1,19135.046719632293,12.267966473216944,1641885.15350455
1370,"plate",428,429,467,0.0000027063293750000023,1.0000000000000002,17324.58584623593,11.06010431801768,1334550.1430828744
1371,"plate",466,428,467,0.0000027063293750000023,1.0000000000000002,19939.336484303138,11.54277282346919,1457446.6570409017
1372,"plate",505,466,467,0.0000027063293750000044,1,19918.699281656427,11.543049620766366,1457610.6562933095
1373,"plate",917,956,955,0.0000027063293750000044,1,29811.52491541263,8.820215889315072,887083.5070350278
1374,"plate",956,994,955,0.0000027063293749999955,0.9999999999999998,29728.011663612248,8.769792663286333,876376.8816362366
1375,"plate",993,954,955,0.0000027063293749999955,1,28694.23309629582,9.230388299061836,962558.3396391688
1376,"plate",954,916,955,0.0000027063293750000044,0.9999999999999998,28827.662181118154,9.30679202058104,979271.8217959885
1377,"plate",916,917,955,0.0000027063293750000044,1,28966.009873344516,8.803240129049277,880219.7341633926
1378,"plate",994,993,955,0.0000027063293749999955,1,29347.549279089548,9.141467457271794,947824.2271676699
1379,"plate",903,904,942,0.0000027063293750000044,1,5012.69367300306,9.820413478100397,1040398.8217609109
1380,"plate",904,943,942,0.0000027063293750000044,1,3984.8351764521494,9.93295355891171,1063744.7084069184
1381,"plate",943,981,942,0.0000027063293749999955,0.9999999999999998,3932.233203404419,9.914142640902135,1059759.6625004834
1382,"plate",941,903,942,0.0000027063293750000044,0.9999999999999998,6954.469406184783,10.307251322358761,1147120.6805602033
1383,"padR",64,1156,63,0.0000015624999999999334,0.664711177933589,38114.55938520958,1.1939453941673426,114040.4483402729
1384,"padR",1156,62,63,0.0000015624999999999334,0.7203636299270889,38114.55938521249,1.1939453941673426,114040.4483402729
1385,"plate",854,893,892,0.0000027063293749999955,1,30796.795106614776,8.06199033463392,751897.1478499442
1386,"plate",893,931,892,0.0000027063293750000044,0.9999999999999998,30776.066164531912,8.038777895915683,747111.113668114
1387,"plate",891,853,892,0.0000027063293749999917,1,32013.854454972276,7.829446779222714,715814.8822867842
1388,"plate",930,891,892,0.0000027063293750000006,0.9999999999999998,32021.830427979647,7.819697361156012,713710.9681589362
1389,"plate",853,854,892,0.0000027063293749999917,0.9999999999999998,30470.336344279036,7.642558033946134,679018.2520069652
1390,"plate",931,930,892,0.0000027063293750000006,1,32091.394464230936,8.16103948298929,773445.5471012898
1391,"plate",1102,1140,1101,0.0000027063293750000044,0.9999999999999998,10284.666905349664,10.450252850026747,1182426.2487527444
1392,"plate",1063,1102,1101,0.0000027063293749999955,1,10291.924347123859,10.45078738016288,1182531.6989382708
1393,"plate",1139,1100,1101,0.0000027063293750000044,1,7290.0075234096685,10.407644049849655,1169907.8659752368
1394,"plate",1100,1062,1101,0.0000027063293749999955,0.9999999999999998,7298.455785738202,10.408364561442681,1170056.8713526232
1395,"plate",1062,1063,1101,0.0000027063293749999955,1,8763.832199430974,10.446132160234065,1179885.220365183
1396,"plate",1140,1139,1101,0.0000027063293750000044,1,8791.974828997598,10.420678044540733,1174170.5955703584
1397,"padL",606,571,607,0.0000027063293750000023,0.9999999999999998,33008.07690298475,1.0447261836934862,87316.22391158048
1398,"padL",638,606,607,0.000002706329374999998,1,32994.03328743322,1.0443531869886837,87253.88633387364
1399,"padL",571,572,607,0.0000027063293750000015,0.9999999999999998,33471.66016751385,1.0633667825449098,90459.91313759307
1400,"padL",572,608,607,0.0000027063293750000006,1,32450.450551187605,1.034333917424339,85587.73221875036
1401,"plate",1011,1050,1049,0.0000027063293750000006,1,27516.039514094024,9.54180438782542,1022722.1439001332
1402,"plate",1048,1010,1049,0.0000027063293750000006,1,29284.473205062524,9.229791485950217,964940.6564954828
1403,"plate",1087,1048,1049,0.0000027063293749999917,0.9999999999999998,29276.94504001654,9.213892237090823,961345.079042013
1404,"plate",1010,1011,1049,0.0000027063293750000006,0.9999999999999998,28517.583535252106,9.34613117414102,985394.7421681398
1405,"padL",453,123,416,0.000002336235156249999,0.9584723839534701,36466.8579969152,1.143691081644388,104642.3432186328
1406,"padL",123,376,416,0.0000030764235937500005,0.9681456674049908,36487.426130552936,1.1448522595766417,104854.93570061937
1407,"padL",377,417,416,0.0000027063293749999998,0.9999999999999998,36369.6049875229,1.1491767557069292,105648.57726856828
1408,"padL",417,454,416,0.0000027063293749999998,0.9999999999999998,36371.9289325575,1.1493154625444577,105674.08259550246
1409,"padL",454,453,416,0.0000027063293749999993,1,35877.335533369944,1.1290312890385008,101976.93213023509
1410,"padL",376,377,416,0.0000027063293749999993,1,36968.33567426386,1.1642056215573493,108429.97834125873
1411,"plate",714,690,715,0.0000027063293749999964,1.0000000000000002,19963.522301578767,5.24396119971862,317770.6237660861
1412,"plate",737,714,715,0.0000027063293749999917,0.9999999999999998,20309.240171585498,5.329461272666471,328115.28026092966
1413,"plate",716,738,715,0.0000027063293749999917,1,16270.933375880473,4.451405602871658,227657.65114334444
1414,"plate",691,716,715,0.0000027063293749999964,1.0000000000000002,15094.143755707051,4.132266987149026,196286.1227167508
1415,"plate",690,691,715,0.0000027063293749999964,1.0000000000000002,17510.24800124135,4.693271175546873,253831.9437525349
1416,"plate",738,737,715,0.0000027063293749999917,1,19866.70138981831,5.388284821455702,334299.7418004124
1417,"plate",914,875,876,0.0000027063293749999955,1,28566.60136258856,10.89745915311658,1323562.5435665792
1418,"plate",875,837,876,0.0000027063293749999955,0.9999999999999998,29406.364909629705,11.288793648885756,1422171.2815249658
1419,"plate",837,838,876,0.0000027063293749999955,1,29380.79482819467,10.266544144565502,1181976.7726208034
1420,"plate",915,914,876,0.0000027063293749999955,1,28051.65798360839,10.389096164571725,1207148.5876100522
1421,"plate",838,877,876,0.0000027063293749999955,1,29214.584748329806,10.041821625016377,1134503.624920078
1422,"plate",877,915,876,0.0000027063293749999955,0.9999999999999998,28459.90184505515,9.727294114162879,1063096.5002823337
1423,"padL",1117,1080,1118,0.0000027063293750000015,0.9999999999999998,37974.08812450999,1.1964259900448657,114514.81197238697
1424,"padL",102,103,1118,0.000003282271562500032,0.9816710084322948,38005.923243443045,1.2020045754981696,115585.19996148281
1425,"padL",103,1117,1118,0.000003282271562500029,0.9816710084322946,37973.68347511715,1.1964033242594403,114510.47314392315
1426,"plate",179,823,180,0.000001418867144020349,0.877044867185609,25797.307871573397,16.848292253249777,3095166.8259646264
1427,"plate",822,181,180,0.000001418867144020349,0.8770448671856089,33150.11570309684,16.915400303791564,3144197.0089706765
1428,"plate",823,822,180,0.0000013170934374999888,0.7869537090115286,26536.379761170312,15.231288205632625,2538706.768232714
1429,"plate",100,150,1121,0.0000015625000000000005,0.6647111779336062,37763.91579189586,8.306249291284969,820076.0057966857
1430,"plate",1083,1122,1121,0.0000027063293750000006,1,36329.36396310947,8.414400441451864,833649.7282826192
1431,"plate",150,149,1121,0.0000015625000000000007,0.720363629927107,37770.629695984775,8.308569105997302,820550.6142814124
1432,"plate",149,1083,1121,0.0000028370289062499875,0.9955699827671888,37033.30997494701,8.296817328071619,815123.9199727048
1433,"plate",513,474,475,0.0000027063293750000044,1,5343.287760934705,10.04780787636944,1089142.9053951984
1434,"plate",474,436,475,0.0000027063293750000023,1.0000000000000002,5261.314802506575,10.009686336589583,1080969.4577748457
1435,"plate",476,514,475,0.0000027063293750000044,0.9999999999999998,8532.851458198411,10.538456924436263,1200360.791630927
1436,"plate",437,476,475,0.0000027063293750000023,1.0000000000000002,8405.908448673315,10.477633548374975,1186699.5327110817
1437,"plate",436,437,475,0.0000027063293750000023,1.0000000000000002,7075.137833260864,10.34743815734895,1156186.4590652615
1438,"plate",514,513,475,0.0000027063293750000044,1,6374.806023383888,10.041181234471434,1088541.4570645224
1439,"padR",706,682,683,0.000002706329375,1,32642.42263951429,1.025754505606669,84173.78446179055
1440,"padR",682,659,683,0.0000027063293750000044,0.9999999999999998,32645.035889475592,1.0258206475553953,84184.64007607763
1441,"padR",659,50,683,0.0000026427232812499435,0.9988699332866736,33121.902256158144,1.0378264533233472,86166.69977741742
1442,"plate",1049,1050,1088,0.0000027063293749999917,1,27511.265872718537,9.524347968308183,1018707.6664668747
1443,"plate",1127,1126,1088,0.0000027063293750000006,0.9999999999999998,27287.92485824702,9.518915459800525,1017193.9614641158
1444,"plate",1126,1087,1088,0.0000027063293750000006,1,28330.850108222126,9.378489278648287,991497.5323991646
1445,"plate",1087,1049,1088,0.0000027063293749999917,1,28330.683261212507,9.388175278695913,993728.07731063
1446,"plate",405,444,443,0.0000027063293750000023,1.0000000000000002,27281.72246311063,9.76289604241758,1067435.2462472518
1447,"plate",444,482,443,0.0000027063293750000023,1.0000000000000002,27362.000987519295,9.825753567618436,1081833.5367019614
1448,"plate",404,405,443,0.0000027063293750000023,1.0000000000000002,26016.548466922155,9.95593631272365,1105542.4240383778
1449,"plate",482,481,443,0.0000027063293750000023,1.0000000000000002,27141.018373627154,10.119118637525904,1143255.5617661842
1450,"plate",442,404,443,0.0000027063293750000023,1.0000000000000002,25605.769208608315,10.259182245927676,1169789.910152096
1451,"plate",481,442,443,0.0000027063293750000023,1.0000000000000002,25652.775341330675,10.31507509438745,1183122.1811154834
1452,"plate",186,716,692,0.0000015648084687500037,0.7300765515352519,4133.266903920549,1.1574148815091376,15352.287863819938
1453,"plate",716,691,692,0.0000027063293749999964,1.0000000000000002,11230.324350336721,3.1154733253459908,111366.63494215033
1454,"plate",187,186,692,0.0000012830046039396159,0.790171763375323,10211.489103938757,2.908469676380924,96831.42650181205
1455,"plate",669,187,692,0.000002388089534025579,0.9569598813738177,10695.058287844131,3.0468530201253663,106271.33118393518
1456,"plate",691,669,692,0.0000027063293749999964,1.0000000000000002,12843.093324874417,3.5678408757146696,146000.72181320918
1457,"padR",1000,1001,1038,0.0000027063293750000044,1,36495.934413482246,1.1575616141404996,107195.91124252471
1458,"padR",1078,1077,1038,0.0000027063293750000044,1,37421.56118913837,1.1875170599143927,112815.74140701786
1459,"padR",1037,1000,1038,0.0000027063293750000044,0.9999999999999998,37014.73295198135,1.1787588341540294,111157.79112769332
1460,"padR",1077,1037,1038,0.0000027063293750000044,1,37005.16125201589,1.1783653595414385,111083.59364537788
1461,"padR",1001,1039,1038,0.0000027063293750000044,1,37024.676914303345,1.1704139000367648,109589.49579194162
1462,"padR",1039,1078,1038,0.0000027063293750000044,0.9999999999999998,37021.77793402722,1.170272817281993,109563.07734953062
1463,"plate",445,446,484,0.0000027063293750000023,1.0000000000000002,29949.2816212828,8.913466819789218,905292.228881512
1464,"plate",523,522,484,0.0000027063293750000044,1,29163.840420202156,8.48044472488248,820646.7574067349
1465,"plate",446,485,484,0.0000027063293750000023,1.0000000000000002,30141.400023079226,8.52124999022642,831309.7422401563
1466,"plate",485,523,484,0.0000027063293750000044,0.9999999999999998,30207.237630827483,8.563026458689688,840045.5873291406
1467,"plate",522,483,484,0.0000027063293750000044,1,29284.495305031727,9.011228182644512,922255.3865311167
1468,"plate",483,445,484,0.0000027063293750000023,1.0000000000000002,29155.04058766725,8.940548161473872,907152.2984316999
1469,"padL",1042,1082,1081,0.0000027063293749999926,1,37745.82076579525,1.2026254442066893,115704.63672426694
1470,"padL",1041,1042,1081,0.000002706329374999994,0.9999999999999998,37416.509125822726,1.1872984661328958,112774.21181452218
1471,"padL",1080,1041,1081,0.0000027063293749999934,1,37734.78624300578,1.1931861963120227,113895.46392556423
1472,"padL",1118,1080,1081,0.000002706329375000002,0.9999999999999998,37732.927331291285,1.1930965825845892,113878.35643000204
1473,"plate",842,880,841,0.0000027063293749999955,0.9999999999999998,28758.04116649964,7.389640709079002,632603.8283987301
1474,"plate",803,842,841,0.0000027063293750000044,1,28719.83590067471,7.3985219733999905,634601.8087014627
1475,"plate",802,803,841,0.0000027063293750000044,1,26739.49384051543,7.016654269495934,568680.0646872922
1476,"plate",880,879,841,0.0000027063293749999955,1,29419.010456638254,7.909053085062996,721245.335563435
1477,"plate",879,840,841,0.0000027063293749999955,1,27790.85573350465,7.618438590237887,666711.2510043782
1478,"plate",840,802,841,0.0000027063293750000044,0.9999999999999998,27830.158569440344,7.655834915035043,673966.1655126368
1479,"plate",1050,1051,1089,0.0000027063293749999955,1,25545.849267067697,9.837051645803504,1078359.1835087826
1480,"plate",1128,1127,1089,0.0000027063293750000044,1,25178.76256383683,9.77162543665486,1063750.212916079
1481,"plate",1051,1090,1089,0.0000027063293749999955,1,24197.84453796537,9.930373266715076,1094874.5504896115
1482,"plate",1090,1128,1089,0.0000027063293750000044,0.9999999999999998,24206.391211925198,9.92292255297936,1093089.7299194708
1483,"plate",1127,1088,1089,0.0000027063293750000006,1,26374.25361548012,9.6575908408145,1043025.2159016035
1484,"plate",1088,1050,1089,0.0000027063293749999917,1,26370.442016281537,9.667005441560121,1045230.5321287875
1485,"padR",57,848,56,0.0000015624999999999334,0.7046637151095586,34344.849676213926,1.0747422569348442,92405.67350731221
1486,"padR",848,55,56,0.0000015624999999999291,0.6808745925822582,34344.849676213926,1.0747422569348442,92405.67350731221
1487,"plate",598,562,599,0.0000027063293750000044,0.9999999999999998,27837.126045054127,7.362348500065569,625485.7712551135
1488,"plate",629,598,599,0.0000027063293750000044,1,27797.37538812678,7.373997008077542,628028.3397231448
1489,"plate",630,629,599,0.0000027063293750000044,1,26995.82170255976,6.860676515256107,546078.564840653
1490,"plate",600,630,599,0.0000027063293750000044,0.9999999999999998,28982.356180240247,7.220872617231024,607252.7058230358
1491,"plate",1065,1064,1026,0.0000027063293750000044,1,14939.581484129785,10.54739603479145,1210931.9774959204
1492,"plate",988,1027,1026,0.0000027063293750000044,1,16739.738884505136,10.699048657018519,1248830.5618350646
1493,"plate",1027,1065,1026,0.0000027063293750000044,0.9999999999999998,16744.98993350958,10.699135106505073,1248831.7103308837
1494,"padR",338,43,375,0.0000026577529687499425,0.9993443067848713,37477.6415531618,1.1759945223856971,110637.04933449312
1495,"plate",164,656,632,0.0000027699354687499366,0.9989217770250797,30038.83502411536,6.63208456255165,521934.1343213528
1496,"plate",165,164,632,0.0000015624999999999291,0.7430939090664944,31358.436800046482,6.834358979303461,555955.6865797363
1497,"plate",601,166,632,0.0000030613939062499426,0.9704658179824212,31959.560819422357,7.0931238054285055,596803.7288417277
1498,"plate",166,165,632,0.0000015624999999999291,0.6405677381290946,31383.457817834045,6.838130580393126,556516.2752571242
1499,"plate",631,601,632,0.0000027063293750000044,0.9999999999999998,30158.212685671188,6.849090870081925,553866.3145688487
1500,"plate",656,631,632,0.000002706329375,1,30124.620528247393,6.84687689485526,553657.70192793
1501,"padR",40,261,39,0.0000013531646874999935,0.7999999979024532,38144.46175738015,1.1972045949590477,114663.9073752846
1502,"padR",261,260,39,0.0000013531646875000012,0.7999999979024508,38051.74800378711,1.1984743274879908,114907.25709182334
1503,"padR",260,38,39,0.000001353164687500001,0.7999999979024506,38014.04346751331,1.2019260332995945,115570.09516186384
1504,"plate",971,933,972,0.0000027063293749999917,1,29347.54927912131,9.141467457300667,947824.2271735468
1505,"plate",1010,971,972,0.0000027063293750000006,0.9999999999999998,29292.336898011126,9.100329459656768,938805.1481523915
1506,"plate",933,934,972,0.0000027063293749999917,0.9999999999999998,28694.23309632488,9.230388299090606,962558.3396450535
1507,"plate",1011,1010,972,0.0000027063293750000006,1,28542.396842851773,9.374673561017397,991818.2576039378
1508,"plate",934,973,972,0.0000027063293749999917,1,27986.97458795769,9.57657644770937,1031530.3411452046
1509,"plate",973,1011,972,0.0000027063293750000006,1,27922.444975810555,9.525228344536472,1019951.7670620788
1510,"plate",898,860,899,0.0000027063293749999955,0.9999999999999998,24361.86835615661,11.818064253485094,1538267.066970042
1511,"plate",937,898,899,0.0000027063293750000044,1,24336.017784182175,11.751865425201187,1520437.8340151303
1512,"plate",861,900,899,0.0000027063293749999955,1,20846.690560100582,12.052233869363132,1589186.4597578165
1513,"plate",900,938,899,0.0000027063293750000044,0.9999999999999998,20869.338915438617,12.052382706121655,1589119.04324325
1514,"plate",860,861,899,0.0000027063293749999955,1,25099.546014688098,13.061413370954837,1872740.0099083935
1515,"plate",938,937,899,0.0000027063293750000044,1,21287.71333575758,11.311684233561847,1403909.3317663565
1516,"plate",598,629,628,0.0000027063293750000044,1,25661.91463525677,6.914907432653916,550380.3210884299
1517,"plate",629,653,628,0.000002706329375,1,25473.7309498533,6.88680717531677,546493.405535119
1518,"plate",653,652,628,0.000002706329375,1,22733.86082738244,6.212119475817752,443380.6226969979
1519,"plate",597,598,628,0.0000027063293750000044,1,27200.24954944635,7.7106953989439555,681336.4112516742
1520,"plate",652,627,628,0.000002706329375,1,25004.694412188408,7.18613231952075,590916.6652447011
1521,"plate",627,597,628,0.0000027063293750000044,0.9999999999999998,25031.68589031199,7.169358815959639,587264.0853033126
1522,"plate",357,396,395,0.000002706329375000003,1,394.9247924659867,10.111954030132893,1101560.8621535613
1523,"plate",396,434,395,0.0000027063293750000023,1.0000000000000002,402.48256729217246,10.111954030132893,1101560.1879071328
1524,"plate",434,433,395,0.0000027063293750000023,1.0000000000000002,1377.7631204022668,9.926842489363375,1061695.8663298825
1525,"plate",356,357,395,0.000002706329375000003,1,1476.0231208938544,10.245946052783534,1131060.9616155524
1526,"plate",394,356,395,0.000002706329375000003,1,2799.8193376899153,10.158854770644115,1112238.8273715435
1527,"plate",433,394,395,0.0000027063293750000023,1.0000000000000002,2815.6903406588713,10.160910437293479,1112679.3831840227
1528,"padL",662,638,639,0.0000027063293750000015,1,32147.58468403678,1.0202733453830164,83276.61594392415
1529,"padL",638,607,639,0.0000027063293749999972,1,32170.223633225156,1.0209417705353645,83385.76790591079
1530,"padL",607,608,639,0.0000027063293749999964,1,32412.251472735745,1.0332870286326659,85414.5666832419
1531,"padL",663,662,639,0.0000027063293750000006,1,31319.956754384228,0.9966756166477482,79468.98278561352
1532,"padL",133,134,495,0.0000031250000000000035,0.9897302364751476,34909.81481823176,1.1183759743737978,100061.18560452333
1533,"padL",134,533,495,0.0000019175645312499982,0.8066013663634778,34483.16078603657,1.104928808661538,97669.41377681647
1534,"padL",456,133,495,0.000001932594218750002,0.8137192700216088,35237.13436573436,1.129885630494079,102131.32303976019
1535,"padL",532,494,495,0.0000027063293749999972,0.9999999999999998,34977.323153677826,1.112192704603491,98957.80897385825
1536,"padL",494,455,495,0.0000027063293750000015,0.9999999999999998,34976.883932575525,1.1120694135833142,98935.87045020291
1537,"padL",455,456,495,0.0000027063293750000006,1,35691.64151548141,1.1398010550598998,103931.71560925286
1538,"padL",533,532,495,0.0000027063293749999964,1,34097.95776811159,1.0874108510025753,94596.9887102516
1539,"plate",100,1121,99,0.000003282271562500032,0.9816710084322948,37343.86068968025,8.363043108132416,828132.4572088988
1540,"plate",1122,98,99,0.0000032822715625000322,0.981671008432295,35494.80716840833,8.512902587113322,848556.1725885331
1541,"plate",1121,1122,99,0.0000032822715625000276,0.9816710084322944,36330.84390639843,8.41375492174925,833482.2073044443
1542,"plate",1144,77,1143,0.000003282271562500032,0.9816710084322948,20328.985336164013,10.185936448866764,1140691.3535603622
1543,"plate",479,518,517,0.0000027063293750000044,1,23350.645298445215,12.240786210750407,1644323.781525214
1544,"plate",518,556,517,0.000002706329375,1,23324.649037895022,12.269980153681855,1652618.980890311
1545,"plate",555,516,517,0.000002706329375,1,19198.423361024717,12.284084672618311,1646031.0069429262
1546,"plate",516,478,517,0.0000027063293750000044,0.9999999999999998,19135.046719684684,12.267966473167476,1641885.1534915369
1547,"plate",478,479,517,0.0000027063293750000044,1,19918.699281647216,11.543049620717829,1457610.656281272
1548,"plate",556,555,517,0.000002706329375,1,23854.610539180463,13.725353550415416,2061190.2749655568
1549,"padR",412,170,171,0.0000015625000000000723,0.7480569904844824,36904.58915932618,1.1887477338499441,113049.69397867021
1550,"padR",373,412,171,0.000002754905781250065,0.9993674155849073,37507.44417792108,1.20256139237239,115692.31219396969
1551,"padR",335,373,171,0.0000026577529687500602,0.9993443067848713,37501.44469157325,1.202377031469362,115656.84206440602
1552,"padR",172,335,171,0.0000015625000000000657,0.7786720575848867,37829.68340161821,1.2158570947108642,118264.67798069947
1553,"plate",170,411,171,0.0000015624999999999334,0.7480569904844445,36609.97776843564,8.040844146187201,768698.6360966212
1554,"plate",411,372,171,0.0000027549057812499452,0.9993674155849073,36624.201749336404,8.196985249959845,795806.5931110575
1555,"plate",982,1021,1020,0.0000027063293750000044,1,1456.0592478938815,10.167141263711937,1113727.712391408
1556,"plate",1021,1059,1020,0.0000027063293750000044,0.9999999999999998,1447.1935411242928,10.166721888212464,1113638.6892968016
1557,"plate",1058,1019,1020,0.0000027063293750000044,1,4240.141838120617,10.246188755319846,1132012.7941935663
1558,"plate",1019,981,1020,0.0000027063293750000044,0.9999999999999998,4260.031592036674,10.249364415612572,1132696.935216352
1559,"plate",981,982,1020,0.0000027063293750000044,1,2733.1718640549084,10.043017001420173,1087009.4342987137
1560,"plate",1059,1058,1020,0.0000027063293750000044,1,2886.7847007367886,10.291195981020522,1141417.4294149606
1561,"padL",126,262,299,0.0000016110764062499968,0.6450561765687027,37902.43171456122,1.1882667515781666,112958.22983249027
1562,"padL",262,300,299,0.0000027063293749999993,1,37717.12715316012,1.1877352162521635,112857.19551404587
1563,"padL",300,339,299,0.0000027063293749999993,1,37717.78167715908,1.1877813789676188,112865.96833777745
1564,"padL",125,126,299,0.000001562499999999995,0.7786720575848671,37844.70960650069,1.1859497192560866,112518.13892828726
1565,"padL",339,125,299,0.000002657752968749998,0.9993443067848713,37477.641552944595,1.1759945223984931,110637.04933690079
1566,"plate",1024,986,1025,0.0000027063293750000044,0.9999999999999998,10326.919379419733,10.547652207282306,1204443.3652396908
1567,"plate",1063,1024,1025,0.0000027063293750000044,1,10297.767176185685,10.541971501393535,1203201.116773018
1568,"plate",1064,1063,1025,0.0000027063293750000044,1,11852.709374717966,10.52256121104383,1200665.6151733545
1569,"plate",1026,1064,1025,0.0000027063293750000044,0.9999999999999998,13524.041570798716,10.664799375644263,1235541.8392458155
1570,"plate",429,390,391,0.0000027063293750000023,1.0000000000000002,15229.355707773915,10.754623784448286,1258948.2967695072
1571,"plate",390,352,391,0.000002706329375000003,1,15220.666823921152,10.753703000381172,1258757.999737815
1572,"plate",353,392,391,0.000002706329375000003,1,11918.775679070022,10.644776104888285,1228678.8101119958
1573,"plate",392,430,391,0.0000027063293750000023,1.0000000000000002,11949.242847921996,10.650675952960759,1229977.0535007955
1574,"plate",430,429,391,0.0000027063293750000023,1.0000000000000002,13762.803404380364,10.919803678700514,1295232.2483187332
1575,"plate",352,353,391,0.000002706329375000003,1,13434.587101618947,10.574193612198673,1214629.6686845555
1576,"plate",1047,1008,1009,0.0000027063293750000044,1,31540.842735488448,8.708375272919705,870850.4832816652
1577,"plate",1008,970,1009,0.0000027063293750000044,0.9999999999999998,31551.029980608684,8.723767269857987,874243.2727964415
1578,"plate",1048,1047,1009,0.0000027063293750000006,0.9999999999999998,30930.969145036906,8.93896426530577,913178.6645123182
1579,"plate",970,971,1009,0.0000027063293750000006,1,30596.177587429574,8.738915645098844,873418.6408716367
1580,"plate",971,1010,1009,0.0000027063293750000006,0.9999999999999998,30077.182352982847,9.027342201592743,927642.9443165455
1581,"plate",1010,1048,1009,0.0000027063293750000006,1,30056.895996087813,9.004706107958878,922633.053216942
1582,"plate",949,988,987,0.0000027063293749999955,1,15463.778455326752,10.927116788021719,1299619.0302461975
1583,"plate",988,1026,987,0.0000027063293750000044,0.9999999999999998,15445.52741052843,10.924236311817138,1298983.7814749992
1584,"plate",986,948,987,0.0000027063293749999955,0.9999999999999998,12023.461186741752,10.755996600838042,1254331.8565940957
1585,"plate",1025,986,987,0.0000027063293750000044,1,11972.961337957791,10.742964688579686,1251392.1139504088
1586,"plate",948,949,987,0.0000027063293749999955,1,13944.944893633761,11.126530263228723,1344641.9468004955
1587,"plate",1026,1025,987,0.0000027063293750000044,1,13540.123127766461,10.66698620298607,1236008.0044749957
1588,"plate",1092,1093,1131,0.0000027063293750000044,1,16281.368204406952,10.427275271997342,1186107.8599801776
1589,"plate",1130,1092,1131,0.0000027063293750000044,0.9999999999999998,17594.701952973715,10.32187270377583,1165040.8335376808
1590,"plate",1093,1132,1131,0.0000027063293750000044,1,14720.673821293532,10.400029084786315,1177321.5763495292
1591,"plate",90,1130,1131,0.000003282271562500032,0.9816710084322948,17597.003144091723,10.321425490474978,1164920.0619502761
1592,"plate",89,90,1131,0.000003282271562500041,0.9816710084322954,16128.112635572737,10.343804820508685,1167171.0610056957
1593,"plate",1132,89,1131,0.000003282271562500032,0.9816710084322948,14719.606447051974,10.400008391216886,1177313.486430491
1594,"plate",996,1034,995,0.0000027063293750000044,0.9999999999999998,31934.413868521482,8.44699463577055,823711.3644423913
1595,"plate",957,996,995,0.0000027063293749999955,1,31946.139493994542,8.463407062625809,827264.6827654061
1596,"plate",956,957,995,0.0000027063293749999955,1,30838.51730454326,8.413328233546466,813878.8898596041
1597,"plate",1034,1033,995,0.0000027063293750000044,1,31551.029980556,8.723767269828317,874243.2727905813
1598,"plate",1033,994,995,0.0000027063293750000044,1,30596.177587380254,8.738915645069563,873418.6408658761
1599,"plate",994,956,995,0.0000027063293749999955,0.9999999999999998,30629.40714219732,8.766845253007007,879448.5902733175
1600,"plate",265,129,128,0.000003124999999999999,0.9674177032561929,37252.78819399306,8.331561279943687,823538.8185261117
1601,"plate",226,265,128,0.000002239082343749999,0.9327867706979701,37334.13897259827,8.32764111918435,821154.1679156739
1602,"padL",225,4,128,0.0000015625000000000016,0.86215664966323,38102.52659331833,1.2251264713659122,120074.7896673193
1603,"plate",4,226,128,0.0000015624999999999992,0.8621566496632294,37723.62776520278,8.336100884441013,825977.3474018669
1604,"plate",546,583,545,0.0000027063293750000044,0.9999999999999998,12569.488541299714,12.139302525622961,1595771.416944371
1605,"plate",507,546,545,0.000002706329375,1,11934.321367477554,11.689255388673697,1480302.6066121997
1606,"plate",582,544,545,0.0000027063293750000044,1,18185.133353806832,13.247927591441549,1908532.729936659
1607,"plate",544,506,545,0.000002706329375,1,17749.7899821018,13.042982057666965,1850667.9991477795
1608,"plate",506,507,545,0.000002706329375,1,14596.28806049979,11.817915685598106,1516120.5848420481
1609,"plate",583,582,545,0.0000027063293750000044,1,15098.804553983011,13.561733460984211,1994884.8397210732
1610,"plate",71,1150,70,0.0000032822715625000136,0.9816710084322937,33712.42347523288,8.694478816070479,875904.5767696347
1611,"plate",202,201,799,0.000002233364164114443,0.8527967171401875,36840.12538384325,13.088840987122035,1923357.0818655093
1612,"plate",837,202,799,0.0000033065843849625597,0.9778961404755305,32075.68176084794,11.394787951658204,1453902.0797334018
1613,"plate",201,771,799,0.000002182704640603031,0.9470059790626131,28811.309313104754,9.238897865945392,964011.6858511121
1614,"plate",771,800,799,0.0000027063293749999955,1,29659.902030926416,9.48946048601754,1019424.987912867
1615,"plate",800,838,799,0.0000027063293750000044,0.9999999999999998,27589.565593073956,8.843590348584545,883189.3329626387
1616,"plate",838,837,799,0.0000027063293750000044,1,31390.815930462817,11.02670293303794,1366222.3459325961
1617,"plate",79,1141,1142,0.000003282271562500032,0.9816710084322948,14719.606447099985,10.400008391198782,1177313.4864264964
1618,"plate",1104,1143,1142,0.0000027063293750000044,1,17594.7019530151,10.321872703754682,1165040.833533026
1619,"plate",254,32,33,0.000001353164687500001,0.7999999979024506,31950.78342556739,8.90511726616388,909829.2927415165
1620,"padR",451,413,414,0.0000027063293750000023,1.0000000000000002,36875.04597581171,1.1700332070344588,109518.21644506726
1621,"padR",413,374,414,0.000002706329375000003,1,36869.51907924689,1.169772448635984,109469.40652702606
1622,"padR",452,451,414,0.0000027063293750000023,1.0000000000000002,36369.60498752647,1.1491767556967492,105648.57726669648
1623,"padR",374,375,414,0.000002706329375000003,1,37336.981468405684,1.180316540294035,111451.77082333442
1624,"plate",1106,1144,1105,0.0000027063293750000044,0.9999999999999998,21792.68029957884,10.151634364131192,1136521.1116437658
1625,"plate",1067,1106,1105,0.0000027063293749999955,1,21781.224224822974,10.15608815883627,1137620.063148049
1626,"plate",1104,1066,1105,0.0000027063293749999955,0.9999999999999998,19126.05024712099,10.325222014767546,1168926.0112250817
1627,"plate",1143,1104,1105,0.0000027063293750000044,1,19136.129233213724,10.323536634195875,1168488.2712931545
1628,"plate",1066,1067,1105,0.0000027063293749999955,1,20770.94478153671,10.350397031835952,1178028.2528758803
1629,"plate",1144,1143,1105,0.0000027063293750000044,1,20324.708655821618,10.187430232940983,1141067.7225982314
1630,"plate",194,583,617,0.0000015648084474625336,0.8657394307843665,9699.099789145583,12.371681246720309,1654933.4661341193
1631,"plate",583,584,617,0.0000027063293750000044,1,9421.178533126202,11.87746430663523,1524305.083699036
1632,"plate",195,194,617,7.599619311345461e-7,0.5434270312060372,9771.209070299286,12.824175982501451,1776531.7464237018
1633,"plate",584,618,617,0.0000027063293750000044,1,5130.339624372654,9.031180262567645,880239.7426880007
1634,"plate",618,195,617,0.000001128590274151335,0.5755042187662133,6854.049650365742,10.953370486665793,1294605.095357327
1635,"plate",129,265,303,0.0000016110764062499987,0.6450561765687045,37290.01148968152,8.276092437974313,811065.1386779414
1636,"plate",265,304,303,0.0000027063293749999985,1,36135.619197793465,8.343584271068172,819733.6353010022
1637,"plate",304,342,303,0.0000027063293749999985,1,36129.6251995932,8.34508543253519,820110.942907068
1638,"plate",130,129,303,0.000001562499999999999,0.7786720575848662,37342.0039685329,8.255617974660115,810187.8078767576
1639,"plate",342,130,303,0.000002657752968749999,0.9993443067848714,36638.04938187876,8.193953647381745,795145.7276873215
1640,"plate",74,75,1146,0.000003282271562500032,0.9816710084322948,26212.464787002817,9.637713475761002,1038558.258658818
1641,"plate",75,1145,1146,0.000003282271562500032,0.9816710084322948,25181.173502299836,9.767481107772683,1062764.7363349432
1642,"plate",1147,74,1146,0.000003282271562500032,0.9816710084322948,27288.26904969708,9.514163934387852,1016084.3571098064
1643,"plate",1108,1147,1146,0.0000027063293750000044,1,27287.924858231378,9.51891545977159,1017193.9614580566
1644,"plate",1107,1108,1146,0.0000027063293750000044,1,26374.253615471243,9.657590840786046,1043025.2158955862
1645,"plate",1145,1107,1146,0.0000027063293750000044,0.9999999999999998,25178.762563836328,9.771625436627032,1063750.212910152
1646,"plate",1112,1113,1151,0.0000027063293750000044,1,35274.2097413374,8.44618850255652,835406.6689269848
1647,"plate",1150,1112,1151,0.0000027063293750000044,0.9999999999999998,34539.00821310891,8.581903511262563,857864.689598106
1648,"plate",1113,1152,1151,0.0000027063293750000044,1,36329.363963019605,8.41440044142143,833649.7282766306
1649,"plate",1152,69,1151,0.000003282271562500032,0.9816710084322948,36330.84390630855,8.413754921718818,833482.2072984567
1650,"plate",69,70,1151,0.000003282271562500032,0.9816710084322948,35494.80716832963,8.512902587083316,848556.1725826045
1651,"plate",70,1150,1151,0.000003282271562500032,0.9816710084322948,34540.02260060163,8.580375233109136,857499.0794762927
1652,"plate",448,487,486,0.0000027063293750000023,1.0000000000000002,32571.43255997276,7.98114543774584,743159.6501839029
1653,"plate",487,525,486,0.0000027063293750000044,0.9999999999999998,32567.34278319149,7.99096845869293,745293.7862852246
1654,"plate",447,448,486,0.0000027063293750000023,1.0000000000000002,32499.357486951267,8.290633401276843,797816.4932696285
1655,"plate",525,524,486,0.0000027063293750000044,1,31130.268779695256,7.846086069496008,715236.0961002233
1656,"plate",524,485,486,0.0000027063293750000044,1,31292.644977338576,8.230996742024129,783234.6021195377
1657,"plate",485,447,486,0.0000027063293750000023,1.0000000000000002,31272.38216369562,8.209263266673775,778676.2869987681
1658,"plate",720,696,697,0.000002706329375,1,309.0386163489421,2.494495176946656,67035.30809593751
1659,"plate",210,720,697,0.0000015648084687499698,0.730076551535246,138.57611857506453,0.96203688721751,9970.918762621368
1660,"plate",211,210,697,0.0000012830046039395824,0.7901717633753109,458.69503841348705,2.4303984420602593,63639.50206190098
1661,"plate",673,211,697,0.0000023880895340255524,0.9569598813738174,486.92472987873094,2.586168181894247,72058.36084714642
1662,"plate",696,673,697,0.000002706329375,1,354.7649441440217,2.80240500859637,84606.76022368141
1663,"padL",756,733,757,0.0000027063293750000006,1,31956.513140539882,1.0175275330418638,82828.98243986089
1664,"padL",733,141,757,0.000001805382031249996,0.7506038109191373,31053.667894052778,0.992204227853623,78757.53838164835
1665,"padL",142,784,757,0.0000024634473437500044,0.9826108482949657,32291.7049659387,1.0310872918553429,85051.2802740468
1666,"padL",141,142,757,0.0000015625000000000028,0.8292527579044439,31602.04197708956,1.0103825427488413,81669.83061532913
1667,"padL",784,756,757,0.0000027063293749999917,1,31991.739996715765,1.0185785563479257,83000.18203614595
1668,"plate",1072,1034,1073,0.0000027063293750000044,0.9999999999999998,32535.117106684724,8.682694348975364,869755.3634974189
1669,"plate",1111,1072,1073,0.0000027063293749999955,1,32534.662070738454,8.674514267109277,867908.3001091146
1670,"plate",1074,1112,1073,0.0000027063293749999955,0.9999999999999998,34170.4408138005,8.462182803590222,834308.8890992813
1671,"plate",1035,1074,1073,0.0000027063293750000044,1,34166.34301115859,8.466705846565821,835359.089478224
1672,"plate",1112,1111,1073,0.0000027063293749999955,1,33543.612388762784,8.637160551060747,864656.1494970537
1673,"plate",1034,1035,1073,0.0000027063293750000044,1,33043.41189738308,8.462450358191562,830387.1027483987
1674,"plate",8,230,229,0.0000013531646874999992,0.7999999979024515,31058.013639270128,9.017072975329702,928485.3633349056
1675,"plate",230,268,229,0.0000027063293749999985,1,31052.21089619235,9.01854476345685,928829.7428223863
1676,"plate",267,228,229,0.0000027063293750000023,1.0000000000000002,32825.88797767451,8.794144968347048,891648.0204078063
1677,"plate",268,267,229,0.0000027063293750000023,1.0000000000000002,31905.484390497462,8.881587254500294,905103.811562076
1678,"plate",582,194,193,8.782808174924346e-7,0.4762554177146935,17338.16876398234,15.498017870354726,2606297.5633432237
1679,"plate",192,582,193,8.86358424128445e-7,0.49004880379509347,25415.21427702633,16.86698149017953,3098690.4250354217
1680,"plate",426,465,464,0.0000027063293750000023,1.0000000000000002,25582.83201521599,10.776950490047199,1287032.3277232528
1681,"plate",465,503,464,0.0000027063293750000044,0.9999999999999998,25684.11514510278,10.870420003820895,1310202.3667040935
1682,"plate",425,426,464,0.0000027063293750000023,1.0000000000000002,25652.77534127139,10.315075094418956,1183122.181122515
1683,"plate",503,502,464,0.0000027063293750000044,1,27570.00604045669,10.697230660038011,1274076.7157293255
1684,"plate",502,463,464,0.0000027063293750000044,1,27328.325586518047,10.236395681617463,1170772.0549531593
1685,"plate",463,425,464,0.0000027063293750000023,1.0000000000000002,27141.018373706906,10.119118637549706,1143255.561771388
1686,"plate",665,688,687,0.0000027063293749999985,1,27214.755514813227,6.314337793373545,469164.7149368568
1687,"plate",688,712,687,0.000002706329374999998,0.9999999999999998,27199.904473096227,6.311771265286419,468807.19283494307
1688,"plate",664,665,687,0.0000027063293749999964,1,28599.84966258631,6.460997425395261,493294.86184506986
1689,"plate",138,664,687,0.0000016261060937499947,0.6534635608431658,29560.675386137424,6.4693524846585,496788.3864398502
1690,"plate",139,138,687,0.0000031250000000000014,0.9694610275799541,29116.449875830578,6.408495263316096,488240.62880147697
1691,"plate",712,734,711,0.0000027063293749999917,1,28331.141523617458,6.39399769070004,483120.0922549708
1692,"plate",734,140,711,0.000002044776718749993,0.8634288828885325,29600.407086318668,6.498325795273613,501225.81541680126
1693,"plate",140,139,711,0.0000015624999999999963,0.8631845582286808,29478.003637877882,6.425432760811708,491553.2364401634
1694,"plate",139,687,711,0.000002224052656249997,0.9282592116316332,29244.307551816368,6.421577729342776,489493.936486853
1695,"plate",687,712,711,0.0000027063293749999964,1,28315.223510897304,6.391953425513995,482843.3311968788
1696,"padL",605,118,119,0.000001562499999999997,0.7430939090665126,33661.0722220008,1.053122587488133,88725.37474221602
1697,"padL",120,605,119,0.0000015624999999999971,0.640567738129112,33661.0722220008,1.0531225874882466,88725.37474223517
1698,"plate",288,250,289,0.0000027063293750000023,1.0000000000000002,24089.38874353057,9.894836940586991,1086809.7913573997
1699,"plate",327,288,289,0.0000027063293750000023,1.0000000000000002,24082.85010955312,9.899353762740205,1087894.9962370899
1700,"plate",290,328,289,0.0000027063293750000023,1.0000000000000002,26284.83201402579,9.65171052302647,1041746.7201023343
1701,"plate",251,290,289,0.0000027063293750000023,1.0000000000000002,26288.673593129595,9.64598595410963,1040399.8582325263
1702,"plate",328,327,289,0.0000027063293750000023,1.0000000000000002,25377.3964569451,9.804073936151045,1070945.1357568598
1703,"plate",250,251,289,0.0000027063293750000023,1.0000000000000002,25135.030765738196,9.76087285727559,1061323.6827244295
1704,"plate",36,257,35,0.0000013531646875000012,0.7999999979024508,37307.436145047395,8.364406238710966,828402.3541878402
1705,"plate",257,256,35,0.0000013531646875000012,0.7999999979024509,36439.37649914886,8.42761532226986,836219.5781787711
1706,"plate",256,34,35,0.000001353164687500001,0.7999999979024506,35524.74042525838,8.511180059445804,848204.6333027893
1707,"padL",224,225,264,0.0000027063293749999985,1,38070.556919331684,1.2178939625288148,118661.25631713105
1708,"padL",302,301,264,0.0000027063293749999985,1,37727.01540689699,1.206480861151429,116447.6854659755
1709,"padL",301,263,264,0.0000027063293749999993,1,37897.4674961147,1.2074676223382335,116638.24471961174
1710,"padL",263,224,264,0.0000027063293749999993,1,37893.04739315538,1.2072925387975397,116604.42193889672
1711,"padL",129,302,264,0.0000016110764062500006,0.6450561765687046,38007.51951398352,1.2213254062675054,119330.85983955897
1712,"padL",128,129,264,0.0000031250000000000006,0.9674177032561926,37977.817657911924,1.2203045185242045,119131.44943444725
1713,"padL",225,128,264,0.0000022390823437500005,0.93278677069797,38115.489486919665,1.225894930836647,120225.47051607897
1714,"plate",826,864,825,0.0000027063293749999955,0.9999999999999998,6888.666864574798,10.095802725475187,1100861.6595362017
1715,"plate",792,826,825,0.0000027063293750000044,1,7498.681644846309,10.754774325908079,1248787.3880290785
1716,"plate",863,824,825,0.0000027063293749999955,1,11603.662373482734,11.970826384002002,1551790.6121251853
1717,"plate",864,863,825,0.0000027063293749999955,1,10125.635722183144,11.250618862021778,1368938.1914024763
1718,"plate",824,178,825,0.000002824307644925053,0.9742190109959167,12805.480212011904,12.931790611705646,1810126.9315247796
1719,"plate",178,792,825,0.0000033065843849625296,0.9778961404755327,8066.703751677928,10.960568186878495,1298192.1004223214
1720,"plate",670,694,693,0.000002706329375,1,354.76494412088954,2.8024050085952714,84606.76022361408
1721,"plate",694,717,693,0.000002706329375,1,309.0386163309065,2.4944951769483414,67035.30809602735
1722,"plate",717,174,693,0.0000015648084687500075,0.7300765515352526,138.5761185649885,0.9620368872138776,9970.918762545942
1723,"plate",174,197,693,0.0000012830046039396218,0.7901717633753236,458.69503839013385,2.4303984420582676,63639.50206179568
1724,"plate",197,670,693,0.000002388089534025585,0.9569598813738182,486.92472985635396,2.58616818189258,72058.36084705242
1725,"plate",147,146,967,0.0000015625000000000007,0.8658451507449968,36116.22879361905,7.951181981889491,751747.8438491417
1726,"plate",968,1006,967,0.0000027063293750000006,1,34964.911834953025,8.042088975607431,761982.4076460383
1727,"plate",1006,147,967,0.000002156959218750017,0.9062863255276615,36281.16994978823,8.070748297088839,771587.8721537447
1728,"plate",146,929,967,0.00000211187015624998,0.8899495880180707,35351.70573904697,7.842066480619936,728666.1893346838
1729,"plate",929,968,967,0.0000027063293749999917,1,34953.13493174499,8.045350758885368,762759.5779916954
1730,"plate",500,462,501,0.0000027063293750000006,1,28584.56762211941,9.027799093294616,922170.2374434152
1731,"plate",539,500,501,0.0000027063293749999964,1.0000000000000002,28880.02814308318,9.16170437610233,950708.2014505706
1732,"plate",502,540,501,0.0000027063293749999964,1.0000000000000002,28607.642620515722,9.981657162469364,1119355.7259822288
1733,"plate",463,502,501,0.0000027063293750000006,0.9999999999999998,28168.429834795945,9.77701059831794,1072769.244700651
1734,"plate",540,539,501,0.0000027063293749999964,1.0000000000000002,28258.105370523183,9.148437022927775,944657.6272793405
1735,"plate",462,463,501,0.0000027063293750000006,1,28409.33965303499,9.581958699302245,1034124.9827529872
1736,"plate",237,276,275,0.0000027063293750000023,1.0000000000000002,13261.463031143001,10.430009399563604,1181772.2383521956
1737,"plate",276,314,275,0.0000027063293750000023,1.0000000000000002,13262.597495097729,10.430021658681728,1181771.7066680598
1738,"plate",314,313,275,0.0000027063293750000023,1.0000000000000002,14836.15102621486,10.47668586375233,1194742.829161239
1739,"plate",236,237,275,0.0000027063293750000023,1.0000000000000002,14694.289759889465,10.382477187089295,1173343.654787484
1740,"plate",313,274,275,0.0000027063293750000023,1.0000000000000002,16196.525362010638,10.381716171279686,1175759.7367862042
1741,"plate",274,236,275,0.0000027063293750000023,1.0000000000000002,16199.672714148575,10.381537617120614,1175706.9513424248
1742,"plate",16,237,15,0.0000013531646875000012,0.7999999979024508,13247.360707076326,10.401594335484697,1175342.7064433547
1743,"plate",237,236,15,0.0000013531646875000012,0.7999999979024509,14712.905326871225,10.382470166234063,1173340.5554065732
1744,"plate",236,14,15,0.000001353164687500001,0.7999999979024506,16146.999989559665,10.344158051224014,1167245.3482749427
1745,"padL",108,109,963,0.0000015625000000000013,0.8658451507449969,36738.00745207118,1.1507571891447697,105939.36866946968
1746,"padL",964,1003,963,0.0000027063293750000015,0.9999999999999998,36607.36159880224,1.1523763566801972,106237.701394842
1747,"padL",1003,108,963,0.000002156959218750018,0.9062863255276613,37075.21241528462,1.1626848166406873,108146.8786277431
1748,"padL",109,926,963,0.0000021118701562499812,0.8899495880180707,36307.13604756316,1.138251770928241,103649.36752170212
1749,"padL",926,964,963,0.0000027063293749999934,1,36607.69634781288,1.152435657365807,106248.63554945277
1750,"plate",513,551,512,0.000002706329375,1,3620.3417842370727,9.502947640732252,973530.6859311041
1751,"plate",474,513,512,0.0000027063293750000044,1,3532.591834496552,9.453147261794165,963410.9710567547
1752,"plate",473,474,512,0.0000027063293750000044,1,2576.18651164873,9.710316468890264,1016129.3905037055
1753,"plate",551,550,512,0.000002706329375,1,1983.4560043335641,8.62764765547488,802116.7054967539
1754,"plate",304,266,305,0.0000027063293749999985,1,34348.61643910592,8.517184160381422,845058.5983887134
1755,"plate",343,304,305,0.0000027063293749999985,1.0000000000000002,34344.88495015992,8.520530912089741,845846.5327788999
1756,"plate",306,344,305,0.0000027063293750000023,1.0000000000000002,32658.782923459345,8.729539769893766,878943.6772979978
1757,"plate",267,306,305,0.0000027063293750000023,1.0000000000000002,32659.85366862095,8.723636558830353,877594.3581426811
1758,"plate",344,343,305,0.0000027063293749999985,1,33273.18211912852,8.53764810384651,844996.3327743094
1759,"plate",266,267,305,0.0000027063293749999985,1,33633.9725586489,8.66898585411551,870906.7766481653
1760,"padR",960,923,961,0.0000027063293750000044,0.9999999999999998,35888.31447041169,1.142024428439505,104337.58361220622
1761,"padR",1000,960,961,0.0000027063293749999955,1,35880.75369573985,1.1416694161027054,104272.72445314338
1762,"padR",1001,1000,961,0.0000027063293749999955,1,36501.09656544425,1.1578148543046374,107242.81894787749
1763,"padR",923,924,961,0.0000027063293750000044,1,35248.811070861135,1.1170197108174345,99818.6427483732
1764,"padR",924,962,961,0.0000027063293750000044,1,35964.36655605223,1.136272776646305,103289.2658358003
1765,"padR",962,1001,961,0.0000027063293749999955,0.9999999999999998,35963.06905280293,1.1361689508183912,103270.39078430111
1766,"plate",280,281,319,0.0000027063293750000023,1.0000000000000002,1505.592866698303,10.358109994692724,1155965.9935559852
1767,"plate",358,357,319,0.0000027063293750000023,1.0000000000000002,1470.337842175615,10.24573053709785,1131015.2443597137
1768,"plate",357,318,319,0.0000027063293750000023,1.0000000000000002,415.27541328477673,10.313678703211451,1145953.3841999867
1769,"plate",318,280,319,0.0000027063293750000023,1.0000000000000002,412.8873296135571,10.313678703211451,1145953.6058330152
1770,"padL",146,928,145,0.0000031250000000000035,0.9817261112129915,35900.81883455867,1.1512821597852838,106036.04891518943
1771,"padL",928,889,145,0.0000017382885937500138,0.7151051131452827,35509.19242967027,1.1384997582449095,103694.53596189737
1772,"padL",889,144,145,0.0000015624999999999984,0.8137250602214215,35159.08666738515,1.127460920380736,101693.45015886209
1773,"plate",144,890,145,0.0000015624999999999963,0.813725060221421,34507.27915680178,7.588112314768911,684913.7118648986
1774,"plate",890,929,145,0.000001738288593750012,0.7151051131452826,34746.44087846296,7.6855534535947445,700023.1638492275
1775,"plate",929,146,145,0.0000031250000000000014,0.9817261112129917,35052.24133810113,7.802166807206745,722663.8319595129
1776,"plate",96,1125,95,0.000003282271562500032,0.9816710084322948,30144.992081398606,9.139531201301313,949574.1574963792
1777,"plate",1126,94,95,0.0000032822715625000322,0.981671008432295,28251.31454323616,9.388056304466991,993330.4324041618
1778,"plate",1125,1126,95,0.0000032822715625000276,0.9816710084322944,29222.63089938668,9.25532649796304,969557.1797706271
1779,"plate",510,472,511,0.0000027063293750000044,0.9999999999999998,1166.060788481098,9.153717048799281,902738.0229588535
1780,"plate",549,510,511,0.000002706329375,1,1196.2743995642365,9.159489750655629,903869.233535681
1781,"plate",472,473,511,0.0000027063293750000044,1,368.9991827821359,9.591716511763053,991120.5525469839
1782,"plate",550,549,511,0.000002706329375,1,263.07704598270357,8.434543376182518,766389.4438741475
1783,"plate",473,512,511,0.0000027063293750000044,1,1166.0607885620714,9.15371704879157,902738.0229573472
1784,"plate",512,550,511,0.000002706329375,1,1196.274399650994,9.159489750648396,903869.2335342654
1785,"padR",61,62,1079,0.0000015624999999999247,0.802070570033252,37602.052357333014,1.1782697638665738,111065.57091537531
1786,"padR",62,1116,1079,0.000002575629843749948,0.9951225755370725,37858.125309929594,1.1880710693287306,112921.02926207308
1787,"padR",1116,1078,1079,0.0000027063293749999955,1,37500.37226113424,1.1808939160680962,111560.83528053152
1788,"padR",1078,1039,1079,0.0000027063293750000044,0.9999999999999998,37500.86551483317,1.1809415745188019,111569.84019415574
1789,"padR",1039,61,1079,0.0000016931995312499258,0.6906109778241429,37437.903039118515,1.1736651062513315,110199.18253055593
1790,"plate",677,676,654,0.0000027063293750000044,1,24213.013333172974,6.072069917355196,428594.5089480523
1791,"plate",629,630,654,0.000002706329375,1,26851.630434532854,6.840347759834889,543240.9352055084
1792,"plate",653,629,654,0.000002706329375,1,24521.30167469935,6.352527517817483,466918.1277102496
1793,"plate",676,653,654,0.0000027063293750000044,1,24199.174375671882,6.284290960867099,457282.84379347524
1794,"plate",398,360,399,0.000002706329375000003,1,8701.285054416603,10.468390606384634,1184850.7640710836
1795,"plate",437,398,399,0.0000027063293750000023,1.0000000000000002,8738.087744263306,10.476997261438035,1186741.5226372464
1796,"plate",361,400,399,0.000002706329375000003,1,11918.775679186474,10.644776104847347,1228678.810102565
1797,"plate",360,361,399,0.000002706329375000003,1,10312.89877670696,10.503981243792486,1194540.0164600282
1798,"plate",79,1142,78,0.0000032822715625000136,0.9816710084322937,16128.112635616402,10.343804820488975,1167171.0610013583
1799,"plate",1143,77,78,0.000003282271562500032,0.9816710084322948,18923.207333531365,10.235929536815178,1148678.949531803
1800,"plate",1142,1143,78,0.000003282271562500032,0.9816710084322948,17597.003144132774,10.321425490453818,1164920.0619456184
1801,"plate",1152,152,151,0.0000015624999999999334,0.7203636299270889,37770.62969588373,8.308569105968122,820550.6142756704
1802,"padR",152,1153,151,0.000001562500000000072,0.7203636299271261,38028.313635569946,1.2270354141390452,120449.27260411024
1803,"plate",68,1152,151,0.0000015624999999999334,0.664711177933589,37763.91579179481,8.306249291255803,820076.0057909485
1804,"padR",1153,68,151,0.000001562500000000072,0.6647111779336253,38062.72596852994,1.2289375081688574,120822.99191874244
1805,"plate",912,874,913,0.0000027063293749999955,0.9999999999999998,24361.86835618001,11.818064253455601,1538267.0669625504
1806,"plate",951,912,913,0.0000027063293750000044,1,24336.017784205134,11.75186542517178,1520437.8340077042
1807,"plate",874,875,913,0.0000027063293749999955,1,27791.604594874243,12.163925590600618,1636167.1561080592
1808,"plate",952,951,913,0.0000027063293750000044,1,24163.290946215704,10.997337323155035,1335809.9127756415
1809,"plate",875,914,913,0.0000027063293749999955,1,26764.33150370067,11.208875494199491,1394148.965751191
1810,"plate",914,952,913,0.0000027063293750000044,0.9999999999999998,26530.510490222077,11.047707479636806,1353325.6111730994
1811,"plate",1110,1148,1109,0.0000027063293750000044,0.9999999999999998,30134.420794332505,9.10584648530464,942773.0772398773
1812,"plate",1108,1070,1109,0.0000027063293749999955,0.9999999999999998,28330.683261190927,9.38817527866666,993728.0773045563
1813,"plate",1147,1108,1109,0.0000027063293750000044,1,28330.85010820051,9.378489278619046,991497.5323931011
1814,"plate",1148,1147,1109,0.0000027063293750000044,1,29223.537637967165,9.259895880916961,970611.266808158
1815,"plate",317,278,279,0.0000027063293750000023,1.0000000000000002,4373.717196356071,10.3782426163459,1161405.7417361457
1816,"plate",278,240,279,0.0000027063293750000023,1.0000000000000002,4369.858812198997,10.378046015386404,1161365.4387309493
1817,"plate",280,318,279,0.0000027063293750000023,1.0000000000000002,1505.5928803255792,10.358109994697628,1155965.9935581118
1818,"plate",241,280,279,0.0000027063293750000023,1.0000000000000002,1504.0316256486938,10.358082247015961,1155960.3255306394
1819,"plate",318,317,279,0.0000027063293750000023,1.0000000000000002,2902.4586786289447,10.331154320973184,1150305.004884351
1820,"plate",240,241,279,0.0000027063293750000023,1.0000000000000002,2934.5206416528727,10.381222110988064,1161485.6746860025
1821,"padL",812,851,811,0.0000027063293749999917,1,33487.680168050094,1.0682758765218503,91297.0678686822
1822,"padL",784,812,811,0.0000027063293750000006,1,33465.86094886644,1.0678061946532045,91216.80554718057
1823,"padL",783,784,811,0.0000027063293750000015,0.9999999999999998,32946.618151161216,1.0461683830623953,87557.46285755094
1824,"padL",851,850,811,0.000002706329374999993,1.0000000000000002,34442.28610121983,1.0949047115669521,95905.30619292085
1825,"padL",850,810,811,0.000002706329374999994,0.9999999999999998,33841.16117806499,1.0716601245748065,91876.43380829519
1826,"padL",810,783,811,0.0000027063293750000023,0.9999999999999998,33831.722318874614,1.071452873920774,91840.90088264689
1827,"plate",1053,1052,1014,0.0000027063293750000044,1,20754.583550005063,10.355465672346169,1179305.0589016431
1828,"plate",1015,1053,1014,0.0000027063293750000044,0.9999999999999998,19792.738345914244,10.609505142965077,1234360.3709008042
1829,"plate",1052,1013,1014,0.0000027063293750000044,1,22518.460726202,10.393151072884798,1191676.9509025258
1830,"plate",1013,975,1014,0.0000027063293750000044,0.9999999999999998,22501.95719230629,10.407289692753666,1195159.6685621827
1831,"plate",525,564,563,0.000002706329375,1,30822.16787333017,7.477985115171442,653284.6563303319
1832,"plate",564,600,563,0.0000027063293750000044,0.9999999999999998,30796.779751570808,7.484105266646401,654685.1643594464
1833,"plate",524,525,563,0.000002706329375,1,31131.40109329838,7.8610157408316015,718359.1831808641
1834,"plate",600,599,563,0.0000027063293750000044,1,29040.843603824887,7.220496847670246,606807.6392873917
1835,"plate",562,524,563,0.000002706329375,1,29593.559376611585,7.651929027578462,677778.9976015455
1836,"plate",599,562,563,0.0000027063293750000044,1,29591.22646686798,7.670262780173578,681521.2847150968
1837,"padL",928,146,966,0.0000021118701562499817,0.8899495880180707,36142.25823924978,1.1599147641783423,107632.18081271194
1838,"padL",965,928,966,0.0000027063293749999917,1,36523.154584531905,1.167697085828182,109081.31874013031
1839,"padL",146,147,966,0.0000015625000000000028,0.8658451507449976,36528.71053772945,1.1740591177222273,110273.18495253558
1840,"padL",147,1005,966,0.000002156959218750019,0.9062863255276615,37077.21769260433,1.190976803131418,113474.0596477706
1841,"padL",1005,965,966,0.0000027063293750000006,1,36508.293204585745,1.1670362045497145,108957.88021838423
1842,"plate",1102,1064,1103,0.0000027063293749999955,0.9999999999999998,13305.840127864545,10.464661756134259,1189632.7965912048
1843,"plate",1141,1102,1103,0.0000027063293750000044,1,13303.455100003384,10.464584553696001,1189622.0548757694
1844,"plate",1065,1104,1103,0.0000027063293749999955,1,16276.846175052598,10.427472061152724,1186170.1645636314
1845,"plate",1104,1142,1103,0.0000027063293750000044,0.9999999999999998,16281.368204448943,10.427275271977065,1186107.8599756793
1846,"plate",1064,1065,1103,0.0000027063293749999955,1,14938.99502523167,10.547365699907454,1210926.8759686127
1847,"plate",1142,1141,1103,0.0000027063293750000044,1,14720.673821340828,10.400029084768216,1177321.5763455369
1848,"plate",214,213,624,7.599619311345273e-7,0.5434270312060262,9771.209070434994,12.824175982483743,1776531.7464189231
1849,"plate",590,591,624,0.0000027063293750000044,1,9421.178533229786,11.87746430661294,1524305.0836934247
1850,"plate",591,214,624,0.0000015648084474625036,0.8657394307843587,9699.099789294954,12.371681246702055,1654933.4661293703
1851,"plate",213,623,624,0.0000011285902741513393,0.5755042187662216,6854.049650390006,10.95337048665332,1294605.0953544509
1852,"plate",623,590,624,0.0000027063293750000044,0.9999999999999998,5130.339624449738,9.031180262560332,880239.7426866258
1853,"plate",244,282,243,0.0000027063293750000023,1.0000000000000002,5844.268098313938,10.399338073380948,1166971.1399889665
1854,"plate",22,244,243,0.0000013531646875000012,0.7999999979024509,5888.223976350331,10.399274195785411,1166958.8014866603
1855,"plate",282,281,243,0.0000027063293750000023,1.0000000000000002,4369.858795660184,10.378046015373283,1161365.4387301093
1856,"plate",21,22,243,0.0000013531646874999935,0.7999999979024532,4444.850934286076,10.390887973374571,1164243.9838830961
1857,"plate",281,242,243,0.0000027063293750000023,1.0000000000000002,2934.5206823258145,10.381222110967776,1161485.6746878233
1858,"plate",242,21,243,0.0000013531646875000012,0.7999999979024508,3022.2940451058453,10.38119794177841,1161480.8561983272
1859,"plate",939,900,901,0.0000027063293750000044,1,16514.936655635975,11.82315932113667,1521280.374911308
1860,"plate",900,862,901,0.0000027063293749999955,0.9999999999999998,16639.66184335197,11.86534560070836,1531895.1701863592
1861,"plate",862,863,901,0.0000027063293749999955,1,14638.914406747792,12.173737868970864,1608818.5801410943
1862,"plate",940,939,901,0.0000027063293750000044,1,14028.626779488994,11.152464657116786,1350751.9010925787
1863,"plate",863,902,901,0.0000027063293749999955,1,12309.589352275616,11.31078340413684,1386389.4535400677
1864,"plate",902,940,901,0.0000027063293750000044,0.9999999999999998,12082.241524143077,11.19942313079352,1359539.8345958577
1865,"padL",116,707,115,0.0000015625000000000013,0.8631845582286801,32766.80317046994,1.025134326779721,84072.03103536896
1866,"padL",731,114,115,0.0000031249999999999942,0.9864353638732122,32895.92118192668,1.0305212938563386,84957.93096730737
1867,"padL",707,731,115,0.000002044776718749999,0.8634288828885345,32854.29539969619,1.0287866678478563,84672.16063531964
1868,"plate",359,358,320,0.0000027063293750000023,1.0000000000000002,4293.2710175365555,10.301790635265034,1144342.7322407167
1869,"plate",281,282,320,0.0000027063293750000023,1.0000000000000002,4373.717184582288,10.378242616332507,1161405.7417302425
1870,"plate",282,321,320,0.0000027063293750000023,1.0000000000000002,5802.375823235708,10.377349835310481,1162029.9899927706
1871,"plate",321,359,320,0.0000027063293750000023,1.0000000000000002,5811.7302295089385,10.37819993979579,1162208.828553368
1872,"plate",358,319,320,0.0000027063293750000023,1.0000000000000002,2907.9887261188005,10.331451881360444,1150367.7237099872
1873,"plate",319,281,320,0.0000027063293750000023,1.0000000000000002,2902.458684687373,10.331154320961279,1150305.00488128
1874,"plate",459,498,497,0.0000027063293750000006,0.9999999999999998,31130.26877976428,7.846086069522898,715236.0961050651
1875,"plate",498,536,497,0.0000027063293749999964,1.0000000000000002,31131.401093377444,7.861015740858361,718359.1831856917
1876,"plate",536,535,497,0.0000027063293749999964,1.0000000000000002,30822.167873403312,7.477985115204201,653284.6563360072
1877,"plate",458,459,497,0.0000027063293750000006,1,32567.342783256987,7.990968458720921,745293.786290395
1878,"plate",496,458,497,0.0000027063293750000023,1,32434.56221548819,7.67013607868998,690186.5086555746
1879,"plate",535,496,497,0.0000027063293749999985,1.0000000000000002,32422.715929676953,7.675587389781146,691427.70975868
1880,"padR",374,336,337,0.0000027063293750000023,1.0000000000000002,37651.78850590791,1.194911551360104,114225.08924590485
1881,"padR",336,297,337,0.0000027063293750000023,1.0000000000000002,37647.589607877584,1.19473279727189,114190.91655016919
1882,"padR",375,374,337,0.0000027063293750000023,1.0000000000000002,37334.47289743792,1.180190589122621,111427.98613228793
1883,"padR",297,298,337,0.0000027063293750000023,1.0000000000000002,37884.64270777635,1.1979995744872447,114816.23843772954
1884,"padR",298,338,337,0.0000027063293750000023,1.0000000000000002,37717.12715106075,1.1877352162400472,112857.19551174332
1885,"padR",338,375,337,0.0000027063293750000023,1.0000000000000002,37717.781674986276,1.187781378955523,112865.96833547868
1886,"plate",774,748,775,0.0000027063293750000044,0.9999999999999998,25722.313024625957,6.514026001840168,492997.43538103154
1887,"plate",803,774,775,0.0000027063293749999955,1,25928.020307961928,6.552137968237554,498459.62229821034
1888,"plate",748,749,775,0.0000027063293750000044,1,25713.449167844945,6.292766373049034,461981.3943688938
1889,"plate",804,803,775,0.0000027063293749999955,1,28038.111981938742,6.950557487562243,563011.376423014
1890,"plate",749,776,775,0.0000027063293750000044,1,27674.442061139962,6.6294340159747085,514706.29765185865
1891,"plate",776,804,775,0.0000027063293749999955,0.9999999999999998,27772.73937040919,6.644011007501734,516756.5738248206
1892,"plate",487,448,449,0.0000027063293750000023,1.0000000000000002,33943.7309749434,8.082118690383211,765814.4717905149
1893,"plate",488,487,449,0.0000027063293750000023,1.0000000000000002,34069.19905771073,7.81510564814448,719881.5974937081
1894,"plate",411,169,449,0.000003076423593749943,0.9681456674049901,35445.88401062021,7.922330213411797,743558.9085052711
1895,"plate",169,488,449,0.0000023362351562499414,0.9584723839534693,35480.52173363776,7.901778071721447,739819.5557251202
1896,"padR",44,45,415,0.0000015624999999999323,0.6351622422070774,37086.61019113206,1.1614049348041036,107908.91380698593
1897,"padR",45,452,415,0.000003076423593749943,0.9681456674049901,36487.42613051315,1.1448522595656925,104854.93569861374
1898,"padR",43,44,415,0.0000015624999999999323,0.7480569904844453,37086.61019112915,1.1614049348041036,107908.91380698593
1899,"padR",375,43,415,0.0000027549057812499427,0.9993674155849073,37477.54281337115,1.1760757701580453,110652.33737222716
1900,"padR",452,414,415,0.0000027063293750000023,1.0000000000000002,36968.33567372827,1.1642056215457002,108429.9783390888
1901,"padR",414,375,415,0.000002706329375000003,1,36967.84043410186,1.1641544745864165,108420.45125596604
1902,"plate",399,400,438,0.0000027063293750000023,1.0000000000000002,11949.24284805081,10.650675952919887,1229977.053491675
1903,"plate",477,476,438,0.0000027063293750000023,1.0000000000000002,12047.355744883305,11.000321406825847,1311832.6069219138
1904,"plate",476,437,438,0.0000027063293750000023,1.0000000000000002,10329.678051956007,10.663154534857469,1230779.2726658278
1905,"plate",437,399,438,0.0000027063293750000023,1.0000000000000002,10259.664794208124,10.640629397645709,1225698.0427645834
1906,"plate",700,722,699,0.000002706329375,1,17510.24800121348,4.693271175526747,253831.9437503826
1907,"plate",675,700,699,0.000002706329375,1,17880.77515151751,4.7898781533229196,264330.786110589
1908,"plate",698,674,699,0.000002706329375,1,12843.093324846235,3.567840875697089,146000.72181178586
1909,"plate",674,675,699,0.000002706329375,1,16986.839050265444,4.692467799559838,252962.58323903498
1910,"plate",348,310,349,0.0000027063293750000023,1.0000000000000002,24565.323220016653,10.009028800988652,1112464.4867982094
1911,"plate",387,348,349,0.000002706329375000003,1,24558.750173008048,10.025293914189541,1116337.1105135484
1912,"plate",350,388,349,0.000002706329375000003,1,22175.061015511845,10.292253295350012,1168635.5511998124
1913,"plate",311,350,349,0.0000027063293750000023,1.0000000000000002,22191.185274891737,10.28282614456114,1166316.0442999501
1914,"plate",388,387,349,0.000002706329375000003,1,23895.87431970199,10.291447567102086,1172444.5681199387
1915,"plate",310,311,349,0.0000027063293750000023,1.0000000000000002,23090.24944813776,10.070051385712086,1122114.371010251
1916,"plate",640,610,641,0.000002706329374999998,1,28396.833186668533,6.605287720085868,513049.2812168216
1917,"plate",665,640,641,0.0000027063293750000027,1,28333.229552783112,6.59667681204743,511865.1131844086
1918,"plate",611,642,641,0.0000027063293749999964,1.0000000000000002,26508.759666944374,6.507414997037976,493775.03484000085
1919,"plate",642,666,641,0.0000027063293750000006,1,26357.084883990396,6.480557005952298,489946.5092956456
1920,"plate",666,665,641,0.0000027063293750000006,0.9999999999999998,26595.62653715516,6.334197427019954,470038.0881469777
1921,"plate",610,611,641,0.0000027063293749999964,1,28493.670858756563,6.850433023338618,549343.7825518396
1922,"plate",230,9,231,0.0000013531646874999992,0.7999999979024515,29222.538586736435,9.260813688806964,970660.2425987375
1923,"plate",269,230,231,0.0000027063293749999985,1.0000000000000002,29215.718520904273,9.262596254725452,971077.8641303034
1924,"plate",270,269,231,0.0000027063293749999985,1,28290.04503244929,9.38291767489995,992305.9532759023
1925,"plate",9,10,231,0.0000013531646875000012,0.7999999979024509,28255.780931279653,9.387903789767066,993274.1420971246
1926,"plate",10,232,231,0.0000013531646874999992,0.7999999979024515,27268.263307565976,9.51315387624909,1015822.5565806803
1927,"plate",232,270,231,0.0000027063293749999985,1,27259.769185144134,9.514999205424395,1016259.4724838766
1928,"plate",34,256,255,0.000001353164687500001,0.7999999979024506,34601.062332444715,8.59591140831157,860579.4240114357
1929,"plate",33,34,255,0.0000013531646874999935,0.7999999979024532,33719.4105975917,8.694288143173281,875849.9213829502
1930,"plate",293,254,255,0.0000027063293750000023,1.0000000000000002,32825.88799333253,8.794144968333146,891648.020396804
1931,"plate",254,33,255,0.0000013531646875000012,0.7999999979024508,32831.20556235787,8.793111104647116,891402.8892332807
1932,"plate",136,609,137,0.0000015625000000000007,0.7430939090665113,31358.436800136427,6.8343589793379245,555955.6865853298
1933,"plate",609,640,137,0.0000027699354687499967,0.9989217770250791,30038.83502420087,6.63208456258294,521934.13432626077
1934,"plate",640,664,137,0.00000264272328125,0.9988699332866735,30047.777737741533,6.63287388774069,522134.7021384905
1935,"plate",664,138,137,0.0000015624999999999963,0.7831441071552322,29710.03010135031,6.486218389353222,500866.551946376
1936,"padL",138,663,137,0.0000015624999999999984,0.7831441071552326,30776.456447026827,0.9832230126263569,77338.19940464394
1937,"padL",608,136,137,0.0000015625000000000028,0.7430939090665118,32037.930797477737,1.0277844184323546,84507.26486178667
1938,"padL",639,608,137,0.000002769935468749999,0.9989217770250793,31455.753166066424,1.0036918796984362,80591.7911498064
1939,"padL",663,639,137,0.000002642723281250002,0.9988699332866737,31376.800037002067,1.0010876180516255,80174.11352130218
1940,"plate",772,771,745,0.0000027063293750000044,1,23583.67827986052,7.033477948499428,563880.458055548
1941,"plate",771,200,745,0.0000017993701931210184,0.8649747141286491,21514.153218534124,6.406614229085936,467111.29531593435
1942,"plate",200,199,745,0.000001970695003964327,0.942262337223193,21634.502187861835,6.417182480002019,469728.1714282404
1943,"plate",746,772,745,0.0000027063293750000044,0.9999999999999998,18922.755110652215,5.36702785577087,329527.8439435905
1944,"plate",423,384,385,0.0000027063293749999985,1.0000000000000002,29333.403908074288,9.182347741745346,955776.2999944246
1945,"plate",384,346,385,0.0000027063293749999993,1,29302.666790978426,9.152698168755018,949197.79898538
1946,"plate",346,347,385,0.0000027063293749999993,1,28454.036616047713,9.381756456197715,992900.9602239172
1947,"plate",424,423,385,0.0000027063293749999985,1,28648.481148038547,9.286980210647698,973782.9954915992
1948,"plate",386,424,385,0.0000027063293749999985,1,27790.470614172955,9.563151835254967,1028061.9964393568
1949,"plate",347,386,385,0.0000027063293749999993,1,27758.41491481319,9.528096224069499,1020103.5556202302
1950,"plate",478,477,439,0.0000027063293750000023,1.0000000000000002,16036.566054245157,11.413722223860379,1417867.918701457
1951,"plate",400,401,439,0.0000027063293750000023,1.0000000000000002,15229.355707671242,10.754623784405032,1258948.2967597055
1952,"plate",401,440,439,0.0000027063293750000023,1.0000000000000002,17323.390744236814,11.059943757224035,1334515.3812119586
1953,"plate",440,478,439,0.0000027063293750000023,1.0000000000000002,17324.585846357048,11.060104317971614,1334550.1430718983
1954,"plate",477,438,439,0.0000027063293750000023,1.0000000000000002,13810.589654987465,10.931254726638384,1297845.8484312785
1955,"plate",438,400,439,0.0000027063293750000023,1.0000000000000002,13762.803404467122,10.91980367865392,1295232.2483078826
1956,"plate",1136,84,85,0.00000328227156250005,0.9816710084322957,1491.7793860087916,10.378436240835592,1160511.6798282769
1957,"plate",86,1135,85,0.0000032822715625000136,0.9816710084322937,4377.64140142945,10.39134643911954,1164349.4676801662
1958,"plate",1135,1136,85,0.000003282271562500032,0.9816710084322948,2918.5742828625393,10.372886420634769,1159624.3504255703
1959,"padL",532,571,531,0.0000027063293750000023,0.9999999999999998,34345.51189389677,1.087870732248896,94677.01840669994
1960,"padL",494,532,531,0.000002706329374999998,1,34351.10673056235,1.0879577175623711,94692.15961628192
1961,"padL",493,494,531,0.0000027063293749999976,1,35137.79071057602,1.1096248034380527,98501.37635239496
1962,"padL",571,570,531,0.000002706329375000002,0.9999999999999998,33833.26488176867,1.0675851346734215,91179.04158205341
1963,"padL",570,530,531,0.000002706329375000002,1.0000000000000002,34600.91826118862,1.0883090054929339,94753.3193149615
1964,"padL",530,493,531,0.0000027063293749999972,1,34603.030527169125,1.08832412990729,94755.9529390768
1965,"plate",818,789,790,0.0000027063293750000006,1,25839.340155393536,7.695792050578616,673758.5912166925
1966,"plate",789,763,790,0.0000027063293749999917,1,26265.96037727615,7.846063061179798,701582.2133765445
1967,"plate",764,791,790,0.0000027063293749999917,0.9999999999999998,29659.902030953326,9.489460486044482,1019424.9879185361
1968,"plate",791,819,790,0.0000027063293750000006,1,27589.56559309669,8.84359034861036,883189.3329676894
1969,"plate",819,818,790,0.0000027063293750000006,0.9999999999999998,28844.365798547708,9.210852179738096,960696.3311012671
1970,"plate",763,764,790,0.0000027063293749999917,1,23646.52371426358,7.072261012661258,568797.0273900753
1971,"plate",1138,83,1137,0.000003282271562500032,0.9816710084322948,2918.574282934192,10.372886420630762,1159624.3504246979
1972,"plate",83,84,1137,0.0000032822715625000136,0.9816710084322937,1491.7793860784814,10.378436240833544,1160511.6798278305
1973,"plate",84,1136,1137,0.000003282271562500032,0.9816710084322948,343.61263524065726,10.363645033865481,1157088.1944617468
1974,"plate",1136,1098,1137,0.0000027063293750000044,0.9999999999999998,418.7035586941056,10.363645033865481,1157088.0102585063
1975,"plate",1033,1072,1071,0.0000027063293750000044,1,30930.969144993458,8.938964265276205,913178.6645063745
1976,"plate",1072,1110,1071,0.0000027063293749999955,0.9999999999999998,30925.73708377796,8.926644169645584,910413.7611801942
1977,"plate",1070,1032,1071,0.0000027063293750000044,0.9999999999999998,29284.473205032707,9.229791485920767,964940.6564894373
1978,"plate",1109,1070,1071,0.0000027063293749999955,1,29276.945039986582,9.213892237061387,961345.0790359826
1979,"plate",1032,1033,1071,0.0000027063293750000044,1,30056.895996048628,9.004706107929673,922633.0532110606
1980,"plate",1110,1109,1071,0.0000027063293749999955,1,30135.321584776026,9.114270068460655,944693.5158212609
1981,"plate",722,746,721,0.0000027063293749999955,0.9999999999999998,16270.933375857565,4.4514056028567195,227657.65114183936
1982,"plate",699,722,721,0.000002706329375,1,15094.143755685132,4.132266987133109,196286.12271525842
1983,"plate",198,698,721,0.00000156480846875003,0.7300765515352564,4133.266903908764,1.1574148815010192,15352.287863606189
1984,"plate",199,198,721,0.00000283420130475869,0.9849138673448482,10672.180923360906,3.026975005395362,104925.39909963585
1985,"plate",745,199,721,0.0000021827046516222434,0.8958316422276275,13022.233311603917,3.699802109864452,156619.8708059735
1986,"plate",698,699,721,0.000002706329375,1,11230.324350319745,3.115473325333869,111366.63494129524
1987,"plate",746,745,721,0.0000027063293749999955,1,16504.954179681652,4.678224311083891,250746.15295576578
1988,"plate",1094,1055,1056,0.0000027063293749999955,1,11841.19565427339,10.521364899339401,1200419.645952677
1989,"plate",1055,1017,1056,0.0000027063293750000044,0.9999999999999998,11852.709374663065,10.52256121105994,1200665.6151769375
1990,"plate",1017,1018,1056,0.0000027063293750000044,1,10297.767176120455,10.541971501408144,1203201.1167762687
1991,"plate",1095,1094,1056,0.0000027063293749999955,1,10291.924347066679,10.45078738017653,1182531.6989412797
1992,"plate",1018,1057,1056,0.0000027063293750000044,1,8780.073465416914,10.448304217087442,1180347.5596117326
1993,"plate",1057,1095,1056,0.0000027063293749999955,0.9999999999999998,8763.832199368362,10.446132160246483,1179885.2203679176
1994,"plate",314,276,315,0.0000027063293750000023,1.0000000000000002,11805.528177480952,10.477005488244956,1190330.0097953274
1995,"plate",353,314,315,0.0000027063293750000023,1.0000000000000002,11812.318130340407,10.47746544685899,1190417.9643964698
1996,"plate",316,354,315,0.0000027063293750000023,1.0000000000000002,8786.741989173324,10.435557131472555,1177493.7647905687
1997,"plate",277,316,315,0.0000027063293750000023,1.0000000000000002,8776.46109732874,10.434574923932892,1177290.7152862023
1998,"plate",354,353,315,0.0000027063293750000023,1.0000000000000002,10294.63775498284,10.501395695687108,1193988.3488301784
1999,"plate",276,277,315,0.0000027063293750000023,1.0000000000000002,10281.414698170038,10.43293213345139,1178505.758255657
2000,"plate",285,324,323,0.0000027063293750000023,1.0000000000000002,14836.151025392028,10.476685863713557,1194742.8291515866
2001,"plate",324,362,323,0.0000027063293750000023,1.0000000000000002,14835.540019583243,10.4766829422068,1194744.1636526631
2002,"plate",284,285,323,0.0000027063293750000023,1.0000000000000002,13262.597497681158,10.430021658648409,1181771.7066559286
2003,"plate",362,361,323,0.0000027063293750000023,1.0000000000000002,13425.691333190243,10.57339331299753,1214469.5080395862
2004,"plate",361,322,323,0.0000027063293750000023,1.0000000000000002,11812.318130549724,10.477465446822585,1190417.9643899584
2005,"plate",322,284,323,0.0000027063293750000023,1.0000000000000002,11805.528178417668,10.477005488208523,1190330.0097860666
2006,"plate",498,460,499,0.0000027063293750000044,0.9999999999999998,30017.096376949943,8.102528043872415,755754.2769366696
2007,"plate",537,498,499,0.000002706329375,1,30065.074190635944,8.13732568409077,762817.7555733685
2008,"plate",461,500,499,0.0000027063293750000006,0.9999999999999998,29163.84042023306,8.480444724902481,820646.7574105072
2009,"plate",500,538,499,0.0000027063293749999964,1.0000000000000002,29309.543269739635,8.553250691878848,835548.4337446546
2010,"plate",460,461,499,0.0000027063293750000006,1,30207.2376308603,8.563026458709388,840045.5873329189
2011,"plate",538,537,499,0.0000027063293749999964,1.0000000000000002,28668.858749378156,7.932467541654115,722060.0210285196
2012,"plate",256,295,294,0.0000027063293750000023,1.0000000000000002,35368.83096952966,8.484331895275826,842901.7543440218
2013,"plate",295,333,294,0.0000027063293750000023,1.0000000000000002,35366.6489681772,8.485593864370442,843213.608848354
2014,"plate",255,256,294,0.0000027063293750000023,1.0000000000000002,34595.97300871227,8.596507778944368,860725.9240811896
2015,"plate",333,332,294,0.0000027063293750000023,1.0000000000000002,34348.61644099674,8.517184160366668,845058.5983862396
2016,"plate",332,293,294,0.0000027063293750000023,1.0000000000000002,33633.97255210121,8.66898585409609,870906.776646555
2017,"plate",293,255,294,0.0000027063293750000023,1.0000000000000002,33635.888419105315,8.666432242305943,870308.6581880848
2018,"plate",910,872,911,0.0000027063293749999955,0.9999999999999998,16639.661843407393,11.865345600683904,1531895.1701801938
2019,"plate",949,910,911,0.0000027063293750000044,1,16514.93665569186,11.823159321112438,1521280.3749052216
2020,"plate",950,949,911,0.0000027063293750000044,1,17802.598014070885,11.362226523670232,1408447.0088862504
2021,"plate",872,873,911,0.0000027063293749999955,1,20294.622733204968,13.063162128648283,1861509.3626973536
2022,"plate",873,912,911,0.0000027063293749999955,1,20846.690560136878,12.052233869335327,1589186.4597506614
2023,"plate",912,950,911,0.0000027063293750000044,0.9999999999999998,20869.338915474906,12.052382706093834,1589119.043236091
2024,"plate",557,594,593,0.0000027063293750000044,1,32859.60950327129,13.740466668017605,2092143.8584264976
2025,"plate",217,216,593,8.863584241284491e-7,0.49004880379508997,33465.15779259676,16.9216425286428,3151459.3963907836
2026,"plate",216,556,593,0.0000029762648437500327,0.9822290582540513,31439.072587499486,15.939301758091322,2791145.7646578867
2027,"plate",556,557,593,0.0000027063293750000044,1,27982.591138998996,13.281667089021273,1945346.1327915094
2028,"plate",594,218,593,0.0000020470851449250656,0.8940178424870197,35336.40830561672,14.734400413836722,2411913.831947461
2029,"plate",218,217,593,8.78280817492447e-7,0.47625541771470403,37610.16117263518,15.744793148679653,2745720.2254281854
2030,"plate",228,6,7,0.0000013531646874999992,0.7999999979024515,33719.410620414594,8.694288143191258,875849.9213790495
2031,"plate",229,228,7,0.0000013531646875000012,0.7999999979024509,32831.20555288304,8.793111104661065,891402.8892388515
2032,"plate",8,229,7,0.0000013531646875000012,0.7999999979024508,31950.783437353486,8.90511726619856,909829.2927384195
2033,"plate",1048,1087,1086,0.0000027063293749999917,0.9999999999999998,30135.321584815272,9.114270068490384,944693.5158273182
2034,"plate",1087,1125,1086,0.0000027063293750000006,1,30134.420794371486,9.105846485334375,942773.0772459293
2035,"plate",1047,1048,1086,0.0000027063293749999917,1,30925.737083821663,8.926644169675084,910413.761186115
2036,"plate",1125,1124,1086,0.0000027063293750000006,0.9999999999999998,31038.31232924071,9.010293866997028,927223.8549224421
2037,"plate",1085,1047,1086,0.0000027063293749999955,0.9999999999999998,31851.15786220144,8.860722644136771,901122.8132164468
2038,"plate",1124,1085,1086,0.0000027063293750000044,1,31851.46597070435,8.854443509136878,899690.645396787
2039,"plate",826,793,827,0.0000027063293750000044,0.9999999999999998,3988.869004995339,8.970334696210633,867620.1302091209
2040,"plate",865,826,827,0.0000027063293749999955,1,3766.3304152170526,8.721745159629023,820332.2822078272
2041,"plate",794,828,827,0.0000027063293750000044,1,1774.7055537181825,8.06488338890373,700826.0485664639
2042,"plate",828,866,827,0.0000027063293749999955,0.9999999999999998,1694.5480791339282,8.012358293262658,691755.7168352547
2043,"plate",866,865,827,0.0000027063293749999955,1,3333.897243783215,9.148926787425713,902271.0198333747
2044,"plate",793,794,827,0.0000027063293750000044,1,1963.83520009991,7.218038800169167,561495.7588729835
2045,"plate",448,409,410,0.0000027063293750000023,1.0000000000000002,33706.303010249074,8.328622305676367,808728.4205912914
2046,"plate",409,371,410,0.000002706329375000003,1,33709.604260090135,8.321805963844987,807184.2239918533
2047,"plate",449,448,410,0.0000027063293750000023,1.0000000000000002,33949.99058868106,8.076460055614339,764527.315951678
2048,"plate",371,372,410,0.000002706329375000003,1,34912.33943936868,8.347974700979817,816428.1718415554
2049,"plate",372,411,410,0.000002706329375000003,1,35322.64903332043,8.150248018284406,782470.1557191622
2050,"plate",411,449,410,0.0000027063293750000023,1.0000000000000002,35315.27532479398,8.152713599382139,783080.8218522165
2051,"plate",274,312,273,0.0000027063293750000023,1.0000000000000002,19015.55866035393,10.276519922912787,1157862.2460669274
2052,"plate",235,274,273,0.0000027063293750000023,1.0000000000000002,19022.27738738011,10.275410396252092,1157575.2741108185
2053,"plate",272,234,273,0.0000027063293750000023,1.0000000000000002,21665.397919006096,10.11015411473647,1127178.6718705932
2054,"plate",311,272,273,0.0000027063293750000023,1.0000000000000002,21657.47922357532,10.112898739872717,1127856.7170308742
2055,"plate",234,235,273,0.0000027063293750000023,1.0000000000000002,20274.499164917277,10.167224230774346,1136500.276496439
2056,"plate",312,311,273,0.0000027063293750000023,1.0000000000000002,20562.642092806185,10.271454500113007,1160026.38701654
2057,"plate",627,652,651,0.000002706329375,1,22015.880549683898,6.348093056362184,460086.7889857846
2058,"plate",220,626,651,0.000002763923630621014,0.9552341687490495,24115.617259450257,7.36863723248192,616757.531340263
2059,"plate",626,627,651,0.000002706329375,1,26961.65957249753,8.25322681769334,774425.2005154502
2060,"plate",652,674,651,0.0000027063293750000044,0.9999999999999998,21035.047210715486,6.067496972520534,421071.89260273427
2061,"plate",221,220,651,0.0000026644819346930377,0.9165354893101905,22130.95785600958,6.579143422121278,493293.44561320404
2062,"plate",674,221,651,0.000003147258089122248,0.9669992287644267,17813.150729776276,5.139591778149706,301856.26617668587
2063,"padR",780,808,807,0.0000027063293749999955,1,33373.68015565158,1.0528788899936068,88684.31655953357
2064,"padR",808,847,807,0.0000027063293750000044,0.9999999999999998,33381.047170955506,1.0530589368520336,88714.64995871481
2065,"padR",846,806,807,0.0000027063293750000044,1,32946.618151081464,1.0461683830582078,87557.46285684999
2066,"padR",806,779,807,0.0000027063293749999955,0.9999999999999998,32925.436194196234,1.0455751856969675,87458.19751561985
2067,"padR",779,780,807,0.0000027063293749999955,1,32618.26273553895,1.03196590968974,85196.29110094182
2068,"padR",847,846,807,0.0000027063293750000044,1,33831.722318748216,1.0714528739161486,91840.90088185394
2069,"plate",372,333,334,0.0000027063293750000023,1.0000000000000002,36129.625200230425,8.345085432519664,820110.9429037508
2070,"plate",333,295,334,0.0000027063293750000023,1.0000000000000002,36135.61919822046,8.34358427105265,819733.6352980518
2071,"plate",295,172,334,0.0000016110764062499381,0.6450561765686942,37290.01149376676,8.27609243796192,811065.1386759762
2072,"plate",172,171,334,0.0000015624999999999268,0.7786720575848486,37342.00397546499,8.255617974648176,810187.807874463
2073,"plate",171,372,334,0.00000265775296874994,0.9993443067848711,36638.04938139033,8.19395364736874,795145.7276847487
2074,"padL",732,756,755,0.0000027063293750000023,0.9999999999999998,32604.10486218253,1.0315682244751607,85130.64013974684
2075,"padL",756,783,755,0.000002706329374999994,0.9999999999999998,32618.26273564307,1.031965909694464,85196.29110172181
2076,"padL",731,732,755,0.000002706329375000002,1,32477.738404174128,1.024114493964496,83904.83973985244
2077,"padL",783,782,755,0.0000027063293749999934,0.9999999999999998,33373.68015576979,1.0528788899986412,88684.31656038167
2078,"padL",782,754,755,0.0000027063293749999934,1.0000000000000002,33084.351560091294,1.0398594195551099,86504.6089949992
2079,"padL",754,731,755,0.0000027063293750000015,0.9999999999999998,33080.3320852599,1.0397634096914223,86488.6358506506
2080,"plate",574,536,575,0.0000027063293750000006,1,29040.843603887344,7.220496847702583,606807.6392927768
2081,"plate",611,574,575,0.0000027063293750000006,1,28982.356180304374,7.2208726172643845,607252.7058285973
2082,"plate",537,576,575,0.0000027063293750000044,1,27837.12604511787,7.362348500092771,625485.7712596722
2083,"plate",576,612,575,0.0000027063293750000044,0.9999999999999998,27797.375388192988,7.373997008106903,628028.3397280829
2084,"plate",536,537,575,0.0000027063293750000044,1,29591.226466932505,7.670262780201069,681521.2847199196
2085,"plate",612,611,575,0.0000027063293750000044,1,26995.82170262491,6.860676515287076,546078.564845534
2086,"padL",101,102,1119,0.0000032822715625000182,0.9816710084322939,38018.18663997015,1.2115799647724839,117434.08088304746
2087,"padL",102,1118,1119,0.0000032822715625000297,0.9816710084322948,37906.70092513522,1.2035196838963351,115876.77036207475
2088,"padL",1120,101,1119,0.0000032822715625000276,0.9816710084322945,37976.44418965128,1.2158971096327253,118272.46249705725
2089,"padL",1082,1120,1119,0.0000027063293750000006,1,37981.786721401484,1.2161242299815627,118316.6514198599
2090,"padL",1081,1082,1119,0.0000027063293750000015,0.9999999999999998,37739.43817396754,1.2023707198320903,115655.62783276313
2091,"padL",1118,1081,1119,0.0000027063293750000023,0.9999999999999998,37908.92910615845,1.2036142973677375,115894.99014624259
2092,"padR",704,680,681,0.000002706329375,1,31293.734112757484,0.9958738455542898,79341.17730072715
2093,"padR",680,657,681,0.0000027063293750000044,0.9999999999999998,31319.956754302686,0.9966756166431426,79468.98278487909
2094,"padR",658,682,681,0.0000027063293750000044,1,32103.688590755457,1.015354331205941,82475.5534318931
2095,"padR",682,705,681,0.000002706329375,1,32093.759060193228,1.0150660065165409,82428.71980683506
2096,"padR",705,704,681,0.000002706329375,1,31546.939818246425,1.000750159292369,80120.07050589616
2097,"padR",657,658,681,0.0000027063293750000044,1,32147.584683942347,1.0202733453782027,83276.61594313834
2098,"plate",656,678,655,0.0000027063293750000044,0.9999999999999998,28333.22955270491,6.596676812016603,511865.1131796539
2099,"plate",631,656,655,0.000002706329375,1,28396.833186589647,6.605287720054771,513049.2812120207
2100,"plate",630,631,655,0.000002706329375,1,28493.670858692905,6.850433023305425,549343.7825465545
2101,"plate",678,677,655,0.0000027063293750000044,1,26595.626537089538,6.3341974269911505,470038.0881427347
2102,"plate",677,654,655,0.0000027063293750000044,1,26357.08488393327,6.480557005922239,489946.5092911383
2103,"plate",654,630,655,0.000002706329375,1,26508.75966688685,6.507414997007305,493775.03483538475
2104,"padL",222,0,1,0.0000013531646874999999,0.7999999979024509,38144.46173477131,1.1972045949765096,114663.90737862946
2105,"padL",2,223,1,0.0000013531646874999999,0.799999997902451,38014.04344526804,1.2019260333099864,115570.09516386226
2106,"padL",223,222,1,0.0000013531646874999997,0.7999999979024512,38051.74802115266,1.1984743274988188,114907.25709389967
2107,"plate",766,741,767,0.0000027063293750000044,0.9999999999999998,864.9422076907367,5.61665572466628,339865.5847116713
2108,"plate",794,766,767,0.0000027063293749999955,1,821.2229921060733,5.646621393317151,343514.0607183272
2109,"plate",795,794,767,0.0000027063293749999955,1,662.8720781064195,6.775814351039328,494599.5468163359
2110,"plate",741,742,767,0.0000027063293750000044,1,253.03663959254382,4.388058838919627,207424.02246187878
2111,"plate",742,768,767,0.0000027063293750000044,1,129.07075263699517,5.510860408803808,327150.26313235215
2112,"plate",768,795,767,0.0000027063293749999955,0.9999999999999998,101.99896370014176,5.510860408803808,327150.98035135097
2113,"plate",1018,979,980,0.0000027063293750000044,1,8641.269168494868,10.480049768183038,1187436.1705482663
2114,"plate",979,941,980,0.0000027063293749999955,0.9999999999999998,8698.234798653788,10.497512317879826,1191312.8440500405
2115,"plate",1019,1018,980,0.0000027063293750000044,1,7217.079569047419,10.390553229435216,1165970.2791441842
2116,"plate",941,942,980,0.0000027063293749999955,1,6863.57000352936,10.267312336846643,1138349.5908357142
2117,"plate",981,1019,980,0.0000027063293750000044,0.9999999999999998,5563.911373377398,10.223686048965225,1127789.3233294978
2118,"plate",942,981,980,0.0000027063293749999955,1,5606.823893882663,10.23600528044914,1130463.306629877
2119,"plate",896,858,897,0.0000027063293749999955,0.9999999999999998,28051.657983617843,10.389096164601364,1207148.5876167875
2120,"plate",935,896,897,0.0000027063293750000044,1,27695.652017582015,10.201908710342089,1162940.621315449
2121,"plate",858,859,897,0.0000027063293749999955,1,28566.601362594003,10.89745915314661,1323562.5435737066
2122,"plate",936,935,897,0.0000027063293750000044,1,26281.386205716222,10.483838239488792,1222917.7232996703
2123,"plate",859,898,897,0.0000027063293749999955,1,26764.33150369418,11.208875494229497,1394148.9657584794
2124,"plate",898,936,897,0.0000027063293750000044,0.9999999999999998,26530.5104902141,11.047707479666457,1353325.611180194
2125,"plate",977,1015,976,0.0000027063293750000044,0.9999999999999998,18826.521399167854,10.944439927130075,1310104.3105251016
2126,"plate",938,977,976,0.0000027063293749999955,1,18808.933791843876,10.945254815107647,1310379.529134409
2127,"plate",975,937,976,0.0000027063293749999955,0.9999999999999998,21829.96913609853,10.784393220044532,1279665.1626214746
2128,"plate",1014,975,976,0.0000027063293750000044,1,21852.173839123967,10.76920097980018,1275800.5978126405
2129,"plate",937,938,976,0.0000027063293749999955,1,21317.694753824948,11.30121822866033,1401071.126060107
2130,"plate",1015,1014,976,0.0000027063293750000044,1,19772.800241054716,10.613453239273593,1235400.1242074806
2131,"padR",52,706,51,0.000003124999999999936,0.9694610275799562,32675.854085693572,1.0235410287836906,83810.89900828605
2132,"padR",706,683,51,0.000001626106093749937,0.6534635608431575,32810.64326792951,1.0270521783018505,84386.89415636608
2133,"padR",683,50,51,0.0000015624999999999291,0.7831441071552138,32877.893393620616,1.0288077428019582,84675.6297319408
2134,"plate",1100,1138,1099,0.0000027063293750000044,0.9999999999999998,4353.309308179686,10.361875855597876,1157748.4082346621
2135,"plate",1061,1100,1099,0.0000027063293749999955,1,4359.763329840368,10.362304374834258,1157838.0464983056
2136,"plate",1138,1137,1099,0.0000027063293750000044,1,2930.3215497142846,10.37296026229167,1159639.3492635256
2137,"plate",1060,1061,1099,0.0000027063293749999955,1,2878.3181869053274,10.290591260222389,1141288.6413425633
2138,"plate",1098,1060,1099,0.0000027063293749999955,0.9999999999999998,1499.4463420062077,10.333419954600668,1150463.4211691343
2139,"plate",1137,1098,1099,0.0000027063293750000044,1,1496.4212117820975,10.333360483268802,1150451.1906413157