# vtk DataFile Version 3.0
AetherField computed finite-element results
ASCII
DATASET UNSTRUCTURED_GRID
POINTS 1157 double
0 0 0
0.0025 0 0
0.005 0 0
0.0075 0 0
0.01 0 0
0.012499999999999999 0 0
0.015 0 0
0.017499999999999998 0 0
0.02 0 0
0.0225 0 0
0.025 0 0
0.027499999999999997 0 0
0.03 0 0
0.032499999999999994 0 0
0.034999999999999996 0 0
0.0375 0 0
0.04 0 0
0.042499999999999996 0 0
0.045 0 0
0.047499999999999994 0 0
0.049999999999999996 0 0
0.052500000000000005 0 0
0.05499999999999999 0 0
0.057499999999999996 0 0
0.06 0 0
0.06249999999999999 0 0
0.06499999999999999 0 0
0.06749999999999999 0 0
0.06999999999999999 0 0
0.0725 0 0
0.075 0 0
0.0775 0 0
0.08 0 0
0.0825 0 0
0.08499999999999999 0 0
0.0875 0 0
0.09 0 0
0.09249999999999999 0 0
0.09499999999999999 0 0
0.09749999999999999 0 0
0.09999999999999998 0 0
0.1 0.0025 0
0.1 0.005 0
0.1 0.0075 0
0.1 0.01 0
0.1 0.0125 0
0.1 0.015 0
0.1 0.0175 0
0.1 0.02 0
0.1 0.0225 0
0.1 0.025 0
0.1 0.027499999999999997 0
0.1 0.03 0
0.1 0.032499999999999994 0
0.1 0.035 0
0.1 0.037500000000000006 0
0.1 0.04 0
0.1 0.0425 0
0.1 0.045 0
0.1 0.0475 0
0.1 0.05 0
0.1 0.052500000000000005 0
0.1 0.05499999999999999 0
0.1 0.057499999999999996 0
0.1 0.06 0
0.0975 0.06 0
0.095 0.06 0
0.0925 0.06 0
0.09 0.06 0
0.0875 0.06 0
0.08499999999999999 0.06 0
0.0825 0.06 0
0.08 0.06 0
0.0775 0.06 0
0.075 0.06 0
0.0725 0.06 0
0.06999999999999999 0.06 0
0.06749999999999999 0.06 0
0.06499999999999999 0.06 0
0.0625 0.06 0
0.05999999999999999 0.06 0
0.057499999999999996 0.06 0
0.05499999999999999 0.06 0
0.05249999999999999 0.06 0
0.05 0.06 0
0.04749999999999999 0.06 0
0.045 0.06 0
0.042499999999999996 0.06 0
0.039999999999999994 0.06 0
0.037500000000000006 0.06 0
0.034999999999999996 0.06 0
0.032499999999999994 0.06 0
0.029999999999999995 0.06 0
0.027499999999999993 0.06 0
0.025 0.06 0
0.0225 0.06 0
0.019999999999999997 0.06 0
0.017499999999999995 0.06 0
0.015000000000000003 0.06 0
0.0125 0.06 0
0.009999999999999998 0.06 0
0.007499999999999996 0.06 0
0.0050000000000000044 0.06 0
0.0025000000000000022 0.06 0
0 0.06 0
0 0.057499999999999996 0
0 0.05499999999999999 0
0 0.052500000000000005 0
0 0.05 0
0 0.0475 0
0 0.045 0
0 0.042499999999999996 0
0 0.04000000000000001 0
0 0.037500000000000006 0
0 0.034999999999999996 0
0 0.0325 0
0 0.03 0
0 0.027500000000000004 0
0 0.024999999999999994 0
0 0.0225 0
0 0.020000000000000004 0
0 0.017499999999999998 0
0 0.015000000000000003 0
0 0.0125 0
0 0.009999999999999998 0
0 0.007499999999999996 0
0 0.0050000000000000044 0
0 0.0025000000000000022 0
0.01 0.0025 0
0.01 0.005 0
0.01 0.0075 0
0.01 0.01 0
0.01 0.0125 0
0.01 0.015 0
0.01 0.0175 0
0.01 0.02 0
0.01 0.0225 0
0.01 0.025 0
0.01 0.027499999999999997 0
0.01 0.03 0
0.01 0.032499999999999994 0
0.01 0.035 0
0.01 0.037500000000000006 0
0.01 0.04 0
0.01 0.0425 0
0.01 0.045 0
0.01 0.0475 0
0.01 0.05 0
0.01 0.052500000000000005 0
0.01 0.05499999999999999 0
0.01 0.057499999999999996 0
0.09 0.057499999999999996 0
0.09 0.05499999999999999 0
0.09 0.052500000000000005 0
0.09 0.05 0
0.09 0.0475 0
0.09 0.045 0
0.09 0.042499999999999996 0
0.09 0.04000000000000001 0
0.09 0.037500000000000006 0
0.09 0.034999999999999996 0
0.09 0.0325 0
0.09 0.03 0
0.09 0.027500000000000004 0
0.09 0.024999999999999994 0
0.09 0.0225 0
0.09 0.020000000000000004 0
0.09 0.017499999999999998 0
0.09 0.015000000000000003 0
0.09 0.0125 0
0.09 0.009999999999999998 0
0.09 0.007499999999999996 0
0.09 0.0050000000000000044 0
0.09 0.0025000000000000022 0
0.044000000000000004 0.03 0
0.04369333243660162 0.03232937140592269 0
0.042794228634059954 0.034499999999999996 0
0.04136396103067893 0.036363961030678925 0
0.03950000000000001 0.03779422863405995 0
0.03732937140592269 0.03869333243660161 0
0.035 0.039 0
0.032670628594077315 0.03869333243660161 0
0.030500000000000006 0.03779422863405995 0
0.028636038969321077 0.036363961030678925 0
0.027205771365940053 0.034499999999999996 0
0.02630666756339839 0.03232937140592269 0
0.026000000000000002 0.03 0
0.02630666756339839 0.027670628594077307 0
0.027205771365940053 0.025500000000000002 0
0.02863603896932107 0.023636038969321073 0
0.0305 0.02220577136594005 0
0.032670628594077315 0.021306667563398385 0
0.035 0.020999999999999998 0
0.037329371405922684 0.02130666756339838 0
0.03950000000000001 0.02220577136594005 0
0.04136396103067893 0.02363603896932107 0
0.04279422863405995 0.025499999999999995 0
0.04369333243660162 0.027670628594077304 0
0.07400000000000001 0.03 0
0.07369333243660162 0.03232937140592269 0
0.07279422863405995 0.034499999999999996 0
0.07136396103067894 0.036363961030678925 0
0.0695 0.03779422863405995 0
0.06732937140592268 0.03869333243660161 0
0.065 0.039 0
0.06267062859407732 0.03869333243660161 0
0.0605 0.03779422863405995 0
0.05863603896932107 0.036363961030678925 0
0.05720577136594005 0.034499999999999996 0
0.05630666756339839 0.03232937140592269 0
0.055999999999999994 0.03 0
0.05630666756339839 0.027670628594077307 0
0.05720577136594005 0.025500000000000002 0
0.05863603896932107 0.023636038969321073 0
0.0605 0.02220577136594005 0
0.06267062859407732 0.021306667563398385 0
0.065 0.020999999999999998 0
0.06732937140592268 0.02130666756339838 0
0.0695 0.02220577136594005 0
0.07136396103067894 0.02363603896932107 0
0.07279422863405995 0.025499999999999995 0
0.07369333243660162 0.027670628594077304 0
0.00125 0.00108253175 0
0.00375 0.00108253175 0
0.00625 0.00108253175 0
0.008749999999999999 0.00108253175 0
0.01125 0.00108253175 0
0.013749999999999998 0.00108253175 0
0.016249999999999997 0.00108253175 0
0.01875 0.00108253175 0
0.021249999999999998 0.00108253175 0
0.023749999999999997 0.00108253175 0
0.026249999999999996 0.00108253175 0
0.028749999999999998 0.00108253175 0
0.03125 0.00108253175 0
0.03375 0.00108253175 0
0.036250000000000004 0.00108253175 0
0.03875000000000001 0.00108253175 0
0.04125000000000001 0.00108253175 0
0.04375000000000001 0.00108253175 0
0.04625000000000001 0.00108253175 0
0.048750000000000016 0.00108253175 0
0.05125000000000002 0.00108253175 0
0.05375000000000002 0.00108253175 0
0.05625000000000002 0.00108253175 0
0.058750000000000024 0.00108253175 0
0.06125000000000003 0.00108253175 0
0.06375000000000003 0.00108253175 0
0.06625000000000003 0.00108253175 0
0.06875000000000003 0.00108253175 0
0.07125000000000004 0.00108253175 0
0.07375000000000004 0.00108253175 0
0.07625000000000004 0.00108253175 0
0.07875000000000004 0.00108253175 0
0.08125000000000004 0.00108253175 0
0.08375000000000005 0.00108253175 0
0.08625000000000005 0.00108253175 0
0.08875000000000005 0.00108253175 0
0.09125000000000005 0.00108253175 0
0.09375000000000006 0.00108253175 0
0.09625000000000006 0.00108253175 0
0.09875000000000006 0.00108253175 0
0.0025 0.0032475952499999997 0
0.005 0.0032475952499999997 0
0.0075 0.0032475952499999997 0
0.012499999999999999 0.0032475952499999997 0
0.015 0.0032475952499999997 0
0.017499999999999998 0.0032475952499999997 0
0.02 0.0032475952499999997 0
0.0225 0.0032475952499999997 0
0.024999999999999998 0.0032475952499999997 0
0.027499999999999997 0.0032475952499999997 0
0.03 0.0032475952499999997 0
0.0325 0.0032475952499999997 0
0.035 0.0032475952499999997 0
0.037500000000000006 0.0032475952499999997 0
0.04000000000000001 0.0032475952499999997 0
0.04250000000000001 0.0032475952499999997 0
0.04500000000000001 0.0032475952499999997 0
0.047500000000000014 0.0032475952499999997 0
0.05000000000000002 0.0032475952499999997 0
0.05250000000000002 0.0032475952499999997 0
0.05500000000000002 0.0032475952499999997 0
0.05750000000000002 0.0032475952499999997 0
0.060000000000000026 0.0032475952499999997 0
0.06250000000000003 0.0032475952499999997 0
0.06500000000000003 0.0032475952499999997 0
0.06750000000000003 0.0032475952499999997 0
0.07000000000000003 0.0032475952499999997 0
0.07250000000000004 0.0032475952499999997 0
0.07500000000000004 0.0032475952499999997 0
0.07750000000000004 0.0032475952499999997 0
0.08000000000000004 0.0032475952499999997 0
0.08250000000000005 0.0032475952499999997 0
0.08500000000000005 0.0032475952499999997 0
0.08750000000000005 0.0032475952499999997 0
0.09250000000000005 0.0032475952499999997 0
0.09500000000000006 0.0032475952499999997 0
0.09750000000000006 0.0032475952499999997 0
0.00125 0.0054126587499999995 0
0.00375 0.0054126587499999995 0
0.00625 0.0054126587499999995 0
0.008749999999999999 0.0054126587499999995 0
0.01125 0.0054126587499999995 0
0.013749999999999998 0.0054126587499999995 0
0.016249999999999997 0.0054126587499999995 0
0.01875 0.0054126587499999995 0
0.021249999999999998 0.0054126587499999995 0
0.023749999999999997 0.0054126587499999995 0
0.026249999999999996 0.0054126587499999995 0
0.028749999999999998 0.0054126587499999995 0
0.03125 0.0054126587499999995 0
0.03375 0.0054126587499999995 0
0.036250000000000004 0.0054126587499999995 0
0.03875000000000001 0.0054126587499999995 0
0.04125000000000001 0.0054126587499999995 0
0.04375000000000001 0.0054126587499999995 0
0.04625000000000001 0.0054126587499999995 0
0.048750000000000016 0.0054126587499999995 0
0.05125000000000002 0.0054126587499999995 0
0.05375000000000002 0.0054126587499999995 0
0.05625000000000002 0.0054126587499999995 0
0.058750000000000024 0.0054126587499999995 0
0.06125000000000003 0.0054126587499999995 0
0.06375000000000003 0.0054126587499999995 0
0.06625000000000003 0.0054126587499999995 0
0.06875000000000003 0.0054126587499999995 0
0.07125000000000004 0.0054126587499999995 0
0.07375000000000004 0.0054126587499999995 0
0.07625000000000004 0.0054126587499999995 0
0.07875000000000004 0.0054126587499999995 0
0.08125000000000004 0.0054126587499999995 0
0.08375000000000005 0.0054126587499999995 0
0.08625000000000005 0.0054126587499999995 0
0.08875000000000005 0.0054126587499999995 0
0.09125000000000005 0.0054126587499999995 0
0.09375000000000006 0.0054126587499999995 0
0.09625000000000006 0.0054126587499999995 0
0.09875000000000006 0.0054126587499999995 0
0.0025 0.007577722249999999 0
0.005 0.007577722249999999 0
0.0075 0.007577722249999999 0
0.012499999999999999 0.007577722249999999 0
0.015 0.007577722249999999 0
0.017499999999999998 0.007577722249999999 0
0.02 0.007577722249999999 0
0.0225 0.007577722249999999 0
0.024999999999999998 0.007577722249999999 0
0.027499999999999997 0.007577722249999999 0
0.03 0.007577722249999999 0
0.0325 0.007577722249999999 0
0.035 0.007577722249999999 0
0.037500000000000006 0.007577722249999999 0
0.04000000000000001 0.007577722249999999 0
0.04250000000000001 0.007577722249999999 0
0.04500000000000001 0.007577722249999999 0
0.047500000000000014 0.007577722249999999 0
0.05000000000000002 0.007577722249999999 0
0.05250000000000002 0.007577722249999999 0
0.05500000000000002 0.007577722249999999 0
0.05750000000000002 0.007577722249999999 0
0.060000000000000026 0.007577722249999999 0
0.06250000000000003 0.007577722249999999 0
0.06500000000000003 0.007577722249999999 0
0.06750000000000003 0.007577722249999999 0
0.07000000000000003 0.007577722249999999 0
0.07250000000000004 0.007577722249999999 0
0.07500000000000004 0.007577722249999999 0
0.07750000000000004 0.007577722249999999 0
0.08000000000000004 0.007577722249999999 0
0.08250000000000005 0.007577722249999999 0
0.08500000000000005 0.007577722249999999 0
0.08750000000000005 0.007577722249999999 0
0.09250000000000005 0.007577722249999999 0
0.09500000000000006 0.007577722249999999 0
0.09750000000000006 0.007577722249999999 0
0.00125 0.00974278575 0
0.00375 0.00974278575 0
0.00625 0.00974278575 0
0.008749999999999999 0.00974278575 0
0.01125 0.00974278575 0
0.013749999999999998 0.00974278575 0
0.016249999999999997 0.00974278575 0
0.01875 0.00974278575 0
0.021249999999999998 0.00974278575 0
0.023749999999999997 0.00974278575 0
0.026249999999999996 0.00974278575 0
0.028749999999999998 0.00974278575 0
0.03125 0.00974278575 0
0.03375 0.00974278575 0
0.036250000000000004 0.00974278575 0
0.03875000000000001 0.00974278575 0
0.04125000000000001 0.00974278575 0
0.04375000000000001 0.00974278575 0
0.04625000000000001 0.00974278575 0
0.048750000000000016 0.00974278575 0
0.05125000000000002 0.00974278575 0
0.05375000000000002 0.00974278575 0
0.05625000000000002 0.00974278575 0
0.058750000000000024 0.00974278575 0
0.06125000000000003 0.00974278575 0
0.06375000000000003 0.00974278575 0
0.06625000000000003 0.00974278575 0
0.06875000000000003 0.00974278575 0
0.07125000000000004 0.00974278575 0
0.07375000000000004 0.00974278575 0
0.07625000000000004 0.00974278575 0
0.07875000000000004 0.00974278575 0
0.08125000000000004 0.00974278575 0
0.08375000000000005 0.00974278575 0
0.08625000000000005 0.00974278575 0
0.08875000000000005 0.00974278575 0
0.09125000000000005 0.00974278575 0
0.09375000000000006 0.00974278575 0
0.09625000000000006 0.00974278575 0
0.09875000000000006 0.00974278575 0
0.0025 0.01190784925 0
0.005 0.01190784925 0
0.0075 0.01190784925 0
0.012499999999999999 0.01190784925 0
0.015 0.01190784925 0
0.017499999999999998 0.01190784925 0
0.02 0.01190784925 0
0.0225 0.01190784925 0
0.024999999999999998 0.01190784925 0
0.027499999999999997 0.01190784925 0
0.03 0.01190784925 0
0.0325 0.01190784925 0
0.035 0.01190784925 0
0.037500000000000006 0.01190784925 0
0.04000000000000001 0.01190784925 0
0.04250000000000001 0.01190784925 0
0.04500000000000001 0.01190784925 0
0.047500000000000014 0.01190784925 0
0.05000000000000002 0.01190784925 0
0.05250000000000002 0.01190784925 0
0.05500000000000002 0.01190784925 0
0.05750000000000002 0.01190784925 0
0.060000000000000026 0.01190784925 0
0.06250000000000003 0.01190784925 0
0.06500000000000003 0.01190784925 0
0.06750000000000003 0.01190784925 0
0.07000000000000003 0.01190784925 0
0.07250000000000004 0.01190784925 0
0.07500000000000004 0.01190784925 0
0.07750000000000004 0.01190784925 0
0.08000000000000004 0.01190784925 0
0.08250000000000005 0.01190784925 0
0.08500000000000005 0.01190784925 0
0.08750000000000005 0.01190784925 0
0.09250000000000005 0.01190784925 0
0.09500000000000006 0.01190784925 0
0.09750000000000006 0.01190784925 0
0.00125 0.01407291275 0
0.00375 0.01407291275 0
0.00625 0.01407291275 0
0.008749999999999999 0.01407291275 0
0.01125 0.01407291275 0
0.013749999999999998 0.01407291275 0
0.016249999999999997 0.01407291275 0
0.01875 0.01407291275 0
0.021249999999999998 0.01407291275 0
0.023749999999999997 0.01407291275 0
0.026249999999999996 0.01407291275 0
0.028749999999999998 0.01407291275 0
0.03125 0.01407291275 0
0.03375 0.01407291275 0
0.036250000000000004 0.01407291275 0
0.03875000000000001 0.01407291275 0
0.04125000000000001 0.01407291275 0
0.04375000000000001 0.01407291275 0
0.04625000000000001 0.01407291275 0
0.048750000000000016 0.01407291275 0
0.05125000000000002 0.01407291275 0
0.05375000000000002 0.01407291275 0
0.05625000000000002 0.01407291275 0
0.058750000000000024 0.01407291275 0
0.06125000000000003 0.01407291275 0
0.06375000000000003 0.01407291275 0
0.06625000000000003 0.01407291275 0
0.06875000000000003 0.01407291275 0
0.07125000000000004 0.01407291275 0
0.07375000000000004 0.01407291275 0
0.07625000000000004 0.01407291275 0
0.07875000000000004 0.01407291275 0
0.08125000000000004 0.01407291275 0
0.08375000000000005 0.01407291275 0
0.08625000000000005 0.01407291275 0
0.08875000000000005 0.01407291275 0
0.09125000000000005 0.01407291275 0
0.09375000000000006 0.01407291275 0
0.09625000000000006 0.01407291275 0
0.09875000000000006 0.01407291275 0
0.0025 0.01623797625 0
0.005 0.01623797625 0
0.0075 0.01623797625 0
0.012499999999999999 0.01623797625 0
0.015 0.01623797625 0
0.017499999999999998 0.01623797625 0
0.02 0.01623797625 0
0.0225 0.01623797625 0
0.024999999999999998 0.01623797625 0
0.027499999999999997 0.01623797625 0
0.03 0.01623797625 0
0.0325 0.01623797625 0
0.035 0.01623797625 0
0.037500000000000006 0.01623797625 0
0.04000000000000001 0.01623797625 0
0.04250000000000001 0.01623797625 0
0.04500000000000001 0.01623797625 0
0.047500000000000014 0.01623797625 0
0.05000000000000002 0.01623797625 0
0.05250000000000002 0.01623797625 0
0.05500000000000002 0.01623797625 0
0.05750000000000002 0.01623797625 0
0.060000000000000026 0.01623797625 0
0.06250000000000003 0.01623797625 0
0.06500000000000003 0.01623797625 0
0.06750000000000003 0.01623797625 0
0.07000000000000003 0.01623797625 0
0.07250000000000004 0.01623797625 0
0.07500000000000004 0.01623797625 0
0.07750000000000004 0.01623797625 0
0.08000000000000004 0.01623797625 0
0.08250000000000005 0.01623797625 0
0.08500000000000005 0.01623797625 0
0.08750000000000005 0.01623797625 0
0.09250000000000005 0.01623797625 0
0.09500000000000006 0.01623797625 0
0.09750000000000006 0.01623797625 0
0.00125 0.01840303975 0
0.00375 0.01840303975 0
0.00625 0.01840303975 0
0.008749999999999999 0.01840303975 0
0.01125 0.01840303975 0
0.013749999999999998 0.01840303975 0
0.016249999999999997 0.01840303975 0
0.01875 0.01840303975 0
0.021249999999999998 0.01840303975 0
0.023749999999999997 0.01840303975 0
0.026249999999999996 0.01840303975 0
0.028749999999999998 0.01840303975 0
0.03125 0.01840303975 0
0.03375 0.01840303975 0
0.036250000000000004 0.01840303975 0
0.03875000000000001 0.01840303975 0
0.04125000000000001 0.01840303975 0
0.04375000000000001 0.01840303975 0
0.04625000000000001 0.01840303975 0
0.048750000000000016 0.01840303975 0
0.05125000000000002 0.01840303975 0
0.05375000000000002 0.01840303975 0
0.05625000000000002 0.01840303975 0
0.058750000000000024 0.01840303975 0
0.06125000000000003 0.01840303975 0
0.06375000000000003 0.01840303975 0
0.06625000000000003 0.01840303975 0
0.06875000000000003 0.01840303975 0
0.07125000000000004 0.01840303975 0
0.07375000000000004 0.01840303975 0
0.07625000000000004 0.01840303975 0
0.07875000000000004 0.01840303975 0
0.08125000000000004 0.01840303975 0
0.08375000000000005 0.01840303975 0
0.08625000000000005 0.01840303975 0
0.08875000000000005 0.01840303975 0
0.09125000000000005 0.01840303975 0
0.09375000000000006 0.01840303975 0
0.09625000000000006 0.01840303975 0
0.09875000000000006 0.01840303975 0
0.0025 0.02056810325 0
0.005 0.02056810325 0
0.0075 0.02056810325 0
0.012499999999999999 0.02056810325 0
0.015 0.02056810325 0
0.017499999999999998 0.02056810325 0
0.02 0.02056810325 0
0.0225 0.02056810325 0
0.024999999999999998 0.02056810325 0
0.027499999999999997 0.02056810325 0
0.03 0.02056810325 0
0.0325 0.02056810325 0
0.037500000000000006 0.02056810325 0
0.04000000000000001 0.02056810325 0
0.04250000000000001 0.02056810325 0
0.04500000000000001 0.02056810325 0
0.047500000000000014 0.02056810325 0
0.05000000000000002 0.02056810325 0
0.05250000000000002 0.02056810325 0
0.05500000000000002 0.02056810325 0
0.05750000000000002 0.02056810325 0
0.060000000000000026 0.02056810325 0
0.06250000000000003 0.02056810325 0
0.06750000000000003 0.02056810325 0
0.07000000000000003 0.02056810325 0
0.07250000000000004 0.02056810325 0
0.07500000000000004 0.02056810325 0
0.07750000000000004 0.02056810325 0
0.08000000000000004 0.02056810325 0
0.08250000000000005 0.02056810325 0
0.08500000000000005 0.02056810325 0
0.08750000000000005 0.02056810325 0
0.09250000000000005 0.02056810325 0
0.09500000000000006 0.02056810325 0
0.09750000000000006 0.02056810325 0
0.00125 0.022733166750000002 0
0.00375 0.022733166750000002 0
0.00625 0.022733166750000002 0
0.008749999999999999 0.022733166750000002 0
0.01125 0.022733166750000002 0
0.013749999999999998 0.022733166750000002 0
0.016249999999999997 0.022733166750000002 0
0.01875 0.022733166750000002 0
0.021249999999999998 0.022733166750000002 0
0.023749999999999997 0.022733166750000002 0
0.026249999999999996 0.022733166750000002 0
0.028749999999999998 0.022733166750000002 0
0.04125000000000001 0.022733166750000002 0
0.04375000000000001 0.022733166750000002 0
0.04625000000000001 0.022733166750000002 0
0.048750000000000016 0.022733166750000002 0
0.05125000000000002 0.022733166750000002 0
0.05375000000000002 0.022733166750000002 0
0.05625000000000002 0.022733166750000002 0
0.058750000000000024 0.022733166750000002 0
0.07125000000000004 0.022733166750000002 0
0.07375000000000004 0.022733166750000002 0
0.07625000000000004 0.022733166750000002 0
0.07875000000000004 0.022733166750000002 0
0.08125000000000004 0.022733166750000002 0
0.08375000000000005 0.022733166750000002 0
0.08625000000000005 0.022733166750000002 0
0.08875000000000005 0.022733166750000002 0
0.09125000000000005 0.022733166750000002 0
0.09375000000000006 0.022733166750000002 0
0.09625000000000006 0.022733166750000002 0
0.09875000000000006 0.022733166750000002 0
0.0025 0.02489823025 0
0.005 0.02489823025 0
0.0075 0.02489823025 0
0.012499999999999999 0.02489823025 0
0.015 0.02489823025 0
0.017499999999999998 0.02489823025 0
0.02 0.02489823025 0
0.0225 0.02489823025 0
0.024999999999999998 0.02489823025 0
0.04500000000000001 0.02489823025 0
0.047500000000000014 0.02489823025 0
0.05000000000000002 0.02489823025 0
0.05250000000000002 0.02489823025 0
0.05500000000000002 0.02489823025 0
0.07500000000000004 0.02489823025 0
0.07750000000000004 0.02489823025 0
0.08000000000000004 0.02489823025 0
0.08250000000000005 0.02489823025 0
0.08500000000000005 0.02489823025 0
0.08750000000000005 0.02489823025 0
0.09250000000000005 0.02489823025 0
0.09500000000000006 0.02489823025 0
0.09750000000000006 0.02489823025 0
0.00125 0.027063293750000002 0
0.00375 0.027063293750000002 0
0.00625 0.027063293750000002 0
0.008749999999999999 0.027063293750000002 0
0.01125 0.027063293750000002 0
0.013749999999999998 0.027063293750000002 0
0.016249999999999997 0.027063293750000002 0
0.01875 0.027063293750000002 0
0.021249999999999998 0.027063293750000002 0
0.023749999999999997 0.027063293750000002 0
0.04625000000000001 0.027063293750000002 0
0.048750000000000016 0.027063293750000002 0
0.05125000000000002 0.027063293750000002 0
0.05375000000000002 0.027063293750000002 0
0.07625000000000004 0.027063293750000002 0
0.07875000000000004 0.027063293750000002 0
0.08125000000000004 0.027063293750000002 0
0.08375000000000005 0.027063293750000002 0
0.08625000000000005 0.027063293750000002 0
0.08875000000000005 0.027063293750000002 0
0.09125000000000005 0.027063293750000002 0
0.09375000000000006 0.027063293750000002 0
0.09625000000000006 0.027063293750000002 0
0.09875000000000006 0.027063293750000002 0
0.0025 0.02922835725 0
0.005 0.02922835725 0
0.0075 0.02922835725 0
0.012499999999999999 0.02922835725 0
0.015 0.02922835725 0
0.017499999999999998 0.02922835725 0
0.02 0.02922835725 0
0.0225 0.02922835725 0
0.024999999999999998 0.02922835725 0
0.04500000000000001 0.02922835725 0
0.047500000000000014 0.02922835725 0
0.05000000000000002 0.02922835725 0
0.05250000000000002 0.02922835725 0
0.05500000000000002 0.02922835725 0
0.07500000000000004 0.02922835725 0
0.07750000000000004 0.02922835725 0
0.08000000000000004 0.02922835725 0
0.08250000000000005 0.02922835725 0
0.08500000000000005 0.02922835725 0
0.08750000000000005 0.02922835725 0
0.09250000000000005 0.02922835725 0
0.09500000000000006 0.02922835725 0
0.09750000000000006 0.02922835725 0
0.00125 0.03139342075 0
0.00375 0.03139342075 0
0.00625 0.03139342075 0
0.008749999999999999 0.03139342075 0
0.01125 0.03139342075 0
0.013749999999999998 0.03139342075 0
0.016249999999999997 0.03139342075 0
0.01875 0.03139342075 0
0.021249999999999998 0.03139342075 0
0.023749999999999997 0.03139342075 0
0.04625000000000001 0.03139342075 0
0.048750000000000016 0.03139342075 0
0.05125000000000002 0.03139342075 0
0.05375000000000002 0.03139342075 0
0.07625000000000004 0.03139342075 0
0.07875000000000004 0.03139342075 0
0.08125000000000004 0.03139342075 0
0.08375000000000005 0.03139342075 0
0.08625000000000005 0.03139342075 0
0.08875000000000005 0.03139342075 0
0.09125000000000005 0.03139342075 0
0.09375000000000006 0.03139342075 0
0.09625000000000006 0.03139342075 0
0.09875000000000006 0.03139342075 0
0.0025 0.03355848424999999 0
0.005 0.03355848424999999 0
0.0075 0.03355848424999999 0
0.012499999999999999 0.03355848424999999 0
0.015 0.03355848424999999 0
0.017499999999999998 0.03355848424999999 0
0.02 0.03355848424999999 0
0.0225 0.03355848424999999 0
0.024999999999999998 0.03355848424999999 0
0.04500000000000001 0.03355848424999999 0
0.047500000000000014 0.03355848424999999 0
0.05000000000000002 0.03355848424999999 0
0.05250000000000002 0.03355848424999999 0
0.05500000000000002 0.03355848424999999 0
0.07500000000000004 0.03355848424999999 0
0.07750000000000004 0.03355848424999999 0
0.08000000000000004 0.03355848424999999 0
0.08250000000000005 0.03355848424999999 0
0.08500000000000005 0.03355848424999999 0
0.08750000000000005 0.03355848424999999 0
0.09250000000000005 0.03355848424999999 0
0.09500000000000006 0.03355848424999999 0
0.09750000000000006 0.03355848424999999 0
0.00125 0.035723547749999994 0
0.00375 0.035723547749999994 0
0.00625 0.035723547749999994 0
0.008749999999999999 0.035723547749999994 0
0.01125 0.035723547749999994 0
0.013749999999999998 0.035723547749999994 0
0.016249999999999997 0.035723547749999994 0
0.01875 0.035723547749999994 0
0.021249999999999998 0.035723547749999994 0
0.023749999999999997 0.035723547749999994 0
0.026249999999999996 0.035723547749999994 0
0.04375000000000001 0.035723547749999994 0
0.04625000000000001 0.035723547749999994 0
0.048750000000000016 0.035723547749999994 0
0.05125000000000002 0.035723547749999994 0
0.05375000000000002 0.035723547749999994 0
0.05625000000000002 0.035723547749999994 0
0.07375000000000004 0.035723547749999994 0
0.07625000000000004 0.035723547749999994 0
0.07875000000000004 0.035723547749999994 0
0.08125000000000004 0.035723547749999994 0
0.08375000000000005 0.035723547749999994 0
0.08625000000000005 0.035723547749999994 0
0.08875000000000005 0.035723547749999994 0
0.09125000000000005 0.035723547749999994 0
0.09375000000000006 0.035723547749999994 0
0.09625000000000006 0.035723547749999994 0
0.09875000000000006 0.035723547749999994 0
0.0025 0.03788861124999999 0
0.005 0.03788861124999999 0
0.0075 0.03788861124999999 0
0.012499999999999999 0.03788861124999999 0
0.015 0.03788861124999999 0
0.017499999999999998 0.03788861124999999 0
0.02 0.03788861124999999 0
0.0225 0.03788861124999999 0
0.024999999999999998 0.03788861124999999 0
0.027499999999999997 0.03788861124999999 0
0.04250000000000001 0.03788861124999999 0
0.04500000000000001 0.03788861124999999 0
0.047500000000000014 0.03788861124999999 0
0.05000000000000002 0.03788861124999999 0
0.05250000000000002 0.03788861124999999 0
0.05500000000000002 0.03788861124999999 0
0.05750000000000002 0.03788861124999999 0
0.07250000000000004 0.03788861124999999 0
0.07500000000000004 0.03788861124999999 0
0.07750000000000004 0.03788861124999999 0
0.08000000000000004 0.03788861124999999 0
0.08250000000000005 0.03788861124999999 0
0.08500000000000005 0.03788861124999999 0
0.08750000000000005 0.03788861124999999 0
0.09250000000000005 0.03788861124999999 0
0.09500000000000006 0.03788861124999999 0
0.09750000000000006 0.03788861124999999 0
0.00125 0.04005367474999999 0
0.00375 0.04005367474999999 0
0.00625 0.04005367474999999 0
0.008749999999999999 0.04005367474999999 0
0.01125 0.04005367474999999 0
0.013749999999999998 0.04005367474999999 0
0.016249999999999997 0.04005367474999999 0
0.01875 0.04005367474999999 0
0.021249999999999998 0.04005367474999999 0
0.023749999999999997 0.04005367474999999 0
0.026249999999999996 0.04005367474999999 0
0.028749999999999998 0.04005367474999999 0
0.03125 0.04005367474999999 0
0.03375 0.04005367474999999 0
0.036250000000000004 0.04005367474999999 0
0.03875000000000001 0.04005367474999999 0
0.04125000000000001 0.04005367474999999 0
0.04375000000000001 0.04005367474999999 0
0.04625000000000001 0.04005367474999999 0
0.048750000000000016 0.04005367474999999 0
0.05125000000000002 0.04005367474999999 0
0.05375000000000002 0.04005367474999999 0
0.05625000000000002 0.04005367474999999 0
0.058750000000000024 0.04005367474999999 0
0.06125000000000003 0.04005367474999999 0
0.06375000000000003 0.04005367474999999 0
0.06625000000000003 0.04005367474999999 0
0.06875000000000003 0.04005367474999999 0
0.07125000000000004 0.04005367474999999 0
0.07375000000000004 0.04005367474999999 0
0.07625000000000004 0.04005367474999999 0
0.07875000000000004 0.04005367474999999 0
0.08125000000000004 0.04005367474999999 0
0.08375000000000005 0.04005367474999999 0
0.08625000000000005 0.04005367474999999 0
0.08875000000000005 0.04005367474999999 0
0.09125000000000005 0.04005367474999999 0
0.09375000000000006 0.04005367474999999 0
0.09625000000000006 0.04005367474999999 0
0.09875000000000006 0.04005367474999999 0
0.0025 0.042218738249999985 0
0.005 0.042218738249999985 0
0.0075 0.042218738249999985 0
0.012499999999999999 0.042218738249999985 0
0.015 0.042218738249999985 0
0.017499999999999998 0.042218738249999985 0
0.02 0.042218738249999985 0
0.0225 0.042218738249999985 0
0.024999999999999998 0.042218738249999985 0
0.027499999999999997 0.042218738249999985 0
0.03 0.042218738249999985 0
0.0325 0.042218738249999985 0
0.035 0.042218738249999985 0
0.037500000000000006 0.042218738249999985 0
0.04000000000000001 0.042218738249999985 0
0.04250000000000001 0.042218738249999985 0
0.04500000000000001 0.042218738249999985 0
0.047500000000000014 0.042218738249999985 0
0.05000000000000002 0.042218738249999985 0
0.05250000000000002 0.042218738249999985 0
0.05500000000000002 0.042218738249999985 0
0.05750000000000002 0.042218738249999985 0
0.060000000000000026 0.042218738249999985 0
0.06250000000000003 0.042218738249999985 0
0.06500000000000003 0.042218738249999985 0
0.06750000000000003 0.042218738249999985 0
0.07000000000000003 0.042218738249999985 0
0.07250000000000004 0.042218738249999985 0
0.07500000000000004 0.042218738249999985 0
0.07750000000000004 0.042218738249999985 0
0.08000000000000004 0.042218738249999985 0
0.08250000000000005 0.042218738249999985 0
0.08500000000000005 0.042218738249999985 0
0.08750000000000005 0.042218738249999985 0
0.09250000000000005 0.042218738249999985 0
0.09500000000000006 0.042218738249999985 0
0.09750000000000006 0.042218738249999985 0
0.00125 0.04438380174999998 0
0.00375 0.04438380174999998 0
0.00625 0.04438380174999998 0
0.008749999999999999 0.04438380174999998 0
0.01125 0.04438380174999998 0
0.013749999999999998 0.04438380174999998 0
0.016249999999999997 0.04438380174999998 0
0.01875 0.04438380174999998 0
0.021249999999999998 0.04438380174999998 0
0.023749999999999997 0.04438380174999998 0
0.026249999999999996 0.04438380174999998 0
0.028749999999999998 0.04438380174999998 0
0.03125 0.04438380174999998 0
0.03375 0.04438380174999998 0
0.036250000000000004 0.04438380174999998 0
0.03875000000000001 0.04438380174999998 0
0.04125000000000001 0.04438380174999998 0
0.04375000000000001 0.04438380174999998 0
0.04625000000000001 0.04438380174999998 0
0.048750000000000016 0.04438380174999998 0
0.05125000000000002 0.04438380174999998 0
0.05375000000000002 0.04438380174999998 0
0.05625000000000002 0.04438380174999998 0
0.058750000000000024 0.04438380174999998 0
0.06125000000000003 0.04438380174999998 0
0.06375000000000003 0.04438380174999998 0
0.06625000000000003 0.04438380174999998 0
0.06875000000000003 0.04438380174999998 0
0.07125000000000004 0.04438380174999998 0
0.07375000000000004 0.04438380174999998 0
0.07625000000000004 0.04438380174999998 0
0.07875000000000004 0.04438380174999998 0
0.08125000000000004 0.04438380174999998 0
0.08375000000000005 0.04438380174999998 0
0.08625000000000005 0.04438380174999998 0
0.08875000000000005 0.04438380174999998 0
0.09125000000000005 0.04438380174999998 0
0.09375000000000006 0.04438380174999998 0
0.09625000000000006 0.04438380174999998 0
0.09875000000000006 0.04438380174999998 0
0.0025 0.04654886524999998 0
0.005 0.04654886524999998 0
0.0075 0.04654886524999998 0
0.012499999999999999 0.04654886524999998 0
0.015 0.04654886524999998 0
0.017499999999999998 0.04654886524999998 0
0.02 0.04654886524999998 0
0.0225 0.04654886524999998 0
0.024999999999999998 0.04654886524999998 0
0.027499999999999997 0.04654886524999998 0
0.03 0.04654886524999998 0
0.0325 0.04654886524999998 0
0.035 0.04654886524999998 0
0.037500000000000006 0.04654886524999998 0
0.04000000000000001 0.04654886524999998 0
0.04250000000000001 0.04654886524999998 0
0.04500000000000001 0.04654886524999998 0
0.047500000000000014 0.04654886524999998 0
0.05000000000000002 0.04654886524999998 0
0.05250000000000002 0.04654886524999998 0
0.05500000000000002 0.04654886524999998 0
0.05750000000000002 0.04654886524999998 0
0.060000000000000026 0.04654886524999998 0
0.06250000000000003 0.04654886524999998 0
0.06500000000000003 0.04654886524999998 0
0.06750000000000003 0.04654886524999998 0
0.07000000000000003 0.04654886524999998 0
0.07250000000000004 0.04654886524999998 0
0.07500000000000004 0.04654886524999998 0
0.07750000000000004 0.04654886524999998 0
0.08000000000000004 0.04654886524999998 0
0.08250000000000005 0.04654886524999998 0
0.08500000000000005 0.04654886524999998 0
0.08750000000000005 0.04654886524999998 0
0.09250000000000005 0.04654886524999998 0
0.09500000000000006 0.04654886524999998 0
0.09750000000000006 0.04654886524999998 0
0.00125 0.048713928749999975 0
0.00375 0.048713928749999975 0
0.00625 0.048713928749999975 0
0.008749999999999999 0.048713928749999975 0
0.01125 0.048713928749999975 0
0.013749999999999998 0.048713928749999975 0
0.016249999999999997 0.048713928749999975 0
0.01875 0.048713928749999975 0
0.021249999999999998 0.048713928749999975 0
0.023749999999999997 0.048713928749999975 0
0.026249999999999996 0.048713928749999975 0
0.028749999999999998 0.048713928749999975 0
0.03125 0.048713928749999975 0
0.03375 0.048713928749999975 0
0.036250000000000004 0.048713928749999975 0
0.03875000000000001 0.048713928749999975 0
0.04125000000000001 0.048713928749999975 0
0.04375000000000001 0.048713928749999975 0
0.04625000000000001 0.048713928749999975 0
0.048750000000000016 0.048713928749999975 0
0.05125000000000002 0.048713928749999975 0
0.05375000000000002 0.048713928749999975 0
0.05625000000000002 0.048713928749999975 0
0.058750000000000024 0.048713928749999975 0
0.06125000000000003 0.048713928749999975 0
0.06375000000000003 0.048713928749999975 0
0.06625000000000003 0.048713928749999975 0
0.06875000000000003 0.048713928749999975 0
0.07125000000000004 0.048713928749999975 0
0.07375000000000004 0.048713928749999975 0
0.07625000000000004 0.048713928749999975 0
0.07875000000000004 0.048713928749999975 0
0.08125000000000004 0.048713928749999975 0
0.08375000000000005 0.048713928749999975 0
0.08625000000000005 0.048713928749999975 0
0.08875000000000005 0.048713928749999975 0
0.09125000000000005 0.048713928749999975 0
0.09375000000000006 0.048713928749999975 0
0.09625000000000006 0.048713928749999975 0
0.09875000000000006 0.048713928749999975 0
0.0025 0.05087899224999998 0
0.005 0.05087899224999998 0
0.0075 0.05087899224999998 0
0.012499999999999999 0.05087899224999998 0
0.015 0.05087899224999998 0
0.017499999999999998 0.05087899224999998 0
0.02 0.05087899224999998 0
0.0225 0.05087899224999998 0
0.024999999999999998 0.05087899224999998 0
0.027499999999999997 0.05087899224999998 0
0.03 0.05087899224999998 0
0.0325 0.05087899224999998 0
0.035 0.05087899224999998 0
0.037500000000000006 0.05087899224999998 0
0.04000000000000001 0.05087899224999998 0
0.04250000000000001 0.05087899224999998 0
0.04500000000000001 0.05087899224999998 0
0.047500000000000014 0.05087899224999998 0
0.05000000000000002 0.05087899224999998 0
0.05250000000000002 0.05087899224999998 0
0.05500000000000002 0.05087899224999998 0
0.05750000000000002 0.05087899224999998 0
0.060000000000000026 0.05087899224999998 0
0.06250000000000003 0.05087899224999998 0
0.06500000000000003 0.05087899224999998 0
0.06750000000000003 0.05087899224999998 0
0.07000000000000003 0.05087899224999998 0
0.07250000000000004 0.05087899224999998 0
0.07500000000000004 0.05087899224999998 0
0.07750000000000004 0.05087899224999998 0
0.08000000000000004 0.05087899224999998 0
0.08250000000000005 0.05087899224999998 0
0.08500000000000005 0.05087899224999998 0
0.08750000000000005 0.05087899224999998 0
0.09250000000000005 0.05087899224999998 0
0.09500000000000006 0.05087899224999998 0
0.09750000000000006 0.05087899224999998 0
0.00125 0.05304405574999998 0
0.00375 0.05304405574999998 0
0.00625 0.05304405574999998 0
0.008749999999999999 0.05304405574999998 0
0.01125 0.05304405574999998 0
0.013749999999999998 0.05304405574999998 0
0.016249999999999997 0.05304405574999998 0
0.01875 0.05304405574999998 0
0.021249999999999998 0.05304405574999998 0
0.023749999999999997 0.05304405574999998 0
0.026249999999999996 0.05304405574999998 0
0.028749999999999998 0.05304405574999998 0
0.03125 0.05304405574999998 0
0.03375 0.05304405574999998 0
0.036250000000000004 0.05304405574999998 0
0.03875000000000001 0.05304405574999998 0
0.04125000000000001 0.05304405574999998 0
0.04375000000000001 0.05304405574999998 0
0.04625000000000001 0.05304405574999998 0
0.048750000000000016 0.05304405574999998 0
0.05125000000000002 0.05304405574999998 0
0.05375000000000002 0.05304405574999998 0
0.05625000000000002 0.05304405574999998 0
0.058750000000000024 0.05304405574999998 0
0.06125000000000003 0.05304405574999998 0
0.06375000000000003 0.05304405574999998 0
0.06625000000000003 0.05304405574999998 0
0.06875000000000003 0.05304405574999998 0
0.07125000000000004 0.05304405574999998 0
0.07375000000000004 0.05304405574999998 0
0.07625000000000004 0.05304405574999998 0
0.07875000000000004 0.05304405574999998 0
0.08125000000000004 0.05304405574999998 0
0.08375000000000005 0.05304405574999998 0
0.08625000000000005 0.05304405574999998 0
0.08875000000000005 0.05304405574999998 0
0.09125000000000005 0.05304405574999998 0
0.09375000000000006 0.05304405574999998 0
0.09625000000000006 0.05304405574999998 0
0.09875000000000006 0.05304405574999998 0
0.0025 0.05520911924999997 0
0.005 0.05520911924999997 0
0.0075 0.05520911924999997 0
0.012499999999999999 0.05520911924999997 0
0.015 0.05520911924999997 0
0.017499999999999998 0.05520911924999997 0
0.02 0.05520911924999997 0
0.0225 0.05520911924999997 0
0.024999999999999998 0.05520911924999997 0
0.027499999999999997 0.05520911924999997 0
0.03 0.05520911924999997 0
0.0325 0.05520911924999997 0
0.035 0.05520911924999997 0
0.037500000000000006 0.05520911924999997 0
0.04000000000000001 0.05520911924999997 0
0.04250000000000001 0.05520911924999997 0
0.04500000000000001 0.05520911924999997 0
0.047500000000000014 0.05520911924999997 0
0.05000000000000002 0.05520911924999997 0
0.05250000000000002 0.05520911924999997 0
0.05500000000000002 0.05520911924999997 0
0.05750000000000002 0.05520911924999997 0
0.060000000000000026 0.05520911924999997 0
0.06250000000000003 0.05520911924999997 0
0.06500000000000003 0.05520911924999997 0
0.06750000000000003 0.05520911924999997 0
0.07000000000000003 0.05520911924999997 0
0.07250000000000004 0.05520911924999997 0
0.07500000000000004 0.05520911924999997 0
0.07750000000000004 0.05520911924999997 0
0.08000000000000004 0.05520911924999997 0
0.08250000000000005 0.05520911924999997 0
0.08500000000000005 0.05520911924999997 0
0.08750000000000005 0.05520911924999997 0
0.09250000000000005 0.05520911924999997 0
0.09500000000000006 0.05520911924999997 0
0.09750000000000006 0.05520911924999997 0
0.00125 0.057374182749999975 0
0.00375 0.057374182749999975 0
0.00625 0.057374182749999975 0
0.008749999999999999 0.057374182749999975 0
0.01125 0.057374182749999975 0
0.013749999999999998 0.057374182749999975 0
0.016249999999999997 0.057374182749999975 0
0.01875 0.057374182749999975 0
0.021249999999999998 0.057374182749999975 0
0.023749999999999997 0.057374182749999975 0
0.026249999999999996 0.057374182749999975 0
0.028749999999999998 0.057374182749999975 0
0.03125 0.057374182749999975 0
0.03375 0.057374182749999975 0
0.036250000000000004 0.057374182749999975 0
0.03875000000000001 0.057374182749999975 0
0.04125000000000001 0.057374182749999975 0
0.04375000000000001 0.057374182749999975 0
0.04625000000000001 0.057374182749999975 0
0.048750000000000016 0.057374182749999975 0
0.05125000000000002 0.057374182749999975 0
0.05375000000000002 0.057374182749999975 0
0.05625000000000002 0.057374182749999975 0
0.058750000000000024 0.057374182749999975 0
0.06125000000000003 0.057374182749999975 0
0.06375000000000003 0.057374182749999975 0
0.06625000000000003 0.057374182749999975 0
0.06875000000000003 0.057374182749999975 0
0.07125000000000004 0.057374182749999975 0
0.07375000000000004 0.057374182749999975 0
0.07625000000000004 0.057374182749999975 0
0.07875000000000004 0.057374182749999975 0
0.08125000000000004 0.057374182749999975 0
0.08375000000000005 0.057374182749999975 0
0.08625000000000005 0.057374182749999975 0
0.08875000000000005 0.057374182749999975 0
0.09125000000000005 0.057374182749999975 0
0.09375000000000006 0.057374182749999975 0
0.09625000000000006 0.057374182749999975 0
0.09875000000000006 0.057374182749999975 0
CELLS 2140 8560
3 932 893 894
3 645 614 615
3 614 645 644
3 225 3 4
3 401 402 440
3 9 230 8
3 932 894 933
3 2 3 224
3 3 225 224
3 1076 152 153
3 371 409 370
3 409 408 370
3 422 423 461
3 426 388 427
3 465 426 427
3 423 422 384
3 1084 1123 1122
3 1123 98 1122
3 871 872 910
3 417 378 418
3 378 379 418
3 379 132 418
3 316 278 317
3 496 534 134
3 133 496 134
3 292 330 291
3 276 237 238
3 237 16 238
3 496 133 457
3 133 132 457
3 160 750 161
3 162 161 726
3 750 725 726
3 161 750 726
3 132 133 456
3 418 132 456
3 212 211 650
3 154 153 1036
3 540 541 579
3 541 580 579
3 434 473 472
3 48 49 636
3 152 1076 1114
3 894 893 855
3 412 413 450
3 144 813 852
3 402 364 403
3 413 412 373
3 985 946 947
3 946 908 947
3 889 928 888
3 713 689 714
3 689 690 714
3 357 358 396
3 633 602 634
3 925 57 58
3 764 184 183
3 1084 1045 1046
3 724 725 749
3 748 724 749
3 725 750 749
3 750 776 749
3 396 358 397
3 473 434 435
3 434 396 435
3 396 397 435
3 422 461 460
3 370 408 369
3 368 330 369
3 946 985 984
3 500 461 462
3 461 423 462
3 1154 1114 1115
3 316 317 355
3 762 788 761
3 326 364 325
3 490 450 451
3 450 413 451
3 328 367 366
3 66 1154 1155
3 1154 1115 1155
3 302 129 130
3 413 373 374
3 144 889 851
3 812 144 851
3 889 888 851
3 440 402 441
3 402 403 441
3 817 788 789
3 788 762 789
3 304 265 266
3 508 546 507
3 397 398 436
3 435 397 436
3 366 367 405
3 286 325 324
3 566 602 166
3 602 633 166
3 788 817 816
3 817 855 816
3 374 373 336
3 571 532 572
3 946 984 945
3 984 983 945
3 1152 68 69
3 166 601 565
3 577 614 613
3 614 644 613
3 577 613 576
3 610 640 609
3 163 162 703
3 162 726 703
3 726 725 703
3 480 441 442
3 441 403 442
3 813 144 143
3 144 812 143
3 348 309 310
3 958 996 957
3 346 384 345
3 344 306 345
3 848 57 885
3 57 925 885
3 888 928 927
3 393 355 394
3 571 606 570
3 606 605 570
3 336 373 335
3 633 164 165
3 166 633 165
3 144 852 890
3 713 712 688
3 689 713 688
3 645 615 188
3 615 189 188
3 48 569 47
3 40 41 261
3 41 298 261
3 541 540 502
3 134 534 135
3 609 136 135
3 388 426 387
3 386 348 387
3 425 386 387
3 426 425 387
3 1092 1054 1093
3 672 648 649
3 796 769 797
3 830 796 797
3 831 830 797
3 798 831 797
3 1054 1092 1053
3 554 516 555
3 817 789 818
3 472 510 471
3 460 498 459
3 118 660 117
3 259 297 296
3 297 336 296
3 258 259 296
3 336 335 296
3 335 172 296
3 580 541 542
3 163 164 680
3 298 41 42
3 857 858 896
3 886 111 849
3 845 806 846
3 392 393 431
3 162 163 704
3 163 680 704
3 872 834 873
3 874 912 873
3 496 457 458
3 871 870 832
3 870 831 832
3 831 798 832
3 181 821 182
3 118 605 637
3 660 118 637
3 661 660 637
3 605 606 637
3 606 638 637
3 638 661 637
3 186 185 716
3 598 561 562
3 1076 153 1037
3 153 154 1037
3 848 808 55
3 262 126 127
3 442 403 404
3 366 405 404
3 960 1000 999
3 1000 1037 999
3 1037 154 999
3 796 830 829
3 795 796 829
3 828 795 829
3 552 551 513
3 565 601 564
3 1154 66 67
3 583 194 582
3 177 765 792
3 920 958 919
3 918 880 919
3 957 918 919
3 958 957 919
3 634 635 658
3 313 314 352
3 182 821 820
3 250 288 249
3 28 250 249
3 583 546 584
3 534 496 535
3 536 574 535
3 190 580 581
3 580 542 581
3 820 821 859
3 858 820 859
3 830 831 869
3 870 908 869
3 831 870 869
3 964 927 965
3 927 928 965
3 1114 1154 1153
3 152 1114 1153
3 67 68 1153
3 1154 67 1153
3 552 513 514
3 316 355 354
3 355 393 354
3 393 392 354
3 422 460 421
3 460 459 421
3 765 177 176
3 914 915 953
3 590 552 553
3 552 514 553
3 148 147 1006
3 765 766 793
3 826 792 793
3 792 765 793
3 440 441 479
3 480 518 479
3 441 480 479
3 492 46 529
3 46 47 529
3 47 569 529
3 921 156 959
3 958 920 959
3 920 921 959
3 252 291 290
3 748 774 747
3 774 773 747
3 104 1117 103
3 1155 1115 1116
3 1156 1155 1116
3 983 1021 982
3 894 855 856
3 855 817 856
3 817 818 856
3 818 857 856
3 686 710 709
3 732 708 709
3 572 532 533
3 134 135 533
3 135 572 533
3 282 244 283
3 321 282 283
3 465 427 466
3 504 465 466
3 536 498 537
3 1156 1116 62
3 444 405 406
3 405 367 406
3 445 444 406
3 367 368 406
3 450 490 489
3 154 1036 998
3 201 200 771
3 772 800 771
3 712 713 735
3 734 712 735
3 52 53 730
3 706 52 730
3 852 853 891
3 890 852 891
3 522 561 560
3 762 761 737
3 92 1129 91
3 800 772 801
3 772 773 801
3 821 181 822
3 330 292 331
3 369 330 331
3 370 369 331
3 625 594 595
3 626 625 595
3 855 893 854
3 816 855 854
3 286 324 285
3 1080 1117 106
3 1040 1080 106
3 640 665 664
3 992 953 954
3 953 915 954
3 808 780 781
3 54 55 781
3 55 808 781
3 462 423 424
3 386 425 424
3 764 183 791
3 183 182 791
3 182 820 791
3 610 574 611
3 143 812 142
3 813 143 142
3 648 620 621
3 620 587 621
3 649 648 621
3 587 588 621
3 843 842 804
3 842 803 804
3 283 244 245
3 272 233 234
3 233 12 234
3 2 224 223
3 81 1140 80
3 378 417 377
3 340 378 377
3 572 135 608
3 135 136 608
3 725 724 702
3 703 725 702
3 678 703 702
3 724 701 702
3 518 480 519
3 557 518 519
3 1051 1050 1012
3 1052 1051 1013
3 1051 1012 1013
3 1012 974 1013
3 789 762 763
3 689 688 666
3 688 665 666
3 806 845 159
3 845 158 159
3 832 798 206
3 508 507 469
3 507 468 469
3 724 748 723
3 701 724 723
3 722 700 723
3 747 722 723
3 700 701 723
3 748 747 723
3 762 737 738
3 763 762 738
3 661 638 662
3 734 735 759
3 758 734 759
3 735 760 759
3 576 613 612
3 642 611 612
3 934 896 935
3 614 577 578
3 615 614 578
3 540 579 578
3 579 615 578
3 46 492 45
3 492 452 45
3 94 1126 1127
3 652 653 675
3 880 842 881
3 919 880 881
3 842 843 881
3 920 919 881
3 694 670 671
3 648 672 671
3 489 490 527
3 221 698 198
3 380 132 131
3 132 379 131
3 379 130 131
3 130 380 131
3 453 122 123
3 983 984 1022
3 1021 983 1022
3 625 626 219
3 626 220 219
3 90 91 1130
3 91 1129 1130
3 53 54 753
3 54 781 753
3 781 780 753
3 730 53 753
3 25 246 24
3 246 245 24
3 853 852 814
3 852 813 814
3 401 400 362
3 400 361 362
3 761 760 736
3 713 714 736
3 760 735 736
3 735 713 736
3 714 737 736
3 737 761 736
3 371 370 332
3 370 331 332
3 238 16 17
3 888 927 887
3 886 849 887
3 893 932 931
3 753 780 752
3 1003 1040 107
3 1040 106 107
3 627 626 596
3 626 595 596
3 148 1006 1044
3 1006 1045 1044
3 875 874 836
3 202 837 836
3 837 875 836
3 678 702 677
3 702 701 677
3 1024 985 986
3 985 947 986
3 510 548 509
3 471 510 509
3 884 923 883
3 846 884 883
3 845 846 883
3 216 555 556
3 518 557 556
3 202 836 203
3 330 368 329
3 291 330 329
3 367 328 329
3 328 290 329
3 290 291 329
3 368 367 329
3 656 164 679
3 164 163 679
3 678 656 679
3 163 703 679
3 703 678 679
3 570 605 120
3 530 570 120
3 530 120 121
3 1003 107 108
3 560 596 559
3 596 595 559
3 1070 1108 1069
3 960 156 922
3 923 960 922
3 883 923 922
3 313 312 274
3 903 864 865
3 864 826 865
3 904 903 865
3 148 1044 149
3 910 949 948
3 986 947 948
3 246 285 284
3 245 246 284
3 283 245 284
3 184 764 739
3 185 184 739
3 764 763 739
3 716 185 739
3 738 716 739
3 763 738 739
3 806 159 778
3 159 160 778
3 524 562 523
3 485 524 523
3 561 522 523
3 562 561 523
3 1046 1008 1047
3 98 1123 97
3 352 314 353
3 354 392 353
3 798 797 770
3 797 769 770
3 1019 1057 1018
3 588 551 589
3 551 552 589
3 552 590 589
3 1018 1017 979
3 941 979 940
3 427 388 389
3 388 350 389
3 298 42 338
3 4 5 226
3 931 932 970
3 710 686 139
3 686 138 139
3 140 710 139
3 372 371 333
3 371 332 333
3 164 633 657
3 680 164 657
3 633 634 657
3 634 658 657
3 190 581 191
3 594 557 558
3 557 519 558
3 519 520 558
3 595 594 558
3 520 559 558
3 559 595 558
3 795 828 794
3 793 766 794
3 813 142 785
3 142 758 785
3 814 813 785
3 758 759 785
3 1034 1072 1033
3 1032 994 1033
3 921 920 882
3 920 881 882
3 881 843 882
3 153 152 1075
3 1074 1036 1075
3 1036 153 1075
3 541 502 503
3 542 541 503
3 465 504 503
3 504 542 503
3 529 569 568
3 690 689 667
3 668 690 667
3 689 666 667
3 666 642 667
3 682 706 705
3 728 704 705
3 890 891 929
3 1132 1093 1094
3 828 829 867
3 244 22 23
3 245 244 23
3 24 245 23
3 86 1134 1135
3 248 286 247
3 26 248 247
3 246 25 247
3 285 246 247
3 25 26 247
3 286 285 247
3 578 577 539
3 540 578 539
3 766 765 740
3 765 176 740
3 176 175 740
3 741 766 740
3 328 366 327
3 326 288 327
3 773 772 746
3 722 747 746
3 747 773 746
3 424 425 463
3 462 424 463
3 577 576 538
3 576 537 538
3 500 539 538
3 539 577 538
3 1052 1053 1091
3 1130 1129 1091
3 1053 1092 1091
3 1092 1130 1091
3 587 620 586
3 620 619 586
3 585 548 586
3 619 585 586
3 340 300 301
3 908 946 907
3 869 908 907
3 946 945 907
3 309 348 347
3 348 386 347
3 122 453 493
3 530 121 493
3 121 122 493
3 32 254 253
3 254 292 253
3 291 252 253
3 252 31 253
3 31 32 253
3 292 291 253
3 1093 1054 1055
3 1054 1016 1055
3 1094 1093 1055
3 1016 1017 1055
3 709 710 733
3 756 732 733
3 732 709 733
3 710 140 733
3 516 477 478
3 440 479 478
3 14 236 235
3 236 274 235
3 649 621 622
3 621 588 622
3 650 649 622
3 588 589 622
3 1104 1065 1066
3 493 453 454
3 494 493 454
3 343 344 382
3 381 343 382
3 759 760 786
3 814 785 786
3 785 759 786
3 968 929 930
3 929 891 930
3 985 1024 1023
3 984 985 1023
3 1022 984 1023
3 686 709 685
3 662 686 685
3 661 662 685
3 709 708 685
3 1051 1052 1090
3 1052 1091 1090
3 1091 1129 1090
3 1072 1111 1110
3 660 661 684
3 116 117 684
3 117 660 684
3 661 685 684
3 685 708 684
3 1054 1053 1015
3 1016 1054 1015
3 594 625 218
3 625 219 218
3 1117 104 105
3 106 1117 105
3 179 824 823
3 861 822 823
3 150 100 1120
3 100 101 1120
3 149 150 1120
3 234 12 13
3 235 234 13
3 14 235 13
3 175 174 717
3 740 175 717
3 741 740 717
3 142 812 784
3 1046 1045 1007
3 1008 1046 1007
3 1045 1006 1007
3 1006 968 1007
3 776 750 777
3 750 160 777
3 160 159 777
3 770 769 744
3 408 446 407
3 369 408 407
3 368 369 407
3 446 445 407
3 445 406 407
3 406 368 407
3 569 48 604
3 48 636 604
3 568 569 604
3 636 635 604
3 886 887 926
3 927 964 926
3 887 927 926
3 489 527 168
3 908 870 909
3 947 908 909
3 870 871 909
3 948 947 909
3 871 910 909
3 910 948 909
3 851 888 850
3 888 887 850
3 887 849 850
3 932 933 971
3 970 932 971
3 204 834 205
3 309 270 271
3 270 232 271
3 232 233 271
3 310 309 271
3 272 310 271
3 233 272 271
3 734 758 141
3 140 734 141
3 758 142 141
3 733 140 141
3 1022 1023 1061
3 949 950 988
3 950 989 988
3 73 74 1147
3 1148 73 1147
3 1057 1019 1058
3 1116 1115 1078
3 770 744 208
3 312 350 311
3 310 272 311
3 159 158 844
3 882 843 844
3 559 520 521
3 520 482 521
3 522 560 521
3 560 559 521
3 468 507 506
3 885 884 847
3 808 848 847
3 848 885 847
3 884 846 847
3 302 130 341
3 130 379 341
3 379 378 341
3 301 302 341
3 378 340 341
3 340 301 341
3 880 918 879
3 878 840 879
3 917 878 879
3 918 917 879
3 602 566 567
3 566 527 567
3 468 429 430
3 469 468 430
3 392 431 430
3 431 469 430
3 240 18 19
3 490 451 491
3 451 452 491
3 452 492 491
3 492 529 491
3 953 992 991
3 992 1030 991
3 1030 1029 991
3 974 935 936
3 1114 1076 1077
3 1076 1037 1077
3 1115 1114 1077
3 1078 1115 1077
3 1003 964 1004
3 964 965 1004
3 585 619 618
3 619 646 618
3 584 585 618
3 646 196 618
3 1123 1084 1085
3 1084 1046 1085
3 1046 1047 1085
3 907 945 906
3 300 262 263
3 262 223 263
3 301 300 263
3 223 224 263
3 230 269 268
3 206 798 207
3 798 770 207
3 770 208 207
3 898 859 860
3 859 821 860
3 821 822 860
3 822 861 860
3 720 744 743
3 744 769 743
3 196 646 197
3 646 670 197
3 1112 1074 1113
3 152 1152 1113
3 1075 152 1113
3 1074 1075 1113
3 1134 86 87
3 885 925 924
3 923 884 924
3 884 885 924
3 1129 92 1128
3 1090 1129 1128
3 1028 989 990
3 1029 1028 990
3 991 1029 990
3 989 950 951
3 950 912 951
3 990 989 951
3 858 857 819
3 820 858 819
3 791 820 819
3 857 818 819
3 992 954 993
3 994 1032 993
3 769 796 768
3 743 769 768
3 796 795 768
3 742 743 768
3 918 957 956
3 917 918 956
3 742 741 718
3 741 717 718
3 717 694 718
3 609 135 573
3 135 534 573
3 574 610 573
3 535 574 573
3 610 609 573
3 534 535 573
3 317 318 356
3 355 317 356
3 394 355 356
3 318 357 356
3 1144 1106 1145
3 650 211 673
3 649 650 673
3 696 672 673
3 672 649 673
3 466 427 428
3 427 389 428
3 390 429 428
3 389 390 428
3 553 554 591
3 590 553 591
3 459 458 420
3 381 382 420
3 421 459 420
3 382 421 420
3 635 636 659
3 682 658 659
3 658 635 659
3 276 238 277
3 278 316 277
3 1132 1094 1133
3 88 1132 1133
3 87 88 1133
3 1134 87 1133
3 393 394 432
3 431 393 432
3 377 376 339
3 300 340 339
3 340 377 339
3 376 125 339
3 1148 1110 1149
3 1110 1111 1149
3 613 644 643
3 644 668 643
3 668 667 643
3 612 613 643
3 642 612 643
3 667 642 643
3 561 598 597
3 560 561 597
3 627 596 597
3 596 560 597
3 364 326 365
3 403 364 365
3 326 327 365
3 404 403 365
3 366 404 365
3 327 366 365
3 28 249 27
3 249 248 27
3 248 26 27
3 1102 1063 1064
3 1145 75 76
3 77 1144 76
3 1144 1145 76
3 542 504 543
3 581 542 543
3 936 898 937
3 1097 1058 1059
3 18 240 239
3 240 278 239
3 278 277 239
3 17 18 239
3 238 17 239
3 277 238 239
3 974 1012 973
3 935 974 973
3 934 935 973
3 773 774 802
3 801 773 802
3 840 801 802
3 774 803 802
3 878 917 916
3 877 878 916
3 954 915 916
3 915 877 916
3 380 130 342
3 381 380 342
3 304 343 342
3 343 381 342
3 1016 1015 977
3 473 435 474
3 435 436 474
3 546 508 547
3 584 546 547
3 548 585 547
3 509 548 547
3 585 584 547
3 508 509 547
3 270 309 308
3 309 347 308
3 347 346 308
3 269 270 308
3 160 161 751
3 778 160 751
3 728 752 751
3 364 402 363
3 325 364 363
3 402 401 363
3 324 325 363
3 401 362 363
3 362 324 363
3 588 587 550
3 551 588 550
3 756 784 783
3 1057 1058 1096
3 1135 1134 1096
3 1097 1135 1096
3 1058 1097 1096
3 1111 1112 1150
3 1149 1111 1150
3 71 1149 1150
3 158 845 157
3 845 883 157
3 156 921 157
3 922 156 157
3 883 922 157
3 921 882 157
3 882 844 157
3 844 158 157
3 708 732 731
3 262 127 222
3 223 262 222
3 127 0 222
3 1066 1028 1067
3 1028 1029 1067
3 281 280 242
3 857 896 895
3 896 934 895
3 934 933 895
3 856 857 895
3 933 894 895
3 894 856 895
3 298 297 260
3 261 298 260
3 297 259 260
3 259 38 260
3 706 730 729
3 730 753 729
3 752 728 729
3 728 705 729
3 705 706 729
3 753 752 729
3 21 242 20
3 156 960 155
3 960 999 155
3 959 156 155
3 998 959 155
3 999 154 155
3 154 998 155
3 943 904 905
3 867 906 905
3 943 982 981
3 830 869 868
3 869 907 868
3 829 830 868
3 907 906 868
3 867 829 868
3 906 867 868
3 384 422 383
3 345 384 383
3 344 345 383
3 422 421 383
3 421 382 383
3 382 344 383
3 434 472 433
3 472 471 433
3 471 432 433
3 432 394 433
3 720 210 209
3 744 720 209
3 208 744 209
3 111 112 809
3 849 111 809
3 112 113 809
3 113 782 809
3 1138 82 83
3 161 162 727
3 162 704 727
3 704 728 727
3 728 751 727
3 751 161 727
3 527 490 528
3 567 527 528
3 529 568 528
3 491 529 528
3 568 567 528
3 490 491 528
3 925 58 962
3 924 925 962
3 259 258 37
3 38 259 37
3 258 36 37
3 1030 1069 1068
3 1029 1030 1068
3 1106 1067 1068
3 1067 1029 1068
3 618 196 195
3 824 179 178
3 177 792 178
3 589 590 623
3 650 622 623
3 622 589 623
3 212 650 623
3 213 212 623
3 190 189 616
3 580 190 616
3 579 580 616
3 189 615 616
3 615 579 616
3 286 248 287
3 325 286 287
3 288 326 287
3 249 288 287
3 326 325 287
3 248 249 287
3 477 516 515
3 516 554 515
3 554 553 515
3 476 477 515
3 514 476 515
3 553 514 515
3 1021 1022 1060
3 1059 1021 1060
3 1022 1061 1060
3 506 544 505
3 504 466 505
3 543 504 505
3 544 543 505
3 1045 1084 1083
3 1084 1122 1083
3 1044 1045 1083
3 149 1044 1083
3 962 58 59
3 931 970 969
3 970 1008 969
3 968 930 969
3 1007 968 969
3 1008 1007 969
3 930 931 969
3 782 113 754
3 113 114 754
3 114 731 754
3 1013 974 975
3 974 936 975
3 936 937 975
3 376 123 124
3 125 376 124
3 436 398 437
3 904 865 866
3 905 904 866
3 828 867 866
3 867 905 866
3 82 1138 1139
3 1140 81 1139
3 81 82 1139
3 1138 1100 1139
3 250 28 29
3 900 939 938
3 939 977 938
3 240 19 241
3 19 20 241
3 242 280 241
3 20 242 241
3 1023 1024 1062
3 1100 1061 1062
3 1061 1023 1062
3 1024 1063 1062
3 636 49 50
3 659 636 50
3 834 204 835
3 873 834 835
3 874 873 835
3 204 203 835
3 836 874 835
3 203 836 835
3 752 780 779
3 751 752 779
3 806 778 779
3 778 751 779
3 824 863 862
3 823 824 862
3 900 861 862
3 861 823 862
3 1132 88 89
3 73 1148 72
3 1148 1149 72
3 1149 71 72
3 138 686 663
3 686 662 663
3 834 872 833
3 205 834 833
3 872 871 833
3 871 832 833
3 832 206 833
3 206 205 833
3 116 684 707
3 684 708 707
3 708 731 707
3 228 266 227
3 6 228 227
3 5 6 227
3 266 265 227
3 265 226 227
3 226 5 227
3 266 228 267
3 268 306 267
3 698 221 674
3 652 675 674
3 843 804 805
3 804 776 805
3 844 843 805
3 776 777 805
3 777 159 805
3 159 844 805
3 60 61 1039
3 816 854 815
3 854 853 815
3 853 814 815
3 814 786 815
3 31 252 30
3 1012 1050 1011
3 973 1012 1011
3 645 188 187
3 250 29 251
3 252 290 251
3 30 252 251
3 29 30 251
3 782 783 810
3 850 849 810
3 849 809 810
3 809 782 810
3 587 586 549
3 548 510 549
3 586 548 549
3 550 587 549
3 1128 92 93
3 94 1127 93
3 1127 1128 93
3 417 418 455
3 418 456 455
3 494 454 455
3 454 417 455
3 914 953 952
3 953 991 952
3 991 990 952
3 990 951 952
3 1034 996 1035
3 1036 1074 1035
3 360 321 322
3 321 283 322
3 361 360 322
3 283 284 322
3 59 60 1002
3 1001 962 1002
3 962 59 1002
3 60 1039 1002
3 1039 1001 1002
3 696 720 719
3 720 743 719
3 743 742 719
3 742 718 719
3 670 646 647
3 646 619 647
3 620 648 647
3 648 671 647
3 671 670 647
3 619 620 647
3 216 215 592
3 555 216 592
3 554 555 592
3 215 214 592
3 214 591 592
3 591 554 592
3 1126 1125 1087
3 864 903 902
3 903 941 902
3 863 864 902
3 941 940 902
3 690 668 691
3 566 166 167
3 166 565 167
3 527 566 167
3 168 527 167
3 256 257 295
3 644 645 669
3 668 644 669
3 691 668 669
3 645 187 669
3 568 604 603
3 604 635 603
3 634 602 603
3 602 567 603
3 635 634 603
3 567 568 603
3 1135 1097 1136
3 149 1120 1082
3 508 469 470
3 469 431 470
3 431 432 470
3 509 508 470
3 471 509 470
3 432 471 470
3 444 445 483
3 522 521 483
3 482 444 483
3 521 482 483
3 959 998 997
3 998 1036 997
3 996 958 997
3 1035 996 997
3 958 959 997
3 1036 1035 997
3 232 10 11
3 233 232 11
3 12 233 11
3 338 42 43
3 801 840 839
3 840 878 839
3 800 801 839
3 878 877 839
3 838 800 839
3 877 838 839
3 979 1017 978
3 940 979 978
3 1017 1016 978
3 939 940 978
3 1016 977 978
3 977 939 978
3 350 312 351
3 389 350 351
3 312 313 351
3 390 389 351
3 313 352 351
3 352 390 351
3 631 630 600
3 564 601 600
3 601 631 600
3 1069 1030 1031
3 1030 992 1031
3 1032 1070 1031
3 993 1032 1031
3 1070 1069 1031
3 992 993 1031
3 945 983 944
3 906 945 944
3 983 982 944
3 905 906 944
3 982 943 944
3 943 905 944
3 147 148 1005
3 1042 1004 1005
3 1004 965 1005
3 257 36 173
3 36 258 173
3 258 296 173
3 296 172 173
3 172 295 173
3 295 257 173
3 480 442 481
3 519 480 481
3 520 519 481
3 482 520 481
3 1097 1059 1098
3 1136 1097 1098
3 1059 1060 1098
3 397 358 359
3 360 398 359
3 321 360 359
3 398 397 359
3 488 168 526
3 565 564 526
3 487 488 526
3 564 525 526
3 525 487 526
3 168 167 526
3 167 565 526
3 79 80 1141
3 80 1140 1141
3 1140 1102 1141
3 111 886 110
3 886 926 110
3 926 109 110
3 96 97 1124
3 1125 96 1124
3 97 1123 1124
3 1123 1085 1124
3 292 254 293
3 331 292 293
3 332 331 293
3 1156 64 65
3 66 1155 65
3 1155 1156 65
3 409 448 447
3 446 408 447
3 485 446 447
3 408 409 447
3 544 582 192
3 543 544 192
3 191 581 192
3 581 543 192
3 694 671 695
3 718 694 695
3 672 696 695
3 696 719 695
3 671 672 695
3 719 718 695
3 132 380 419
3 457 132 419
3 380 381 419
3 458 457 419
3 381 420 419
3 420 458 419
3 1080 1040 1041
3 1040 1003 1041
3 1003 1004 1041
3 1004 1042 1041
3 701 700 676
3 700 675 676
3 675 653 676
3 677 701 676
3 1069 1108 1107
3 1068 1069 1107
3 1145 1106 1107
3 1106 1068 1107
3 761 788 787
3 788 816 787
3 760 761 787
3 816 815 787
3 786 760 787
3 815 786 787
3 989 1028 1027
3 1028 1066 1027
3 988 989 1027
3 1066 1065 1027
3 170 412 169
3 412 450 169
3 450 489 169
3 489 168 169
3 168 488 169
3 411 170 169
3 345 306 307
3 306 268 307
3 268 269 307
3 346 345 307
3 269 308 307
3 308 346 307
3 1134 1133 1095
3 1133 1094 1095
3 1057 1096 1095
3 1096 1134 1095
3 1082 1042 1043
3 148 149 1043
3 149 1082 1043
3 1042 1005 1043
3 1005 148 1043
3 429 468 467
3 468 506 467
3 506 505 467
3 428 429 467
3 466 428 467
3 505 466 467
3 917 956 955
3 956 994 955
3 993 954 955
3 954 916 955
3 916 917 955
3 994 993 955
3 903 904 942
3 904 943 942
3 943 981 942
3 941 903 942
3 64 1156 63
3 1156 62 63
3 854 893 892
3 893 931 892
3 891 853 892
3 930 891 892
3 853 854 892
3 931 930 892
3 1102 1140 1101
3 1063 1102 1101
3 1139 1100 1101
3 1100 1062 1101
3 1062 1063 1101
3 1140 1139 1101
3 606 571 607
3 638 606 607
3 571 572 607
3 572 608 607
3 1011 1050 1049
3 1048 1010 1049
3 1087 1048 1049
3 1010 1011 1049
3 453 123 416
3 123 376 416
3 377 417 416
3 417 454 416
3 454 453 416
3 376 377 416
3 714 690 715
3 737 714 715
3 716 738 715
3 691 716 715
3 690 691 715
3 738 737 715
3 914 875 876
3 875 837 876
3 837 838 876
3 915 914 876
3 838 877 876
3 877 915 876
3 1117 1080 1118
3 102 103 1118
3 103 1117 1118
3 179 823 180
3 822 181 180
3 823 822 180
3 100 150 1121
3 1083 1122 1121
3 150 149 1121
3 149 1083 1121
3 513 474 475
3 474 436 475
3 476 514 475
3 437 476 475
3 436 437 475
3 514 513 475
3 706 682 683
3 682 659 683
3 659 50 683
3 1049 1050 1088
3 1127 1126 1088
3 1126 1087 1088
3 1087 1049 1088
3 405 444 443
3 444 482 443
3 404 405 443
3 482 481 443
3 442 404 443
3 481 442 443
3 186 716 692
3 716 691 692
3 187 186 692
3 669 187 692
3 691 669 692
3 1000 1001 1038
3 1078 1077 1038
3 1037 1000 1038
3 1077 1037 1038
3 1001 1039 1038
3 1039 1078 1038
3 445 446 484
3 523 522 484
3 446 485 484
3 485 523 484
3 522 483 484
3 483 445 484
3 1042 1082 1081
3 1041 1042 1081
3 1080 1041 1081
3 1118 1080 1081
3 842 880 841
3 803 842 841
3 802 803 841
3 880 879 841
3 879 840 841
3 840 802 841
3 1050 1051 1089
3 1128 1127 1089
3 1051 1090 1089
3 1090 1128 1089
3 1127 1088 1089
3 1088 1050 1089
3 57 848 56
3 848 55 56
3 598 562 599
3 629 598 599
3 630 629 599
3 600 630 599
3 1065 1064 1026
3 988 1027 1026
3 1027 1065 1026
3 338 43 375
3 164 656 632
3 165 164 632
3 601 166 632
3 166 165 632
3 631 601 632
3 656 631 632
3 40 261 39
3 261 260 39
3 260 38 39
3 971 933 972
3 1010 971 972
3 933 934 972
3 1011 1010 972
3 934 973 972
3 973 1011 972
3 898 860 899
3 937 898 899
3 861 900 899
3 900 938 899
3 860 861 899
3 938 937 899
3 598 629 628
3 629 653 628
3 653 652 628
3 597 598 628
3 652 627 628
3 627 597 628
3 357 396 395
3 396 434 395
3 434 433 395
3 356 357 395
3 394 356 395
3 433 394 395
3 662 638 639
3 638 607 639
3 607 608 639
3 663 662 639
3 133 134 495
3 134 533 495
3 456 133 495
3 532 494 495
3 494 455 495
3 455 456 495
3 533 532 495
3 100 1121 99
3 1122 98 99
3 1121 1122 99
3 1144 77 1143
3 479 518 517
3 518 556 517
3 555 516 517
3 516 478 517
3 478 479 517
3 556 555 517
3 412 170 171
3 373 412 171
3 335 373 171
3 172 335 171
3 170 411 171
3 411 372 171
3 982 1021 1020
3 1021 1059 1020
3 1058 1019 1020
3 1019 981 1020
3 981 982 1020
3 1059 1058 1020
3 126 262 299
3 262 300 299
3 300 339 299
3 125 126 299
3 339 125 299
3 1024 986 1025
3 1063 1024 1025
3 1064 1063 1025
3 1026 1064 1025
3 429 390 391
3 390 352 391
3 353 392 391
3 392 430 391
3 430 429 391
3 352 353 391
3 1047 1008 1009
3 1008 970 1009
3 1048 1047 1009
3 970 971 1009
3 971 1010 1009
3 1010 1048 1009
3 949 988 987
3 988 1026 987
3 986 948 987
3 1025 986 987
3 948 949 987
3 1026 1025 987
3 1092 1093 1131
3 1130 1092 1131
3 1093 1132 1131
3 90 1130 1131
3 89 90 1131
3 1132 89 1131
3 996 1034 995
3 957 996 995
3 956 957 995
3 1034 1033 995
3 1033 994 995
3 994 956 995
3 265 129 128
3 226 265 128
3 225 4 128
3 4 226 128
3 546 583 545
3 507 546 545
3 582 544 545
3 544 506 545
3 506 507 545
3 583 582 545
3 71 1150 70
3 202 201 799
3 837 202 799
3 201 771 799
3 771 800 799
3 800 838 799
3 838 837 799
3 79 1141 1142
3 1104 1143 1142
3 254 32 33
3 451 413 414
3 413 374 414
3 452 451 414
3 374 375 414
3 1106 1144 1105
3 1067 1106 1105
3 1104 1066 1105
3 1143 1104 1105
3 1066 1067 1105
3 1144 1143 1105
3 194 583 617
3 583 584 617
3 195 194 617
3 584 618 617
3 618 195 617
3 129 265 303
3 265 304 303
3 304 342 303
3 130 129 303
3 342 130 303
3 74 75 1146
3 75 1145 1146
3 1147 74 1146
3 1108 1147 1146
3 1107 1108 1146
3 1145 1107 1146
3 1112 1113 1151
3 1150 1112 1151
3 1113 1152 1151
3 1152 69 1151
3 69 70 1151
3 70 1150 1151
3 448 487 486
3 487 525 486
3 447 448 486
3 525 524 486
3 524 485 486
3 485 447 486
3 720 696 697
3 210 720 697
3 211 210 697
3 673 211 697
3 696 673 697
3 756 733 757
3 733 141 757
3 142 784 757
3 141 142 757
3 784 756 757
3 1072 1034 1073
3 1111 1072 1073
3 1074 1112 1073
3 1035 1074 1073
3 1112 1111 1073
3 1034 1035 1073
3 8 230 229
3 230 268 229
3 267 228 229
3 268 267 229
3 582 194 193
3 192 582 193
3 426 465 464
3 465 503 464
3 425 426 464
3 503 502 464
3 502 463 464
3 463 425 464
3 665 688 687
3 688 712 687
3 664 665 687
3 138 664 687
3 139 138 687
3 712 734 711
3 734 140 711
3 140 139 711
3 139 687 711
3 687 712 711
3 605 118 119
3 120 605 119
3 288 250 289
3 327 288 289
3 290 328 289
3 251 290 289
3 328 327 289
3 250 251 289
3 36 257 35
3 257 256 35
3 256 34 35
3 224 225 264
3 302 301 264
3 301 263 264
3 263 224 264
3 129 302 264
3 128 129 264
3 225 128 264
3 826 864 825
3 792 826 825
3 863 824 825
3 864 863 825
3 824 178 825
3 178 792 825
3 670 694 693
3 694 717 693
3 717 174 693
3 174 197 693
3 197 670 693
3 147 146 967
3 968 1006 967
3 1006 147 967
3 146 929 967
3 929 968 967
3 500 462 501
3 539 500 501
3 502 540 501
3 463 502 501
3 540 539 501
3 462 463 501
3 237 276 275
3 276 314 275
3 314 313 275
3 236 237 275
3 313 274 275
3 274 236 275
3 16 237 15
3 237 236 15
3 236 14 15
3 108 109 963
3 964 1003 963
3 1003 108 963
3 109 926 963
3 926 964 963
3 513 551 512
3 474 513 512
3 473 474 512
3 551 550 512
3 304 266 305
3 343 304 305
3 306 344 305
3 267 306 305
3 344 343 305
3 266 267 305
3 960 923 961
3 1000 960 961
3 1001 1000 961
3 923 924 961
3 924 962 961
3 962 1001 961
3 280 281 319
3 358 357 319
3 357 318 319
3 318 280 319
3 146 928 145
3 928 889 145
3 889 144 145
3 144 890 145
3 890 929 145
3 929 146 145
3 96 1125 95
3 1126 94 95
3 1125 1126 95
3 510 472 511
3 549 510 511
3 472 473 511
3 550 549 511
3 473 512 511
3 512 550 511
3 61 62 1079
3 62 1116 1079
3 1116 1078 1079
3 1078 1039 1079
3 1039 61 1079
3 677 676 654
3 629 630 654
3 653 629 654
3 676 653 654
3 398 360 399
3 437 398 399
3 361 400 399
3 360 361 399
3 79 1142 78
3 1143 77 78
3 1142 1143 78
3 1152 152 151
3 152 1153 151
3 68 1152 151
3 1153 68 151
3 912 874 913
3 951 912 913
3 874 875 913
3 952 951 913
3 875 914 913
3 914 952 913
3 1110 1148 1109
3 1108 1070 1109
3 1147 1108 1109
3 1148 1147 1109
3 317 278 279
3 278 240 279
3 280 318 279
3 241 280 279
3 318 317 279
3 240 241 279
3 812 851 811
3 784 812 811
3 783 784 811
3 851 850 811
3 850 810 811
3 810 783 811
3 1053 1052 1014
3 1015 1053 1014
3 1052 1013 1014
3 1013 975 1014
3 525 564 563
3 564 600 563
3 524 525 563
3 600 599 563
3 562 524 563
3 599 562 563
3 928 146 966
3 965 928 966
3 146 147 966
3 147 1005 966
3 1005 965 966
3 1102 1064 1103
3 1141 1102 1103
3 1065 1104 1103
3 1104 1142 1103
3 1064 1065 1103
3 1142 1141 1103
3 214 213 624
3 590 591 624
3 591 214 624
3 213 623 624
3 623 590 624
3 244 282 243
3 22 244 243
3 282 281 243
3 21 22 243
3 281 242 243
3 242 21 243
3 939 900 901
3 900 862 901
3 862 863 901
3 940 939 901
3 863 902 901
3 902 940 901
3 116 707 115
3 731 114 115
3 707 731 115
3 359 358 320
3 281 282 320
3 282 321 320
3 321 359 320
3 358 319 320
3 319 281 320
3 459 498 497
3 498 536 497
3 536 535 497
3 458 459 497
3 496 458 497
3 535 496 497
3 374 336 337
3 336 297 337
3 375 374 337
3 297 298 337
3 298 338 337
3 338 375 337
3 774 748 775
3 803 774 775
3 748 749 775
3 804 803 775
3 749 776 775
3 776 804 775
3 487 448 449
3 488 487 449
3 411 169 449
3 169 488 449
3 44 45 415
3 45 452 415
3 43 44 415
3 375 43 415
3 452 414 415
3 414 375 415
3 399 400 438
3 477 476 438
3 476 437 438
3 437 399 438
3 700 722 699
3 675 700 699
3 698 674 699
3 674 675 699
3 348 310 349
3 387 348 349
3 350 388 349
3 311 350 349
3 388 387 349
3 310 311 349
3 640 610 641
3 665 640 641
3 611 642 641
3 642 666 641
3 666 665 641
3 610 611 641
3 230 9 231
3 269 230 231
3 270 269 231
3 9 10 231
3 10 232 231
3 232 270 231
3 34 256 255
3 33 34 255
3 293 254 255
3 254 33 255
3 136 609 137
3 609 640 137
3 640 664 137
3 664 138 137
3 138 663 137
3 608 136 137
3 639 608 137
3 663 639 137
3 772 771 745
3 771 200 745
3 200 199 745
3 746 772 745
3 423 384 385
3 384 346 385
3 346 347 385
3 424 423 385
3 386 424 385
3 347 386 385
3 478 477 439
3 400 401 439
3 401 440 439
3 440 478 439
3 477 438 439
3 438 400 439
3 1136 84 85
3 86 1135 85
3 1135 1136 85
3 532 571 531
3 494 532 531
3 493 494 531
3 571 570 531
3 570 530 531
3 530 493 531
3 818 789 790
3 789 763 790
3 764 791 790
3 791 819 790
3 819 818 790
3 763 764 790
3 1138 83 1137
3 83 84 1137
3 84 1136 1137
3 1136 1098 1137
3 1033 1072 1071
3 1072 1110 1071
3 1070 1032 1071
3 1109 1070 1071
3 1032 1033 1071
3 1110 1109 1071
3 722 746 721
3 699 722 721
3 198 698 721
3 199 198 721
3 745 199 721
3 698 699 721
3 746 745 721
3 1094 1055 1056
3 1055 1017 1056
3 1017 1018 1056
3 1095 1094 1056
3 1018 1057 1056
3 1057 1095 1056
3 314 276 315
3 353 314 315
3 316 354 315
3 277 316 315
3 354 353 315
3 276 277 315
3 285 324 323
3 324 362 323
3 284 285 323
3 362 361 323
3 361 322 323
3 322 284 323
3 498 460 499
3 537 498 499
3 461 500 499
3 500 538 499
3 460 461 499
3 538 537 499
3 256 295 294
3 295 333 294
3 255 256 294
3 333 332 294
3 332 293 294
3 293 255 294
3 910 872 911
3 949 910 911
3 950 949 911
3 872 873 911
3 873 912 911
3 912 950 911
3 557 594 593
3 217 216 593
3 216 556 593
3 556 557 593
3 594 218 593
3 218 217 593
3 228 6 7
3 229 228 7
3 8 229 7
3 1048 1087 1086
3 1087 1125 1086
3 1047 1048 1086
3 1125 1124 1086
3 1085 1047 1086
3 1124 1085 1086
3 826 793 827
3 865 826 827
3 794 828 827
3 828 866 827
3 866 865 827
3 793 794 827
3 448 409 410
3 409 371 410
3 449 448 410
3 371 372 410
3 372 411 410
3 411 449 410
3 274 312 273
3 235 274 273
3 272 234 273
3 311 272 273
3 234 235 273
3 312 311 273
3 627 652 651
3 220 626 651
3 626 627 651
3 652 674 651
3 221 220 651
3 674 221 651
3 780 808 807
3 808 847 807
3 846 806 807
3 806 779 807
3 779 780 807
3 847 846 807
3 372 333 334
3 333 295 334
3 295 172 334
3 172 171 334
3 171 372 334
3 732 756 755
3 756 783 755
3 731 732 755
3 783 782 755
3 782 754 755
3 754 731 755
3 574 536 575
3 611 574 575
3 537 576 575
3 576 612 575
3 536 537 575
3 612 611 575
3 101 102 1119
3 102 1118 1119
3 1120 101 1119
3 1082 1120 1119
3 1081 1082 1119
3 1118 1081 1119
3 704 680 681
3 680 657 681
3 658 682 681
3 682 705 681
3 705 704 681
3 657 658 681
3 656 678 655
3 631 656 655
3 630 631 655
3 678 677 655
3 677 654 655
3 654 630 655
3 222 0 1
3 2 223 1
3 223 222 1
3 766 741 767
3 794 766 767
3 795 794 767
3 741 742 767
3 742 768 767
3 768 795 767
3 1018 979 980
3 979 941 980
3 1019 1018 980
3 941 942 980
3 981 1019 980
3 942 981 980
3 896 858 897
3 935 896 897
3 858 859 897
3 936 935 897
3 859 898 897
3 898 936 897
3 977 1015 976
3 938 977 976
3 975 937 976
3 1014 975 976
3 937 938 976
3 1015 1014 976
3 52 706 51
3 706 683 51
3 683 50 51
3 1100 1138 1099
3 1061 1100 1099
3 1138 1137 1099
3 1060 1061 1099
3 1098 1060 1099
3 1137 1098 1099
CELL_TYPES 2140
5
5
5
5
5
5
5
5
5
5
5
5
5
5
5
5
5
5
5
5
5
5
5
5
5
5
5
5
5
5
5
5
5
5
5
5
5
5
5
5
5
5
5
5
5
5
5
5
5
5
5
5
5
5
5
5
5
5
5
5
5
5
5
5
5
5
5
5
5
5
5
5
5
5
5
5
5
5
5
5
5
5
5
5
5
5
5
5
5
5
5
5
5
5
5
5
5
5
5
5
5
5
5
5
5
5
5
5
5
5
5
5
5
5
5
5
5
5
5
5
5
5
5
5
5
5
5
5
5
5
5
5
5
5
5
5
5
5
5
5
5
5
5
5
5
5
5
5
5
5
5
5
5
5
5
5
5
5
5
5
5
5
5
5
5
5
5
5
5
5
5
5
5
5
5
5
5
5
5
5
5
5
5
5
5
5
5
5
5
5
5
5
5
5
5
5
5
5
5
5
5
5
5
5
5
5
5
5
5
5
5
5
5
5
5
5
5
5
5
5
5
5
5
5
5
5
5
5
5
5
5
5
5
5
5
5
5
5
5
5
5
5
5
5
5
5
5
5
5
5
5
5
5
5
5
5
5
5
5
5
5
5
5
5
5
5
5
5
5
5
5
5
5
5
5
5
5
5
5
5
5
5
5
5
5
5
5
5
5
5
5
5
5
5
5
5
5
5
5
5
5
5
5
5
5
5
5
5
5
5
5
5
5
5
5
5
5
5
5
5
5
5
5
5
5
5
5
5
5
5
5
5
5
5
5
5
5
5
5
5
5
5
5
5
5
5
5
5
5
5
5
5
5
5
5
5
5
5
5
5
5
5
5
5
5
5
5
5
5
5
5
5
5
5
5
5
5
5
5
5
5
5
5
5
5
5
5
5
5
5
5
5
5
5
5
5
5
5
5
5
5
5
5
5
5
5
5
5
5
5
5
5
5
5
5
5
5
5
5
5
5
5
5
5
5
5
5
5
5
5
5
5
5
5
5
5
5
5
5
5
5
5
5
5
5
5
5
5
5
5
5
5
5
5
5
5
5
5
5
5
5
5
5
5
5
5
5
5
5
5
5
5
5
5
5
5
5
5
5
5
5
5
5
5
5
5
5
5
5
5
5
5
5
5
5
5
5
5
5
5
5
5
5
5
5
5
5
5
5
5
5
5
5
5
5
5
5
5
5
5
5
5
5
5
5
5
5
5
5
5
5
5
5
5
5
5
5
5
5
5
5
5
5
5
5
5
5
5
5
5
5
5
5
5
5
5
5
5
5
5
5
5
5
5
5
5
5
5
5
5
5
5
5
5
5
5
5
5
5
5
5
5
5
5
5
5
5
5
5
5
5
5
5
5
5
5
5
5
5
5
5
5
5
5
5
5
5
5
5
5
5
5
5
5
5
5
5
5
5
5
5
5
5
5
5
5
5
5
5
5
5
5
5
5
5
5
5
5
5
5
5
5
5
5
5
5
5
5
5
5
5
5
5
5
5
5
5
5
5
5
5
5
5
5
5
5
5
5
5
5
5
5
5
5
5
5
5
5
5
5
5
5
5
5
5
5
5
5
5
5
5
5
5
5
5
5
5
5
5
5
5
5
5
5
5
5
5
5
5
5
5
5
5
5
5
5
5
5
5
5
5
5
5
5
5
5
5
5
5
5
5
5
5
5
5
5
5
5
5
5
5
5
5
5
5
5
5
5
5
5
5
5
5
5
5
5
5
5
5
5
5
5
5
5
5
5
5
5
5
5
5
5
5
5
5
5
5
5
5
5
5
5
5
5
5
5
5
5
5
5
5
5
5
5
5
5
5
5
5
5
5
5
5
5
5
5
5
5
5
5
5
5
5
5
5
5
5
5
5
5
5
5
5
5
5
5
5
5
5
5
5
5
5
5
5
5
5
5
5
5
5
5
5
5
5
5
5
5
5
5
5
5
5
5
5
5
5
5
5
5
5
5
5
5
5
5
5
5
5
5
5
5
5
5
5
5
5
5
5
5
5
5
5
5
5
5
5
5
5
5
5
5
5
5
5
5
5
5
5
5
5
5
5
5
5
5
5
5
5
5
5
5
5
5
5
5
5
5
5
5
5
5
5
5
5
5
5
5
5
5
5
5
5
5
5
5
5
5
5
5
5
5
5
5
5
5
5
5
5
5
5
5
5
5
5
5
5
5
5
5
5
5
5
5
5
5
5
5
5
5
5
5
5
5
5
5
5
5
5
5
5
5
5
5
5
5
5
5
5
5
5
5
5
5
5
5
5
5
5
5
5
5
5
5
5
5
5
5
5
5
5
5
5
5
5
5
5
5
5
5
5
5
5
5
5
5
5
5
5
5
5
5
5
5
5
5
5
5
5
5
5
5
5
5
5
5
5
5
5
5
5
5
5
5
5
5
5
5
5
5
5
5
5
5
5
5
5
5
5
5
5
5
5
5
5
5
5
5
5
5
5
5
5
5
5
5
5
5
5
5
5
5
5
5
5
5
5
5
5
5
5
5
5
5
5
5
5
5
5
5
5
5
5
5
5
5
5
5
5
5
5
5
5
5
5
5
5
5
5
5
5
5
5
5
5
5
5
5
5
5
5
5
5
5
5
5
5
5
5
5
5
5
5
5
5
5
5
5
5
5
5
5
5
5
5
5
5
5
5
5
5
5
5
5
5
5
5
5
5
5
5
5
5
5
5
5
5
5
5
5
5
5
5
5
5
5
5
5
5
5
5
5
5
5
5
5
5
5
5
5
5
5
5
5
5
5
5
5
5
5
5
5
5
5
5
5
5
5
5
5
5
5
5
5
5
5
5
5
5
5
5
5
5
5
5
5
5
5
5
5
5
5
5
5
5
5
5
5
5
5
5
5
5
5
5
5
5
5
5
5
5
5
5
5
5
5
5
5
5
5
5
5
5
5
5
5
5
5
5
5
5
5
5
5
5
5
5
5
5
5
5
5
5
5
5
5
5
5
5
5
5
5
5
5
5
5
5
5
5
5
5
5
5
5
5
5
5
5
5
5
5
5
5
5
5
5
5
5
5
5
5
5
5
5
5
5
5
5
5
5
5
5
5
5
5
5
5
5
5
5
5
5
5
5
5
5
5
5
5
5
5
5
5
5
5
5
5
5
5
5
5
5
5
5
5
5
5
5
5
5
5
5
5
5
5
5
5
5
5
5
5
5
5
5
5
5
5
5
5
5
5
5
5
5
5
5
5
5
5
5
5
5
5
5
5
5
5
5
5
5
5
5
5
5
5
5
5
5
5
5
5
5
5
5
5
5
5
5
5
5
5
5
5
5
5
5
5
5
5
5
5
5
5
5
5
5
5
5
5
5
5
5
5
5
5
5
5
5
5
5
5
5
5
5
5
5
5
5
5
5
5
5
5
5
5
5
5
5
5
5
5
5
5
5
5
5
5
5
5
5
5
5
5
5
5
5
5
5
5
5
5
5
5
5
5
5
5
5
5
5
5
5
5
5
5
5
5
5
5
5
5
5
5
5
5
5
5
5
5
5
5
5
5
5
5
5
5
5
5
5
5
5
5
5
5
5
5
5
5
5
5
5
5
5
5
5
5
5
5
5
5
5
5
5
5
5
5
5
5
5
5
5
5
5
5
5
5
5
5
5
5
5
5
5
5
5
5
5
5
5
5
5
5
5
5
5
5
5
5
5
5
5
5
5
5
5
5
5
5
5
5
5
5
5
5
5
5
5
5
5
5
5
5
5
5
5
5
5
5
5
5
5
5
5
5
5
5
5
5
5
5
5
5
5
5
5
5
5
5
5
5
5
5
5
5
5
5
5
5
5
5
5
5
5
5
5
5
5
5
5
5
5
5
5
5
5
5
5
5
5
5
5
5
5
5
5
5
5
5
5
5
5
5
5
5
5
5
5
5
5
5
5
5
5
5
5
5
5
5
5
5
5
5
5
5
5
5
5
5
5
5
5
5
5
5
5
5
5
5
5
5
5
5
5
5
5
5
5
5
5
5
5
5
5
5
5
5
5
5
5
5
5
5
5
5
5
5
5
5
5
5
5
5
5
5
5
5
5
5
5
5
5
5
5
5
5
5
5
5
5
5
5
5
5
5
5
5
5
5
5
5
5
5
5
5
5
5
5
5
5
5
5
5
5
5
5
5
5
5
5
5
5
5
5
5
5
5
5
5
5
5
5
5
5
5
5
5
5
5
5
5
5
5
5
5
5
5
5
5
5
5
5
5
5
5
5
5
5
5
5
5
5
5
5
5
5
5
5
5
5
5
5
5
5
5
5
5
5
5
5
5
5
5
5
5
5
5
5
5
5
5
5
5
5
5
5
5
5
5
5
5
5
5
5
5
5
5
5
5
5
5
5
5
5
5
5
5
5
5
5
5
5
5
5
5
5
5
5
5
5
5
5
5
5
5
5
5
5
5
5
5
5
5
5
5
5
5
5
5
5
5
5
5
5
5
5
5
5
5
5
5
5
5
5
5
5
5
5
5
5
5
5
5
5
5
5
5
5
5
5
5
5
5
5
5
5
5
5
5
5
5
5
5
5
5
5
5
5
5
5
5
5
5
5
5
5
5
5
5
5
5
5
5
5
5
5
5
5
5
5
5
5
5
5
5
5
5
5
5
5
5
5
5
5
5
5
5
5
5
5
5
5
5
5
5
5
5
5
5
5
5
5
5
5
5
5
5
5
5
5
5
5
5
5
5
5
5
5
5
5
5
5
5
5
5
5
5
5
5
5
5
5
5
5
5
5
5
5
5
5
5
5
5
5
5
5
5
5
5
5
5
5
5
5
5
5
5
5
5
5
5
5
5
5
5
5
5
5
5
5
5
5
5
5
5
5
5
5
5
5
POINT_DATA 1157
SCALARS temperature_K double 1
LOOKUP_TABLE default
293.15
294.1036111318543
295.0539619563573
296.00447733012385
296.9601418092378
302.7890542313525
308.3393043201268
313.60755636618086
318.59947042129414
323.30977826528346
327.7241854666521
331.82003611794954
335.5681535262549
338.93616574160825
341.8928794248093
344.41262441703594
346.478240789158
348.08175006156273
349.2226179198382
349.9044087506952
350.1311161723956
349.9044087585144
349.2226179339562
348.08175007938576
346.47824080754987
344.41262443282017
341.89287943537204
338.936165745463
335.5681535232088
331.82003610889285
327.7241854532993
323.30977824991885
318.5994704063497
313.60755635376125
308.3393043117839
302.78905422812596
296.9601418106968
296.00447733169506
295.0539619574771
294.1036111324205
293.15
293.15
293.15
293.15
293.15
293.15
293.15
293.15
293.15
293.15
293.15
293.15
293.15
293.15
293.15
293.15
293.15
293.15
293.15
293.15
293.15
293.15
293.15
293.15
293.15
294.1035923145298
295.0537364026073
296.0041765068471
296.95921104964543
302.79415099459584
308.34020920349565
313.6077749666454
318.59944185285633
323.30958613060074
327.7238483863128
331.8195459600655
335.5674866106632
338.93529768708026
341.8918007904405
344.4113493623597
346.47680430804394
348.08019673665626
349.2209902684829
349.9027412637901
350.12943628759956
349.9027412638013
349.2209902685047
348.0801967366883
346.47680430808504
344.41134936240826
341.89180079049584
338.9352976871421
335.5674866107292
331.81954596013315
327.72384838637873
323.3095861306624
318.5994418529119
313.607774966693
308.34020920353356
302.7941509946215
296.9592110496565
296.0041765068545
295.0537364026125
294.1035923145322
293.15
293.15
293.15
293.15
293.15
293.15
293.15
293.15
293.15
293.15
293.15
293.15
293.15
293.15
293.15
293.15
293.15
293.15
293.15
293.15
293.15
293.15
293.15
293.15
296.95070195762383
296.9287894583046
296.89092662305774
296.8359023648919
296.77276354012184
296.6953265037543
296.61135451321735
296.5265691343519
296.44457593614163
296.3820081515579
296.33800710996155
296.3221556942048
296.33733519962107
296.3809335840957
296.4468418995109
296.52397058594397
296.6117573541723
296.69524152484405
296.77140309145
296.83714926280294
296.8904816724788
296.9288078480318
296.94909059215576
296.9490905921452
296.92880784802105
296.89048167246744
296.8371492627913
296.771403091438
296.6952415248323
296.6117573541612
296.523970585933
296.4468418995002
296.38093358408526
296.3373351996117
296.3221556941949
296.3380071099523
296.3820081515482
296.4445759361317
296.5265691343415
296.61135451320627
296.69532650374515
296.7727635401178
296.8359023648656
296.89092662301886
296.9287894579839
296.9507019583308
350.0696900760419
350.02128211293655
349.79234437492863
349.1389529565869
347.77620951746377
345.2827242513568
341.51354436823704
336.6499484643864
331.1687408505869
325.75906491802635
321.11959687948814
318.0379526335747
316.96943852088197
318.12428837928496
321.14802557331865
325.7025845265928
331.1878441565048
336.6658238434883
341.53243434638307
345.2521938075234
347.7534295854608
349.1682683531699
349.7902042919182
350.0153336268076
316.9694385208262
318.0379526335194
321.1195968794293
325.7590649179623
331.1687408505199
336.64994846431966
341.5135443681753
345.2827242513041
347.7762095174243
349.13895295656073
349.7923443749115
350.02128211292626
350.06969007603374
350.01533362679737
349.7902042919005
349.1682683531353
347.75342958540944
345.25219380745864
341.53243434630906
336.6658238434086
331.1878441564266
325.70258452651916
321.14802557325316
318.1242883792252
293.6271891796711
294.5784811924143
295.5280886731179
296.4797960388707
299.903208873235
305.59613499443367
311.0017473408509
316.1307358269671
320.9825422638903
325.5473909988216
329.80666506599323
333.7340038609665
337.29788432109996
340.465616014537
343.2079614297026
345.50306636669507
347.33842106699717
348.71025993421546
349.6207997659651
350.0744649509856
350.0744649481035
349.62079975789356
348.71025992248116
347.33842105369274
345.5030663541214
343.2079614199946
340.46561600920256
337.2978843207272
333.73400386527237
329.8066650740341
325.5473910091498
320.9825422747796
316.1307358367709
311.00174734827044
305.59613499857556
299.90320887347633
296.4797960375896
295.5280886721548
294.57848119179585
293.627189179491
294.10059378262076
295.04766289422554
295.99495673984165
302.7648561952733
308.29067209630205
313.5453905853117
318.5294580072831
323.237862919436
327.65667025543934
331.7627495448715
335.5252819839934
338.9092197461562
341.8803246554734
344.4104927430517
346.48154909490523
348.0861280319864
349.22547342127666
349.90525680578577
350.13109453078687
349.90525680759305
349.22547342452697
348.0861280360777
346.4815490991181
344.4104927466504
341.8803246578451
338.9092197469629
335.5252819832077
331.7627495427059
327.65667025228515
323.23786291582644
318.5294580037923
313.5453905824166
308.29067209437574
302.7648561944567
295.99495674006977
295.0476628945135
294.1005937827333
293.62305887008125
294.56596087904774
295.5070625359144
296.4500477553828
299.8398223201044
305.4847707264091
310.8498513912756
315.95019209296106
320.7878649117213
325.3552663094444
329.63419690741716
333.5957416403452
337.20241422732585
340.4131921830151
343.19063987951284
345.5077068839142
347.3513422197444
348.72146164585973
349.6261164647132
350.0752240755098
350.0752240751941
349.6261164638316
348.7214616445814
347.35134221829003
345.5077068825253
343.1906398784234
340.4131921823898
337.2024142272227
333.5957416407295
329.6341969081941
325.3552663104672
320.78786491280283
315.95019209393087
310.8498513920093
305.48477072677144
299.83982232037255
296.4500477555319
295.50706253577255
294.5659608789799
293.62305887006727
294.0867537170148
295.02000244544524
295.95294575320133
302.6114326735996
308.0647224596623
313.2591265044406
318.20367522372993
322.89896347402123
327.33470977003975
331.4873185687878
335.31921026946503
338.78215360092975
341.8255761285679
344.40772337783307
346.50464383530925
348.1124212459665
349.24205755380615
349.9104033832657
350.13141767783634
349.91040338344277
349.24205755411793
348.1124212463517
346.504643835697
344.40772337814775
341.82557612874473
338.7821536009367
335.31921026930644
331.48731856848616
327.3347097696376
322.8989634735767
318.20367522330827
313.25912650408964
308.0647224594409
302.6114326734637
295.95294575318474
295.02000244548566
294.086753717021
293.6135826273902
294.5376894735681
295.45908953464806
296.38107734497
299.7015857632311
305.21797089244455
310.4791798822633
315.5009834364846
320.2930156236047
324.8562134411573
329.1779298200872
333.2268130106064
336.95106356214393
340.28464232338666
343.1626891956039
345.5400276389718
347.4019305926973
348.76103697528873
349.64422595842325
350.077977849519
350.077977849477
349.64422595830445
348.76103697511434
347.4019305924919
345.54002763876264
343.162689195419
340.2846423232485
336.9510635620605
333.2268130105741
329.17792982009854
324.8562134411996
320.2930156236581
315.5009834365352
310.4791798822947
305.21797089245786
299.70158576323945
296.3810773449772
295.4590895346327
294.5376894735537
293.6135826273891
294.0637715522703
294.97273464695286
295.8797401635023
302.3437535644396
307.64207013099707
312.70723425886126
317.556202841539
322.2028573490761
326.65169673279996
330.8883650773665
334.86902198627445
338.5167900378017
341.7355081398078
344.44092154010514
346.59118135046106
348.19421854018043
349.29000414433136
349.9248399681782
350.13244036923743
349.92483996818066
349.2900041443328
348.19421854017475
346.59118135044434
344.4409215400722
341.73550813975413
338.5167900377284
334.869021986184
330.8883650772638
326.6516967326906
322.20285734896714
317.5562028414396
312.70723425878
307.6420701309381
302.343753564399
295.8797401634901
294.9727346469522
294.0637715522691
293.60011530637104
294.4968752239872
295.38928505836293
296.2797459499707
299.46842844817485
304.7858616065271
309.8618668017014
314.7247438363292
319.39966571087797
323.91106095458713
328.27333711564876
332.4721153592926
336.44095481478087
340.05538747487606
343.16761654257203
345.673218129042
347.5554277909637
348.8686894297558
349.69068353402344
350.08493221728736
350.08493221727485
349.6906835339878
348.8686894297
347.555427790891
345.67321812895915
343.1676165424845
340.05538747479005
336.4409548146999
332.4721153592173
328.273337115581
323.9110609545268
319.39966571082516
314.724743836284
309.8618668016635
304.78586160650013
299.46842844815495
296.2797459499592
295.3892850583565
294.4968752239813
293.6001153063698
294.03386453712784
294.9118968578353
295.785048115044
301.9574060527499
307.0134177089309
311.8522268186171
316.4993675527646
320.9933406793792
325.38073582085417
329.69989878232747
333.9415374828644
337.991715375827
341.62927916394585
344.61870584677155
346.8586988271982
348.4112837399855
349.4062710035367
349.9581517782942
350.1348638836668
349.95815177827967
349.4062710035077
348.41128373994275
346.85869882714275
344.618705846705
341.62927916387076
337.9917153757476
333.9415374827839
329.6998987822467
325.3807358207765
320.9933406793069
316.4993675527002
311.8522268185643
307.01341770888996
301.9574060527229
295.78504811503603
294.9118968578296
294.03386453712545
293.58471083227806
294.44957103533176
295.3074838472671
296.1577814588316
299.1787373644509
304.20936529471703
309.0022759779444
313.5807134840006
317.9829295212489
322.2732030082674
326.54335989679373
330.8902282596081
335.3277736017054
339.6161946597029
343.3393702010516
346.1100719016211
347.96344024845945
349.11870868029575
349.7897509190456
350.09926522679916
350.0992652267914
349.78975091902174
349.1187086802579
347.9634402484084
346.1100719015561
343.33937020097756
339.6161946596233
335.32777360162527
330.89022825953043
326.54335989672006
322.27320300819906
317.9829295211876
313.58071348394805
309.002275977902
304.20936529468565
299.1787373644332
296.15778145882246
295.30748384726013
294.4495710353276
293.5847108322766
294.00260964442083
294.84797657216365
295.68375389260524
301.49083902341926
306.23502345537236
310.7330215567547
315.00413517123457
319.0985642912187
323.1229089899446
327.25734230237646
331.7544216032323
336.7339414261703
345.27033078209996
347.59950825835904
348.89867292222664
349.63456073496474
350.0186136218296
350.1392993622048
350.0186136218176
349.6345607349397
348.8986729221893
347.5995082583093
345.2703307820363
336.7339414260908
331.7544216031534
327.2573423023005
323.1229089898741
319.0985642911541
315.0041351711769
310.7330215567072
306.2350234553347
301.4908390233946
295.6837538925976
294.84797657215813
294.0026096444185
293.57076340277496
294.40572333974796
295.2301970522206
296.03949008421796
298.8884185712547
303.5917346177731
308.02965757903405
312.1854659947802
316.0645056688796
319.71905355869205
323.3208412593061
327.1846617169634
348.84854615622737
349.56647035986487
349.9448492933029
350.12033949882203
350.1203394988176
349.9448492932879
349.5664703598399
348.84854615619355
327.1846617168893
323.32084125923575
319.7190535586276
316.0645056688208
312.1854659947293
308.0296575789932
303.5917346177422
298.88841857123765
296.0394900842092
295.2301970522142
294.40572333974427
293.5707634027733
293.97818957203833
294.7963617100339
295.59976080745724
301.0794453970901
305.50285434981026
309.60853197566394
313.3525202297291
316.69528479915357
319.6276340813053
349.92848059927326
350.08822273203856
350.1440893347776
350.08822273203106
349.9284805992579
319.6276340812421
316.6952847990949
313.35252022967677
309.6085319756196
305.50285434977485
301.07944539706693
295.59976080744997
294.79636171002903
293.9781895720357
293.5609736674213
294.37703061084676
295.1793484778631
295.9616172135717
298.666685155214
303.1353218416838
307.27672955156066
311.0227368998948
314.27445567865664
316.87579921100763
350.07340741549086
350.1366360726188
350.13663607261515
350.0734074154828
316.8757992109499
314.2744556786031
311.02273689984725
307.27672955152127
303.13532184165456
298.66668515519774
295.9616172135635
295.17934847785693
294.377030610843
293.56097366742017
293.9668963521448
294.77258395093844
295.56112548891923
300.8764660240711
305.12595076874146
309.00052957210676
312.3901327905047
315.1187102844223
316.83672652827653
350.07350047171104
350.12145941558845
350.1463423466612
350.12145941558384
350.0735004717037
316.8367265282206
315.11871028436923
312.390132790456
309.0005295720643
305.1259507687084
300.8764660240488
295.5611254889117
294.77258395093367
293.9668963521423
293.55958503963086
294.3724056327926
295.17104818907507
295.94840618611545
298.6335727969693
303.0576831695156
307.14364364921005
310.8093525453773
313.9285570471068
316.2869831766225
350.0926115651592
350.13937113905826
350.13937113905604
350.0926115651527
316.28698317656864
313.9285570470563
310.80935254533216
307.14364364917225
303.05768316948775
298.63357279695293
295.94840618610687
295.1710481890691
294.37240563278885
293.5595850396296
293.9723980295481
294.78415912491397
295.5800787535445
300.9777701795391
305.3119518833123
309.30232178440025
312.8743125897935
315.92994025635466
318.32034567551864
350.0071144791823
350.1062922178223
350.1457429766066
350.10629221781704
350.0071144791717
318.32034567546253
315.9299402563015
312.8743125897451
309.30232178435904
305.3119518832798
300.9777701795166
295.58007875353667
294.7841591249088
293.97239802954556
293.5662155803288
294.39318092069016
295.20806185808317
296.00636014958445
298.7883925414824
303.39746626196245
307.7124827387883
311.7041586255482
315.34519619323066
318.6321071498466
321.65604471717097
349.74929236060404
350.0018030326125
350.12827757814256
350.12827757813903
350.0018030326016
349.7492923605863
321.6560447171108
318.63210714979
315.3451961931793
311.7041586255031
307.71248273875176
303.3974662619351
298.78839254146595
296.0063601495753
295.20806185807646
294.393180920686
293.56621558032754
293.9930382659833
294.82715164754705
295.6495443264903
301.3336679631612
305.9535446011399
310.307805388176
314.3972635640727
318.2548482201483
321.982646428633
325.82283976746527
349.17771577745134
349.745711939694
350.0462811290713
350.14207971772487
350.0462811290627
349.7457119396769
349.1777157774245
325.82283976740075
321.98264642857134
318.25484822009196
314.3972635640222
310.30780538813354
305.9535446011071
301.3336679631385
295.6495443264823
294.8271516475411
293.99303826598026
293.5793106209547
294.43282396777454
295.27798756337216
296.112951768143
299.073402638189
303.98466476658814
308.65406706760774
313.09368196594545
317.3381527374537
321.4615319920099
325.59902845169086
329.95420394498655
334.6043901515938
339.33711251455736
343.475616150404
346.42278862166677
348.20717317993115
349.26089983715366
349.8425085128342
350.1072692180129
350.1072692180082
349.8425085128203
349.260899837129
348.2071731798954
346.4227886216194
343.4756161503462
339.33711251449296
334.6043901515267
329.9542039449194
325.5990284516258
321.4615319919491
317.33815273739816
313.09368196589725
308.6540670675693
303.9846647665598
299.07340263817207
296.1129517681331
295.27798756336466
294.4328239677702
293.57931062095264
294.02228011895875
294.88853749513765
295.74832722399725
301.79008011643657
306.7444089226187
311.47441047912054
316.0097473110299
320.3987238405255
324.71266959052457
329.0338227885162
333.39252997753204
337.6768206267222
341.583145611912
344.7540962338979
347.0367686850065
348.54390795313844
349.47399895632515
349.97711090218365
350.1365876653359
349.97711090217325
349.47399895630457
348.5439079531062
347.0367686849632
344.7540962338444
341.58314561185045
337.6768206266561
333.3925299774641
329.0338227884489
324.71266959046
320.3987238404654
316.00974731097693
311.4744104790763
306.7444089225839
301.7900801164127
295.748327223988
294.88853749513146
294.02228011895556
293.59482408519705
294.48017926327617
295.3606396812212
296.2371626183851
299.370222409694
304.59246254895385
309.5790730632164
314.3571822861686
318.95861942307755
323.4218408787716
327.78244744400513
332.0459960300748
336.1480409998769
339.9314448478149
343.1886309597923
345.76907959051636
347.65562003539003
348.93509731973865
349.71828820493556
350.08887866818714
350.0888786681819
349.7182882049198
348.93509731971153
347.65562003535126
345.76907959046673
343.188630959734
339.93144484775087
336.1480409998093
332.04599603000605
327.78244744393777
323.4218408787077
318.95861942301906
314.3571822861185
309.5790730631753
304.59246254892315
299.37022240967565
296.23716261837467
295.3606396812134
294.48017926327134
293.59482408519534
294.05336292756186
294.95209498098956
295.84814394340725
302.21881026116023
307.44056062194585
312.43758074047315
317.2302933728214
321.8404868988026
326.2837217126668
330.5558636409868
334.6148293533784
338.3693821638796
341.6935810084614
344.4725652028386
346.6514584866889
348.24719943246555
349.3196265614856
349.9331472209287
350.1324678050503
349.9331472209174
349.31962656146345
348.24719943243167
346.651458486644
344.47256520278427
341.6935810084003
338.3693821638142
334.6148293533108
330.5558636409185
326.2837217126007
321.84048689874106
317.2302933727662
312.43758074042614
307.4405606219085
302.2188102611348
295.8481439433983
294.95209498098336
294.05336292755857
293.6092250931509
294.5242868290292
295.4362344924712
296.347903546055
299.6247164310185
305.08390213354977
310.2890758141535
315.2652355382339
320.0269368635325
324.5811438914433
328.92070419219914
333.0155619830841
336.8072029596052
340.2142292323481
343.15310283709454
345.56578492744234
347.4364107009548
348.7864368336696
349.65502884834416
350.0787947364386
350.07879473643277
349.6550288483263
348.7864368336415
347.43641070091576
345.5657849273931
343.1531028370374
340.2142292322852
336.8072029595392
333.0155619830165
328.9207041921321
324.5811438913792
320.0269368634734
315.2652355381825
310.28907581411096
305.0839021335182
299.62471643099957
296.34790354604456
295.4362344924638
294.5242868290247
293.6092250931494
294.0797130019932
295.0050935082477
295.92976060154035
302.5371677514585
307.9395391342161
313.0958966607628
318.01436719181135
322.69850042279097
327.14107399371886
331.31944886518914
335.19285153096206
338.70497256835915
341.7942028158182
344.4091123538839
346.52157520867155
348.13009682479344
349.2523958098621
349.9127465176186
350.1304604129142
349.91274651760693
349.252395809839
348.1300968247598
346.5215752086278
344.4091123538315
341.7942028157588
338.7049725682953
335.1928515308958
331.3194488651224
327.1410739936528
322.698500422729
318.01436719175547
313.09589666071514
307.9395391341783
302.5371677514329
295.9297606015318
295.0050935082421
294.07971300199034
293.6200256544678
294.55748912233236
295.49274243264887
296.42991504403653
299.7972612551704
305.40888683376664
310.7450193639475
315.82396483847464
320.65008525858195
325.21770391847616
329.50940314898315
333.4948643550478
337.1324498633267
340.3748662320012
343.17824842325
345.511376954835
347.3607280220477
348.72908315966623
349.6289868789268
350.07451413747566
350.07451413746946
349.6289868789095
348.7290831596376
347.36072802200925
345.5113769547879
343.17824842319544
340.37486623194104
337.1324498632624
333.49486435498153
329.5094031489165
325.21770391841227
320.6500852585227
315.8239648384222
310.7450193639042
305.40888683373413
299.7972612551511
296.4299150440266
295.49274243264176
294.55748912232787
293.62002565446664
294.09678606756523
295.0400711490039
295.9834609596804
302.7214863749813
308.23190506572905
313.47164466346686
318.4459521436903
323.1514676227916
327.5749472893795
331.6928209587821
335.4723766968789
338.87535694718196
341.8637960561858
344.40656703543897
346.4842077272615
348.0900744554349
349.2275685217634
349.90491788026134
350.1297022755569
349.90491788024974
349.22756852174075
348.0900744554022
346.48420772721977
344.406567035389
341.8637960561293
338.8753569471198
335.47237669681317
331.69282095871546
327.57494728931414
323.15146762272957
318.44595214363443
313.4716446634189
308.23190506569097
302.7214863749555
295.98346095967213
295.04007114899844
294.09678606756245
293.62643199231627
294.57577111734713
295.5234304605976
296.4728240962326
299.89888284260627
305.5753173303277
310.9718229109941
316.09495815254934
320.94395172295475
325.50930462867683
329.77236407026203
333.7061800698865
337.27805766303663
340.4537746801924
343.20263970412213
345.5018901681031
347.33891618126637
348.7105900065289
349.62016061240064
350.0730447885441
350.07304478853854
349.62016061238387
348.71059000650155
347.33891618122976
345.5018901680578
343.2026397040693
340.45377468013317
337.27805766297246
333.70618006981954
329.7723640701951
325.50930462861237
320.9439517228962
316.0949581524973
310.9718229109506
305.5753173302951
299.8988828425877
296.4728240962232
295.5234304605911
294.57577111734327
293.6264319923151
SCALARS potential_V double 1
LOOKUP_TABLE default
0.8
0.7970069898371408
0.7940021885258932
0.79097321056535
0.7879081566841302
0.7669974058702257
0.7457200823029463
0.7239852935889101
0.7017237635016067
0.678876865026477
0.6554087426041865
0.6313161307739013
0.6066354986277049
0.5814443303627024
0.5558539371001586
0.5299936564340654
0.5039896794498393
0.47794433891474253
0.4519219056766545
0.42594470328667416
0.3999999999994403
0.37405529671220905
0.34807809432223796
0.32205566108417155
0.2960103205491113
0.27000634356493053
0.24414606289888524
0.21855566963639073
0.19336450137143718
0.16868386922531467
0.14459125739520534
0.12112313497308906
0.09827623649812947
0.07601470641091297
0.05427991769692269
0.03300259412966552
0.01209184331578241
0.009026789434566557
0.005997811474037248
0.0029930101628155735
0
0
0
0
0
0
0
0
0
0
0
0
0
0
0
0
0
0
0
0
0
0
0
0
0
0.0029930338735143437
0.005998023257333974
0.009026911822401729
0.01209058072737806
0.03299799930822025
0.05427975307935052
0.07601501903379011
0.09827670420759405
0.12112374170767005
0.14459190260322397
0.16868431303561424
0.1933644157805831
0.2185547518431625
0.2441441703244729
0.27000359107735367
0.29600708752602056
0.3220525017642442
0.34807559028432083
0.3740539153669304
0.39999999999953867
0.42594608463215233
0.45192440971477676
0.47794749823487714
0.5039929124731338
0.5299964089218415
0.5558558296747718
0.5814452481561384
0.6066355842187791
0.6313156869638155
0.6554080973962758
0.6788762582919031
0.7017232957920534
0.7239849809659331
0.745720246920449
0.7670020006916544
0.7879094192725719
0.7909730881775602
0.7940019767426397
0.797006966126473
0.8
0.8
0.8
0.8
0.8
0.8
0.8
0.8
0.8
0.8
0.8
0.8
0.8
0.8
0.8
0.8
0.8
0.8
0.8
0.8
0.8
0.8
0.8
0.8
0.7879319677959291
0.7880069229046155
0.7881314839063484
0.7882985848921654
0.7885143917739746
0.7887622668877691
0.7890349325056156
0.7893111497393114
0.7895688728435883
0.7897795022079699
0.7899202262025995
0.7899691355966704
0.7899208389601979
0.7897808911905446
0.7895698826076837
0.7893113914022929
0.7890357853481499
0.7887638697462035
0.7885138824855085
0.7883005096162882
0.7881304075111721
0.7880085786896317
0.7879308570028257
0.01206914299712395
0.01199142131031835
0.011869592488778342
0.011699490383663393
0.011486117514443082
0.011236130253748583
0.010964214651802988
0.010688608597660588
0.010430117392269716
0.010219108809408316
0.0100791610397543
0.0100308644032815
0.01007977379735162
0.010220497791979087
0.010431127156358163
0.01068885026062852
0.010965067494314817
0.011237733112150181
0.011485608225936568
0.011701415107742055
0.011868516093564086
0.01199307709529854
0.012068032203987708
0.41527489041948684
0.4193098819115483
0.43200121222800886
0.4538148878779434
0.48336058372665663
0.5193086351984274
0.5588803073192808
0.5986161257215284
0.6352132605496094
0.6659642592705425
0.6896919322853698
0.7043073895832644
0.7091837944746804
0.7039051603245571
0.6895596210479735
0.6663595138712726
0.6349987645871419
0.5983960014705009
0.5589025642502156
0.519514104004752
0.4835132486736782
0.4534368477447651
0.4321339847154945
0.4196933917755542
0.09081620552492199
0.09569261041633925
0.11030806771420032
0.13403574072896474
0.16478673944981517
0.20138387427779922
0.2411196926799493
0.28069136480071244
0.3166394162724057
0.3461851121210534
0.36799878777093326
0.3806901180873538
0.38472510957938905
0.3803066082233114
0.36786601528337476
0.34656315225411877
0.3164867513252466
0.28048589599424384
0.2410974357489177
0.20160399852870345
0.1650012354121732
0.13364048612812604
0.11044037895152317
0.09609483967500718
0.7985047142147321
0.7955085285168242
0.7924943377386675
0.7894498290080388
0.7774983478937609
0.7564294516810613
0.7349398290341963
0.7129572152970229
0.6904147019264304
0.6672628348728172
0.6434801059492191
0.619082070987407
0.5941262931231699
0.5687097719740599
0.5429571135709355
0.5170009601136502
0.4909596150994655
0.4649184164582287
0.4389202316522852
0.41296723689426873
0.3870327631043122
0.3610797683463469
0.335081583540497
0.30904038489938634
0.2829990398853464
0.25704288642821116
0.23129022802522628
0.20587370687623413
0.18091792901208953
0.1565198940503754
0.13273716512684314
0.10958529807329168
0.08704278470274888
0.06506017096561
0.04357054831875649
0.02250165210612053
0.010550170991873713
0.007505662261263042
0.0044914714831301395
0.0014952857852492663
0.7970171926962781
0.7940223745255968
0.7910042225887673
0.7671256138969119
0.7459150437337663
0.7242495878454152
0.7020467143295741
0.6792394963710542
0.655783962856257
0.6316706876415544
0.6069349083439237
0.5816602971285846
0.5559720649905052
0.5300182581329635
0.5039432450753092
0.47786152081887373
0.4518402398657009
0.42589519568735457
0.39999999999938496
0.37410480431142745
0.3481597601331144
0.32213847917999744
0.29605675492363426
0.2699817418660632
0.24402793500860637
0.21833970287060733
0.1930650916553446
0.16832931235780654
0.14421603714322143
0.1207605036285569
0.09795328567015098
0.0757504121543841
0.05408495626608147
0.032874386102968535
0.00899577741115372
0.005977625474343168
0.0029828073036855165
0.7985175628509299
0.7955482803559764
0.7925616857060849
0.7895460281207329
0.7777081488509096
0.7568499405737789
0.7355596085575247
0.7137556067688201
0.6913522861756193
0.6682775817000958
0.6444882129932041
0.619986767996118
0.5948356782502338
0.5691600001323298
0.5431323691576923
0.5169406629832425
0.49074839728987074
0.4646625821677632
0.4387197785404325
0.41289209837838337
0.3871079016203547
0.36128022145833516
0.3353374178310599
0.30925160270902874
0.2830593370157481
0.2568676308413952
0.23083999986685189
0.20516432174903665
0.18001323200324318
0.155511787006262
0.13172241829947123
0.10864771382405121
0.0862443932309402
0.06444039144229806
0.04315005942608087
0.02229185114898902
0.010453971879189963
0.007438314293847842
0.0044517196439774614
0.0014824371490541938
0.7970605156455085
0.7941103510813816
0.7911388571048865
0.7676545098669924
0.7467974210872812
0.7254634812748915
0.7035467112554045
0.6809432489652755
0.6575655723744698
0.6333657884144034
0.6083637635856693
0.5826687122949169
0.5564780809107142
0.5300433281961525
0.5036101721804433
0.4773584539522947
0.4513672562944034
0.42561413816598725
0.39999999999937247
0.374385861832772
0.34863274370439784
0.32264154604657336
0.2963898278185076
0.269956671802891
0.24352191908842263
0.21733128770430832
0.19163623641363933
0.16663421158499825
0.1424344276250329
0.11905675103432595
0.0964532887443013
0.07453651872488513
0.053202578912560944
0.032345490132887046
0.008861142895038383
0.005889648918561612
0.002939484354459499
0.7985482438314802
0.7956381019517375
0.7927146649876011
0.7897649764775752
0.7782306846748094
0.7578600638626372
0.7370698325668286
0.7157352646507109
0.6937232026159009
0.6708959117258257
0.6471345601716314
0.6223808133548786
0.5966877196934741
0.5702539390387428
0.5434070311215435
0.5165229258458566
0.4899148215941188
0.46375088325941394
0.438035070626687
0.41263994253702546
0.3873600574616932
0.3619649293720657
0.3362491167394025
0.31008517840478583
0.2834770741531505
0.25659296887757194
0.22974606096047417
0.20331228030583176
0.1776191866445084
0.15286543982784312
0.12910408827373326
0.10627679738374138
0.0842647353490157
0.06293016743296304
0.04213993613720291
0.021769315325079107
0.010235023522339296
0.007285335012330593
0.004361898048218669
0.0014517561685050662
0.7971334807474766
0.7942613554204154
0.7913743479310722
0.7686294932748157
0.7484536849461262
0.7277946781851012
0.7065072836444544
0.6844107583243184
0.6613040476477032
0.6370087186302015
0.6114497252737571
0.5847537086308962
0.557300126888014
0.5296503797142222
0.5023574495154244
0.4757739514361894
0.4499773452751528
0.42481565888612727
0.3999999999993426
0.3751843411125785
0.35002265472361055
0.324226048562663
0.29764255048353616
0.2703496202848551
0.24269987311117866
0.2152462913683987
0.1885502747256239
0.16299128136925398
0.1386959523518283
0.11558924167528176
0.09349271635521285
0.07220532181463801
0.05154631505367364
0.03137050672504055
0.0086256520688522
0.005738644579531394
0.002866519252495685
0.7985903027704887
0.7957682196113106
0.7929393174953405
0.7900959806615321
0.7790112846598557
0.7594866184988207
0.7395724658973208
0.719128064379636
0.6979548253454991
0.6757845287661358
0.6522963606638578
0.6271968848297117
0.6003908210128316
0.5721814434567686
0.5433292997320318
0.5148029702927316
0.4873422155310168
0.46120546763852754
0.4362237663064642
0.4119896456390358
0.3880103543596281
0.3637762336922423
0.3387945323602598
0.31265778446788106
0.2851970297062938
0.25667070026712435
0.22781855654250935
0.1996091789865466
0.17280311516973912
0.14770363933564964
0.12421547123342634
0.10204517465411368
0.08087193562002841
0.060427534102407955
0.040513381500979426
0.02098871534001827
0.009904019338390975
0.007060682504601491
0.0042317803886533075
0.001409697229499543
0.7972287600965822
0.7944561008923859
0.7916799010379963
0.7700466500367328
0.7509053733519988
0.7313738049052505
0.7112770211790753
0.690332902569355
0.6681156475220842
0.6440693858453289
0.6176641859100932
0.5888050930505975
0.5582424047601771
0.5275763220307118
0.4983941519952342
0.4714029152285595
0.44643895201441863
0.42287541625307606
0.3999999999993419
0.37712458374562796
0.35356104798434157
0.32859708477028793
0.3016058480037222
0.2724236779683664
0.24175759523902451
0.21119490694871668
0.18233581408931301
0.1559306141541453
0.13188435247744176
0.10966709743022111
0.08872297882055329
0.06862619509443377
0.049094626647753985
0.02995334996310265
0.008320098961944819
0.005543899107573761
0.002771239903397726
0.798639016187995
0.795918822402672
0.7932015857538911
0.7904898079725993
0.7800162050833267
0.7616469209487581
0.7430250871310499
0.7240598759920256
0.7045381244983704
0.6840460029864787
0.661868753380246
0.6369586680728415
0.608233405310991
0.5757944314265572
0.5414841077502291
0.5089887834413267
0.4801052597809461
0.4548410942618704
0.43203434659777595
0.4105431792195957
0.3894568207791394
0.36796565340098925
0.34515890573695185
0.3198947402179548
0.2910112165576696
0.25851589224888
0.22420556857266444
0.19176659468833238
0.1630413319265715
0.13813124661923204
0.11595399701304965
0.09546187550120878
0.0759401240076133
0.056974912868658675
0.03835307905103286
0.019983794916557353
0.00951019202734277
0.006798414246067133
0.004081177597302512
0.0013609838119968034
0.7973275159136083
0.7946599552340264
0.7920049269626448
0.7717109021637176
0.7539095159569035
0.7359960380412384
0.7178941983681945
0.6993596028521978
0.6797849511576908
0.6579284659733745
0.631631454889274
0.5981516944545701
0.5196927798268606
0.486480483250149
0.4604099015324428
0.43859426153154496
0.4188837001210818
0.39999999999939534
0.381116299877718
0.36140573846728247
0.3395900984664281
0.3135195167487801
0.2803072201721417
0.20184830554464678
0.168368545110061
0.1420715340260482
0.1202150488417988
0.1006403971473474
0.08210580163140892
0.06400396195843441
0.04609048404285009
0.028289097836127035
0.007995073037311654
0.005340044765944526
0.0026724840863770398
0.7986835967656398
0.7960582323912582
0.7934486486450398
0.7908689242560213
0.7810462179923254
0.7639475605920868
0.7468870534895102
0.7299665850960635
0.7132144993212167
0.6964398431726575
0.6787934233509002
0.6581891264605759
0.46113549326248343
0.4412297183865852
0.42413338755193436
0.4079836900861783
0.3920163099126618
0.3758666124469143
0.3587702816122807
0.338864506736408
0.1418108735388001
0.12120657664856116
0.10356015682687153
0.08678550067837752
0.07003341490359888
0.05311294651022559
0.03605243940773061
0.01895378200757784
0.009131075743932201
0.006551351354926116
0.003941767608721176
0.001316403234353494
0.797404914544921
0.7948247630667269
0.7922750891762294
0.7731865550752958
0.7567139761905752
0.7405723058664578
0.7250321982864714
0.7103970021318717
0.6968765194164573
0.42523022266595945
0.41286482087135046
0.399999999999428
0.38713517912750794
0.3747697773329041
0.10312348058307147
0.0896029978677148
0.07496780171317897
0.059427694133261384
0.043286023809218234
0.026813444924574426
0.007724910823732033
0.005175236933246534
0.0025950854550654164
0.7987139903214907
0.7961496267309757
0.7936120671265952
0.7911226571810797
0.781788176515075
0.7656376797534419
0.7498467601185506
0.7348020042854824
0.7210765544360063
0.70959205004158
0.4146669183588012
0.40517044130497404
0.394829558693888
0.38533308164006297
0.0904079499580093
0.07892344556363366
0.06519799571421797
0.05015323988121721
0.03436232024639721
0.018211823484838238
0.008877342818876428
0.0063879328733724644
0.0038503732690047376
0.0012860096785023917
0.7974411474280277
0.794900877951952
0.792399388703371
0.7739328758617475
0.7581539857175691
0.7430206246798527
0.7291130137279566
0.717406709639172
0.7097754304849334
0.4147868011854689
0.408660363287868
0.3999999999994344
0.3913396367110019
0.38521319881340177
0.0902245695146653
0.08259329036045998
0.07088698627172631
0.05697937531989
0.04184601428224024
0.02606712413813173
0.007600611296591404
0.005099122048022691
0.0025588525719591718
0.7987185820915255
0.7961644706875668
0.7936385678959108
0.7911641114386782
0.7819104619336413
0.7659305847355665
0.7503696618707726
0.7356824172803389
0.7225725249099312
0.7122418574570228
0.4127325751809605
0.4046045288914811
0.39539547110740286
0.38726742481792575
0.0877581425426021
0.0774274750897335
0.0643175827193799
0.04963033812900841
0.03406941526428138
0.018089538066276955
0.008835888561280055
0.006361432104058169
0.003835529312414193
0.0012814179084680206
0.7974236967653592
0.7948639512838346
0.7923386075631952
0.7735702750345498
0.757447384775126
0.7418097393015843
0.7270688691255454
0.7138237779534926
0.7029972433839596
0.42026785867730976
0.4108381190388862
0.39999999999945085
0.3891618809600187
0.37973214132160293
0.09700275661564553
0.08617622204615093
0.07293113087414912
0.058190260698168926
0.0425526152246916
0.026429724965334755
0.007661392436768389
0.005136048716139761
0.002576303234627982
0.798697492833373
0.7960982553308483
0.7935201102973319
0.7909783850307236
0.7813708435602978
0.7646690454101912
0.7481392947022739
0.7319800930843396
0.7164030338358691
0.7015466201704927
0.6870959140994323
0.43408201955305814
0.42053281835458944
0.4068885755104677
0.3931114244884582
0.37946718164434495
0.3659179804458938
0.11290408590013302
0.09845337982911825
0.08359696616379407
0.06801990691538261
0.05186070529751204
0.035330954589660776
0.018629156439621642
0.009021614969234733
0.006479889702637637
0.0039017446691330246
0.0013025071666205774
0.7973578398793755
0.7947264403141415
0.7921150224136576
0.7722752778477256
0.7549916309363791
0.7377365651741393
0.7205406713414577
0.7032907442715036
0.6854987433852424
0.6657986579715475
0.45351152159362884
0.4342651519344723
0.41684658428813154
0.3999999999994749
0.38315341571082356
0.365734848064499
0.34648847840537195
0.13420134202796047
0.11450125661432535
0.09670925572812229
0.07945932865822948
0.06226343482561225
0.04500836906343842
0.02772472215216014
0.00788497758630645
0.0052735596858331105
0.002642160120611653
0.7986565721788254
0.7959719527254615
0.793295461651092
0.7906316805780471
0.7804073573832123
0.7624863686487234
0.7444140714229684
0.7261373413667083
0.7074881131771608
0.6880542608303628
0.666957608346273
0.642525728524743
0.6131685901212937
0.5778817935171316
0.5398036773516899
0.5046314612131187
0.47541256435807494
0.45095505472215625
0.42963805747887807
0.4097452972117392
0.3902547027872365
0.37036194252010934
0.34904494527685564
0.3245874356409775
0.29536853878599173
0.2601963226474954
0.22211820648214373
0.18683140987807212
0.15747427147470197
0.1330423916532434
0.11194573916921835
0.09251188682248612
0.07386265863300565
0.05558592857681339
0.03751363135112743
0.019592642616706634
0.009368319421911438
0.006704538348877726
0.0040280472745198165
0.0013434278211684968
0.797265046019663
0.7945303561361454
0.7917973171932479
0.7706303405069305
0.7519450076954475
0.7329432868306782
0.7134630916092466
0.6932013245548634
0.6716278847628119
0.6479310901532572
0.6212399362832413
0.5911368670939243
0.5585407272075636
0.525896483918086
0.4956268327993932
0.4685826237340492
0.4442666823372553
0.42172543116126154
0.39999999999949815
0.37827456883774113
0.3557333176617652
0.3314173762650031
0.304373167199705
0.2741035160810725
0.24145927279166735
0.20886313290538602
0.17876006371614828
0.1520689098462063
0.1283721152367225
0.1067986754447395
0.0865369083904263
0.06705671316906434
0.048054992304365635
0.029369659492952414
0.008202682806715586
0.005469643863829488
0.0027349539803241995
0.7986069195065757
0.7958212911735275
0.7930310683906473
0.7902336442049868
0.7793467253638054
0.760213248578736
0.7407144932626566
0.7207238116199587
0.7000229292135745
0.6782804981542996
0.6550488564981324
0.6298580412623053
0.6024572479148234
0.5731628847642597
0.5430366031408849
0.5134999365639275
0.48558698069725686
0.4595608117642875
0.4350923315885106
0.4115905644707218
0.3884094355282948
0.3649076684105181
0.3404391882347651
0.31441301930183185
0.2865000634352106
0.25696339685831354
0.2268371152350083
0.19754275208451813
0.17014195873711013
0.14495114350135618
0.1217195018452606
0.0999770707860561
0.07927618837974348
0.05928550673711725
0.03978675142111021
0.02065327463611155
0.009766355794971019
0.006968931609322063
0.004178708826453728
0.0013930804934180676
0.7971668747833652
0.7943274821887819
0.791476319607526
0.7691051761173278
0.7492478963942735
0.7289317307023467
0.7079888285332425
0.6861991929797522
0.6632929467541496
0.6389984296016428
0.6131550797724103
0.5858726224111139
0.5576400882613676
0.5292383263939844
0.5014380829603265
0.47469696439312015
0.44906871117086977
0.42430466478087797
0.39999999999951497
0.37569533521815757
0.35093128882818353
0.3253030356059615
0.29856191703879514
0.27076167360518894
0.24235991173786586
0.21412737758818823
0.18684492022696253
0.16100157039780236
0.13670705324536755
0.1138008070198368
0.09201117146641936
0.07106826929738723
0.05075210360553417
0.030894823882551742
0.008523680392437186
0.0056725178111930695
0.00283312521662247
0.7985615535135692
0.7956809460891476
0.79278839363055
0.789873965634659
0.7784718698343536
0.7583739281299966
0.7378486815520018
0.7167731022066539
0.6949913912511189
0.672326724438877
0.6486085961146946
0.623729194605196
0.5977218177327033
0.5708241806421538
0.5434670018376926
0.5161572459491623
0.48930886221075764
0.46312378847039026
0.43757659314753644
0.4124731216889179
0.3875268783101256
0.36242340685151847
0.3368762115286864
0.3106911377883523
0.28384275404999054
0.256532998161514
0.22917581935711331
0.202278182266631
0.17627080539420822
0.1513914038847815
0.12767327556067173
0.10500860874850199
0.08322689779304
0.06215131844776585
0.041626071869844954
0.02152813016556177
0.010126034365298103
0.0072116063694186725
0.004319053910833592
0.0014384464864241775
0.7970832897451547
0.7941580824583682
0.791213566340414
0.7679543571739071
0.7472982708606062
0.7261593076118258
0.7044173808475318
0.6819459783875108
0.6586279457733714
0.6343858437523231
0.6092231920096122
0.5832611272233287
0.5567444512083954
0.5299970604482379
0.5033360808261864
0.47698530169851205
0.4510289518886405
0.4254164036723256
0.3999999999995258
0.3745835963267321
0.3489710481104336
0.32301469830058893
0.29666391917295104
0.27000293955094495
0.2432555487908426
0.21673887277597131
0.19077680798975458
0.16561415624711384
0.14137205422613724
0.11805402161207047
0.09558261915212234
0.07384069238790249
0.05270172913919687
0.03204564282596987
0.00878643365954848
0.005841917541606325
0.00291671025483213
0.7985271627951601
0.7955750428056135
0.7926072563493379
0.7896106773654333
0.7778625216268581
0.7571408030030162
0.7359909398263328
0.7143153193446401
0.6920147454835055
0.6690001332709636
0.6452105031630877
0.6206363900990748
0.5953416911250053
0.5694718307202773
0.5432368359927141
0.5168684239781146
0.4905656995638825
0.4644519348665973
0.43855783512327706
0.4128318541996054
0.38716814579945724
0.3614421648757961
0.33554806513249646
0.3094343004352422
0.28313157602105027
0.25676316400649946
0.23052816927899208
0.20465830887432596
0.17936360990032357
0.15478949683638177
0.13099986672857736
0.10798525451610899
0.08568468065504811
0.06400906017343107
0.04285919699682278
0.022137478373054943
0.010389322634523173
0.007392743650630001
0.004424957194366952
0.001472837204833153
0.7970285557881587
0.7940459098167574
0.791040259460168
0.7672589469228313
0.7461445797692877
0.7245641923241014
0.7024324822710153
0.679673875562459
0.6562345316306046
0.6320971413577692
0.6072949644597064
0.5819189228711529
0.5561112561747796
0.5300432273942878
0.5038817985956914
0.47775646908903063
0.45173779034454886
0.4258333641895933
0.39999999999953445
0.3741666358094809
0.34826220965454063
0.3222435309100841
0.2961182014034574
0.26995677260490347
0.24388874382446227
0.2180810771281462
0.19270503553965673
0.16790285864166182
0.14376546836889742
0.12032612443711613
0.09756751772863405
0.07543580767562279
0.05385542023051142
0.032741053077043974
0.008959740539793974
0.005954090183216495
0.002971444211828534
0.798507568257284
0.7955165638878934
0.7925077803361017
0.7894680703858661
0.7775491298161255
0.7565147618333865
0.7350639246259824
0.7131161838000664
0.6906002120112077
0.6674623665601221
0.643677455660949
0.6192591853078185
0.5942665230340278
0.5688018226545274
0.542998293287461
0.5169982723706317
0.4909280332375657
0.4648768835314539
0.438886761044552
0.4129545562918697
0.387045443707206
0.3611132389545338
0.33512311646765136
0.3090719667615688
0.2830017276285407
0.2570017067117567
0.23119817734474318
0.20573347696530223
0.18074081469157666
0.15632254433851572
0.13253763343941485
0.1093997879884028
0.08688381619961892
0.06493607537377886
0.043485238166450155
0.022450870183787323
0.010531929614089757
0.007492219663866181
0.004483436112087081
0.0014924317427091132
CELL_DATA 2140
SCALARS material_region double 1
LOOKUP_TABLE default
0
0
0
1
0
0
0
1
1
2
0
0
0
0
0
0
0
0
0
1
1
1
0
0
0
0
0
0
0
0
0
0
0
0
1
1
0
0
0
0
0
2
2
0
2
0
0
2
0
0
1
0
0
0
2
2
0
0
0
0
0
0
0
0
0
0
0
0
0
0
0
0
2
0
0
0
2
2
0
2
2
1
2
1
1
1
0
0
0
0
0
0
0
0
0
0
2
2
0
0
2
1
0
0
0
0
0
0
0
0
0
0
0
0
0
0
1
0
0
0
0
2
2
1
0
1
1
2
2
2
0
0
0
0
0
2
2
2
0
0
0
0
0
0
0
0
0
0
0
0
0
0
0
0
0
0
1
2
2
2
2
2
0
2
2
0
1
2
0
2
2
0
0
0
0
0
0
0
1
1
1
1
1
1
0
0
2
2
2
1
0
0
2
2
2
0
0
0
0
0
2
0
0
0
0
0
0
2
0
0
0
0
0
0
0
0
0
0
0
0
0
0
1
1
2
2
2
2
0
0
0
0
0
0
0
0
0
0
0
0
0
0
0
0
0
2
2
2
0
0
0
0
0
0
1
2
2
0
0
0
0
0
1
1
1
1
1
0
0
0
0
0
2
0
0
0
0
2
0
0
0
0
0
2
2
0
0
0
0
0
0
0
0
0
0
0
0
0
0
0
0
1
1
0
0
0
2
2
2
0
0
0
0
0
0
1
0
0
0
0
0
0
0
0
0
0
1
0
1
1
1
1
0
0
0
0
0
0
0
0
0
0
0
0
0
2
2
0
0
0
0
0
0
0
0
0
0
0
1
0
0
0
0
0
0
0
0
0
0
2
2
0
0
0
0
0
0
0
0
2
0
0
1
1
0
1
0
0
0
0
0
0
2
2
2
2
0
0
0
0
0
0
0
0
0
0
0
0
0
0
0
1
1
0
2
1
1
0
0
0
0
0
0
0
0
0
0
0
0
0
2
2
2
0
0
0
0
0
0
0
0
0
0
0
0
0
0
1
1
1
1
0
0
0
2
2
2
0
0
0
0
0
0
0
0
0
0
0
0
0
0
0
0
2
2
0
0
0
0
0
0
0
0
0
0
0
0
0
0
0
0
0
0
2
0
0
1
1
1
0
0
2
2
2
2
0
0
0
0
0
0
0
0
0
0
0
0
0
0
0
0
0
0
0
0
0
0
0
0
0
2
0
0
0
0
2
2
0
0
0
0
0
0
0
0
0
0
0
0
0
0
0
0
0
0
0
0
0
0
0
0
0
0
0
0
0
0
0
0
0
0
0
0
0
0
1
0
0
0
0
0
1
1
1
0
0
0
0
0
0
0
0
0
0
1
1
1
1
0
0
0
0
0
0
0
0
0
1
1
0
0
0
0
0
0
0
0
0
0
1
1
1
1
0
0
0
0
1
1
1
1
1
0
0
0
0
1
1
0
0
1
1
1
0
0
0
0
0
0
1
0
0
0
0
0
0
0
0
0
0
0
0
0
0
2
2
2
2
1
1
1
2
0
0
0
0
0
0
1
1
1
0
0
0
0
0
0
0
0
0
0
0
0
1
0
0
0
0
0
0
2
0
0
0
0
0
0
0
0
0
0
2
2
2
2
1
1
1
1
1
1
0
0
0
0
2
2
0
0
0
0
0
2
2
2
2
0
0
0
0
2
2
2
2
1
1
0
0
0
0
0
0
0
0
1
1
1
1
0
0
0
0
0
0
0
0
0
0
0
0
0
0
0
0
0
2
2
2
0
0
0
0
0
0
0
0
0
0
0
0
0
0
0
0
0
0
0
0
0
0
0
0
0
0
0
0
0
0
0
0
0
0
0
0
0
0
0
0
0
0
0
0
0
0
0
0
2
2
2
0
0
0
0
0
0
0
0
1
1
1
1
0
0
0
0
0
0
0
0
0
0
0
0
0
0
0
0
0
0
0
0
0
0
0
0
0
0
0
0
0
0
0
0
0
0
0
0
0
0
0
0
0
0
0
0
0
0
0
0
0
0
0
0
0
0
0
0
0
0
0
0
0
0
0
2
2
2
0
0
0
0
0
0
0
0
1
0
0
0
0
0
0
0
2
2
0
2
2
0
0
0
1
1
1
1
0
0
0
0
0
0
0
0
0
2
2
2
2
2
2
2
2
2
2
0
2
2
0
0
2
0
0
0
0
0
0
0
0
0
0
0
0
0
0
0
0
0
0
0
0
0
0
0
1
1
1
1
0
2
2
2
2
2
2
2
2
2
2
2
2
2
2
2
2
0
0
0
0
0
0
0
0
0
0
0
0
0
0
0
0
0
0
0
0
0
0
0
0
0
0
0
0
0
0
0
0
0
0
0
0
0
0
0
0
2
0
0
0
0
0
0
1
1
1
0
0
0
1
1
0
0
0
0
0
0
0
0
0
0
0
0
0
0
0
0
0
0
0
0
2
2
0
0
0
0
0
0
2
2
2
2
0
0
0
0
0
0
0
0
1
1
0
0
0
0
0
0
1
1
1
0
0
0
0
0
0
0
0
0
0
0
0
0
0
0
0
2
0
0
0
0
0
0
0
0
0
0
0
0
1
1
1
1
0
0
0
0
0
0
0
1
1
1
1
0
0
0
0
0
0
0
0
0
0
2
2
2
2
2
0
0
0
0
0
0
0
0
0
0
0
0
0
0
0
0
0
0
0
0
0
0
2
0
2
2
0
0
0
0
0
2
2
2
2
2
2
0
1
0
0
0
0
0
0
0
0
0
0
0
0
0
0
0
0
0
0
0
2
0
0
0
0
0
0
0
0
0
0
0
0
0
0
0
0
0
0
0
0
0
0
0
0
0
0
0
0
0
0
0
0
0
1
1
1
0
2
2
2
0
0
0
0
0
0
0
0
0
0
0
0
0
0
0
0
0
0
0
0
0
0
0
1
1
1
0
0
0
0
0
0
0
2
2
2
0
0
0
0
0
0
0
0
0
0
0
0
0
0
0
0
0
0
0
0
1
1
1
1
0
0
0
0
0
0
0
0
0
0
0
0
0
0
0
0
0
0
2
2
2
2
0
0
0
0
0
0
0
0
0
0
0
0
1
1
1
1
1
0
0
0
0
0
0
0
0
0
0
0
0
0
0
0
0
2
2
0
0
0
0
0
0
0
0
0
0
0
0
1
1
1
1
0
0
0
0
1
1
1
1
1
1
0
0
0
0
0
0
0
0
0
0
0
0
1
1
1
0
0
0
0
0
0
0
0
0
0
0
0
0
2
2
2
0
0
0
0
0
0
0
0
0
0
0
0
0
0
0
2
2
2
2
2
2
0
0
0
0
0
0
1
1
1
1
0
0
0
0
0
0
0
0
0
0
0
0
2
2
0
0
0
0
0
0
0
2
0
0
0
0
0
0
2
2
2
0
0
0
0
0
0
0
0
0
0
0
0
0
0
0
0
0
0
0
0
0
0
0
0
1
1
1
1
1
1
1
1
1
1
1
0
0
0
0
0
0
0
0
0
0
2
2
2
2
0
0
0
0
0
0
0
0
1
1
1
1
1
0
0
0
0
0
0
0
0
0
0
0
0
0
0
0
0
0
0
0
0
0
0
0
0
0
0
0
0
0
0
0
0
0
0
0
0
1
0
0
0
0
0
0
0
0
0
0
0
0
0
0
0
0
0
2
2
2
2
0
0
0
0
0
0
0
0
0
0
0
0
0
0
0
0
0
0
0
0
0
0
0
0
0
0
0
0
0
0
0
0
0
0
0
0
0
0
0
1
1
1
1
1
0
0
0
0
0
0
0
0
0
0
0
0
0
0
0
0
0
0
0
0
0
0
0
0
0
0
0
0
1
1
0
0
0
0
0
0
0
0
0
1
1
1
1
1
1
1
0
0
0
0
0
0
0
0
0
0
0
0
0
0
0
0
0
0
0
0
0
0
0
0
0
0
0
0
0
0
0
1
1
1
1
1
0
0
0
0
0
0
0
0
0
0
2
2
2
2
2
2
0
0
0
0
1
1
1
0
0
0
0
0
0
0
0
0
0
0
0
2
2
2
2
2
0
0
0
0
0
0
0
0
0
0
0
0
2
0
2
0
0
0
0
0
0
0
0
0
0
0
0
0
0
0
0
1
1
1
1
1
1
0
0
0
0
0
0
0
0
0
0
1
1
1
1
1
0
0
0
0
0
0
0
0
0
0
0
0
0
0
0
0
0
0
0
0
0
0
0
1
1
1
0
0
0
0
0
0
0
0
0
0
0
0
2
2
2
2
2
2
0
0
0
0
0
0
0
0
0
0
2
2
2
2
2
2
0
0
0
0
0
0
0
0
0
0
0
0
0
0
0
0
0
0
0
0
0
0
0
0
0
0
0
0
0
0
0
0
0
0
1
1
1
1
0
0
0
0
0
0
0
0
0
0
0
0
0
0
0
0
0
0
0
1
1
1
1
1
1
0
0
0
0
0
0
0
0
0
0
0
0
0
0
0
0
0
0
0
0
0
0
0
0
0
0
0
0
0
0
0
0
0
0
0
0
0
0
0
0
0
0
0
0
0
0
0
0
0
0
0
0
0
0
0
0
0
0
0
0
0
0
0
0
0
0
0
0
0
0
0
0
0
0
0
0
0
0
0
0
0
0
0
0
0
0
0
0
0
0
0
0
0
0
0
0
0
0
2
2
2
2
2
2
0
0
0
0
0
1
1
1
1
1
1
0
0
0
0
0
0
1
1
1
1
1
1
2
2
2
2
2
2
0
0
0
0
0
0
1
1
1
0
0
0
0
0
0
0
0
0
0
0
0
0
0
0
0
0
0
0
0
0
0
0
0
2
2
2
0
0
0
0
0
0
SCALARS quality double 1
LOOKUP_TABLE default
0.9999999999999998
1.0000000000000002
1.0000000000000002
0.7999999979024509
1.0000000000000002
0.7999999979024515
1
0.7999999979024512
0.7999999979024515
0.8020705700332902
1
1
1
1.0000000000000002
1.0000000000000002
1
1
0.9816710084322945
1
1
1
0.9681456674049904
1.0000000000000002
0.8066013663634778
0.989730236475148
1.0000000000000002
1.0000000000000002
0.7999999979024508
0.8137192700216087
0.8518140591067875
0.9864353638732148
0.8631845582286612
1
0.863428882888531
0.8518140591067882
0.9584723839534706
0.916535489310185
0.9774423572995152
1
1
1.0000000000000002
0.6405677381290941
0.9951225755370727
0.9999999999999998
1.0000000000000002
0.9921387542565807
1
1
1
0.9999999999999998
1
1
1
1
0.9999999999999998
0.8137250602214025
0.8717143999822333
0.9999999999999998
1
0.9999999999999998
1
0.9999999999999998
1
1.0000000000000002
1.0000000000000002
1.0000000000000002
1
1
1.0000000000000002
1
0.9999999999999998
1
1
1.0000000000000002
1
1.0000000000000002
1.0000000000000002
1.0000000000000002
1.0000000000000002
0.9816710084322948
0.9999999999999998
0.7786720575848668
1
0.9910563305406931
0.9921387542565805
1
1.0000000000000002
1.0000000000000002
1
1
0.9999999999999998
1
1.0000000000000002
1.0000000000000002
1
1.0000000000000002
0.9618858771253151
0.9704658179824226
1
1
1.0000000000000002
0.9999999999999998
0.9999999999999998
1
0.9816710084322948
0.9618858771253133
1
1.0000000000000002
1
1.0000000000000002
0.9694610275799561
0.9282592116316314
1
1.0000000000000002
1.0000000000000002
0.7046637151095767
0.7046637151095773
1.0000000000000002
0.9999999999999998
1
1.0000000000000002
0.9921387542565804
0.9910563305406925
1
1
1
1
1.0000000000000002
0.743093909066532
0.6405677381291304
0.9910563305406928
1.0000000000000002
1.0000000000000002
0.9552341687490454
0.9651728893182375
0.8496600785691882
0.8621566496632046
0.9327867706979681
1
0.8496600785692067
0.6405677381291113
1.0000000000000002
1
1.0000000000000002
1.0000000000000002
0.9999999999999998
1
0.9999999999999998
1
1
0.9999999999999998
0.9999999999999998
1
1
0.9999999999999998
0.9999999999999998
0.7831441071552308
1.0000000000000002
1.0000000000000002
1.0000000000000002
1.0000000000000002
0.6450561765687114
1
0.7831441071552502
0.967417703256195
0.9999999999999998
0.9910563305406933
0.9999999999999998
1.0000000000000002
0.9694610275799511
0.6534635608431766
0.9999999999999998
0.9999999999999998
1
1
1
0.9999999999999998
0.9732427225647736
0.9989217770250793
0.9988699332866737
1
1
1
1
0.9849138673448502
1
0.690610977824158
0.9774423572995097
0.985433291495516
0.9674177032561925
1.0000000000000002
1
1
0.9999999999999998
0.9062863255276639
1
1
0.9999999999999998
1
0.9999999999999998
0.9816710084322948
0.8940178424870151
0.9470059790626122
0.9999999999999998
0.9999999999999998
1
1
1
1.0000000000000002
0.974219010995916
1.0000000000000002
0.7999999979024506
0.9999999999999998
1.0000000000000002
1
0.8940178424870151
0.9999999999999998
1
0.9999999999999998
1
0.9999999999999998
1
0.9999999999999998
1
1
0.9955699827671891
0.9816710084322948
0.9816710084322948
1
1.0000000000000002
1
1
1.0000000000000002
1.0000000000000002
0.8717143999822333
1
1
1
0.9774423572995128
1
1
0.9999999999999998
1.0000000000000002
0.9999999999999998
1.0000000000000002
0.8137192700216038
0.9897302364751506
0.8066013663634727
0.7151051131452754
0.9999999999999998
1
1.0000000000000002
0.9999999999999998
1
0.9816710084322948
1
1
0.9999999999999998
1
1
1
0.9999999999999998
1
0.9999999999999998
1
0.8496600785692074
0.9618858771253137
1.0000000000000002
1.0000000000000002
1.0000000000000002
1
1
0.9955699827671889
1.0000000000000002
1
1.0000000000000002
1
1.0000000000000002
0.9062863255276589
0.8717143999822373
0.9999999999999998
1
1
0.8631845582286625
0.9282592116316313
1
1
1
0.9999999999999998
0.9816710084322945
0.9999999999999998
1
0.896958223574831
1.0000000000000002
1.0000000000000002
1.0000000000000002
1
1
0.9999999999999998
1
1.0000000000000002
0.9955699827671888
0.9951225755370726
1
1
0.9999999999999998
1
0.8292527579044247
0.9826108482949653
1
1.0000000000000002
0.947005979062612
0.8527967171401898
0.9778961404755323
1
0.6808745925822764
0.680874592582276
1
0.9999999999999998
1
1
1
1
1.0000000000000002
1.0000000000000002
0.7999999979024508
0.7999999979024509
0.9816710084322944
0.9999999999999998
1
0.9704658179824213
0.640567738129112
1
1
1
1
0.9999999999999998
1
1
1
1
0.9999999999999998
0.9999999999999998
1
1.0000000000000002
0.9854332914955165
0.6808745925822952
0.977896140475535
1
1
0.9999999999999998
1
1
1
1
1
1
0.9999999999999998
0.9999999999999998
1
1
1
1
1
1
1
0.9999999999999998
0.9999999999999998
1
0.851814059106769
0.9584723839534693
0.9816710084322947
1
0.9999999999999998
1
1
1
1
1
1
0.7901717633753319
0.6351622422070947
0.6351622422070953
0.7480569904844642
0.7480569904844635
0.8518140591067873
1
0.9999999999999998
0.5755042187662092
0.9651728893182369
0.9816710084322948
0.9816710084322948
0.9864353638732158
0.7506038109191308
1
0.8634288828885288
0.7999999979024519
0.7999999979024509
1
1
1
1
1
1
1
1
1
0.9999999999999998
1.0000000000000002
1.0000000000000002
0.799999997902452
0.9999999999999998
1
1
0.9999999999999998
0.6906109778241504
0.8020705700332706
1
1
0.6906109778241506
1
1
0.974219010995914
0.9999999999999998
1
1
1
0.9999999999999998
1
1
0.9999999999999998
1
1
0.9836826759763798
1
0.9732427225647768
1.0000000000000002
1.0000000000000002
1.0000000000000002
1.0000000000000002
1.0000000000000002
1.0000000000000002
0.9988699332866738
0.7831441071552121
0.9999999999999998
0.6534635608431598
1
0.9704658179824216
0.9618858771253141
0.8496600785692059
0.9774423572995126
0.9999999999999998
1
0.9999999999999998
0.7151051131452895
0.9999999999999998
1
1.0000000000000002
1
0.9999999999999998
1
0.8020705700332705
1
1
1.0000000000000002
1.0000000000000002
1.0000000000000002
0.8649747141286447
0.9422623372231916
0.9999999999999998
0.8958316422276262
1
1
0.9826108482949659
0.8292527579044625
1
1
1
1
0.9999999999999998
0.981671008432294
1.0000000000000002
1
1
1
0.9999999999999998
0.9999999999999998
1
1
1
0.9999999999999998
1.0000000000000002
1
0.6450561765686958
0.7999999979024515
1
0.9282592116316334
0.9694610275799537
0.8631845582286816
1.0000000000000002
1.0000000000000002
0.9989217770250797
0.9988699332866738
1
1
0.47625541771469354
1
1
1
1
1
0.9999999999999998
0.9999999999999998
0.9999999999999998
0.9854332914955161
0.9826108482949655
1
1
0.9999999999999998
0.9999999999999998
1
1
0.9999999999999998
0.802070570033252
0.9999999999999998
0.6906109778241429
1
1
1
1
1
1
1.0000000000000002
1
0.9999999999999998
1
1
1
1
1
0.7999999979024509
0.7999999979024509
0.7999999979024508
0.9816710084322948
1.0000000000000002
0.7999999979024506
0.7999999979024508
1.0000000000000002
0.7999999979024521
1.0000000000000002
1
1
1
0.864974714128644
0.942262337223192
0.9999999999999998
1.0000000000000002
1.0000000000000002
1
1
0.9999999999999998
1
1
1
0.9999999999999998
1.0000000000000002
1
1
1
1
0.9999999999999998
0.9999999999999998
1
0.9999999999999998
1
0.9999999999999998
0.9999999999999998
1
1
1.0000000000000002
1
0.8137192700216096
0.8066013663634787
0.9897302364751472
0.7999999979024506
1.0000000000000002
1.0000000000000002
0.7999999979024508
0.7999999979024508
1.0000000000000002
1
0.9999999999999998
1
1
1
1
1
0.8634288828885327
1
1.0000000000000002
0.7999999979024506
1.0000000000000002
1
0.9999999999999998
1
1
1
1.0000000000000002
0.9999999999999998
1
1
1
1
1
0.9999999999999998
1
1
1
0.9999999999999998
1
1
1
1
1
1
0.9999999999999998
1
1
0.9694610275799539
0.6534635608431683
1
1
1
0.9999999999999998
0.8657394307843745
0.5434270312060433
0.6647111779336068
0.7203636299271071
0.896958223574831
1
0.6647111779336075
0.9816710084322948
0.7203636299271076
0.799999997902452
0.7999999979024509
0.7999999979024508
0.98491386734485
0.8958316422276266
1
0.9854332914955161
0.9999999999999998
1
1
1
0.9999999999999998
0.7506038109191331
0.8292527579044241
1
1.0000000000000002
1
1
1.0000000000000002
1.0000000000000002
1
0.9618858771253128
0.9704658179824208
1
1
0.9999999999999998
1
1
0.8137192700216143
0.9999999999999998
1
1
1
1
0.9999999999999998
1
0.9999999999999998
0.9999999999999998
0.9999999999999998
1
0.8770448671856085
1
1
1.0000000000000002
1.0000000000000002
1.0000000000000002
1.0000000000000002
0.7506038109191372
0.986435363873213
0.8292527579044432
0.9864353638732128
1
1
1
0.9816710084322948
0.9816710084322948
0.9999999999999998
1
0.8649747141286401
1.0000000000000002
1.0000000000000002
0.6808745925822587
1
1
0.9999999999999998
1
1
1
1
1
0.9999999999999998
1
0.9993443067848714
0.9993674155849073
1
1
0.9999999999999998
1
0.9999999999999998
0.9999999999999998
1
1
1
1
1.0000000000000002
1.0000000000000002
1.0000000000000002
1.0000000000000002
0.799999997902452
1.0000000000000002
1.0000000000000002
1.0000000000000002
0.9999999999999998
1
0.9999999999999998
1
1
1
0.9999999999999998
1
0.9999999999999998
1
0.9999999999999998
1
1
1
0.9552341687490473
1
1
1
0.9999999999999998
0.9999999999999998
0.9999999999999998
0.9999999999999998
0.9999999999999998
1.0000000000000002
0.8527967171401939
0.9470059790626103
0.8717143999822333
1
0.9999999999999998
1
1
1
0.9999999999999998
0.9165354893101887
0.9669992287644268
0.9999999999999998
0.9955699827671891
0.9951225755370725
1
0.9816710084322948
1
0.9999999999999998
1
0.9816710084322948
1
1
1
0.9999999999999998
1
0.9999999999999998
1
1
0.9999999999999998
1
0.9999999999999998
0.9999999999999998
0.9999999999999998
0.9999999999999998
1
1
1
1
1
1
1
1
0.9704658179824214
0.9618858771253139
0.9999999999999998
0.9999999999999998
1
1
1.0000000000000002
1.0000000000000002
1
1.0000000000000002
0.9999999999999998
0.9669992287644262
1
1
0.9999999999999998
1.0000000000000002
1.0000000000000002
1.0000000000000002
1.0000000000000002
1
0.9999999999999998
1
1
1
1.0000000000000002
1
1
1
1.0000000000000002
1.0000000000000002
0.9999999999999998
0.9816710084322948
0.9816710084322948
0.9816710084322948
1.0000000000000002
1.0000000000000002
1
0.9999999999999998
1
0.9993674155849073
0.9999999999999998
1
1.0000000000000002
1
0.9999999999999998
1
1
1
1
1
1
0.9999999999999998
1.0000000000000002
1
1.0000000000000002
1
1
1.0000000000000002
0.7999999979024508
0.7999999979024508
0.7999999979024506
1
0.9816710084322948
0.9816710084322948
0.9816710084322948
1
1
0.9999999999999998
1
0.7999999979024508
1.0000000000000002
1.0000000000000002
0.7999999979024508
0.7999999979024508
1.0000000000000002
0.9999999999999998
1
0.9999999999999998
1
0.9999999999999998
1
1
1
1
1
0.9999999999999998
0.9993674155849073
1
0.9999999999999998
1
1
1.0000000000000002
1.0000000000000002
1
1
0.9999999999999998
1
1
1
1
1
1
1
0.986435363873209
0.7506038109191455
1
1
1.0000000000000002
1
1.0000000000000002
1
1.0000000000000002
1
0.9999999999999998
1
1
1
0.9999999999999998
1
1
0.9999999999999998
0.9816710084322948
0.7046637151095965
0.9921387542565812
0.8137250602214009
0.8137250602214391
0.9910563305406935
0.9910563305406931
0.9921387542565808
0.7046637151095595
1
0.9327867706979704
1
0.8621566496632289
0.9999999999999998
1
1.0000000000000002
1
1
1
0.9999999999999998
0.9999999999999998
1
1.0000000000000002
1.0000000000000002
1.0000000000000002
0.7999999979024508
1
0.9999999999999998
1
1
1
1
0.7999999979024494
0.9817261112129886
0.8899495880180732
0.9817261112129942
0.8899495880180677
0.8658451507450168
0.865845150744978
1
1
1
1
0.9999999999999998
1
1
0.9999999999999998
1
1
1
1
1.0000000000000002
1.0000000000000002
1
1.0000000000000002
1.0000000000000002
1.0000000000000002
1.0000000000000002
0.9849138673448521
0.8958316422276256
0.9422623372231904
0.7046637151095777
0.9921387542565808
0.6808745925822764
0.9854332914955163
0.9816710084322948
0.8631845582286997
0.9282592116316348
1
0.9999999999999998
0.8634288828885376
0.9999999999999998
1
1
1
1
1
0.7151051131452754
1
0.7999999979024508
0.7999999979024508
0.7999999979024532
1
1
1
0.9999999999999998
0.9651728893182376
0.9732427225647733
0.8527967171401909
1
1
0.9999999999999998
0.9552341687490441
0.9651728893182372
0.5434270312060354
0.8657394307843665
1
0.5755042187662164
0.9999999999999998
1.0000000000000002
1.0000000000000002
1.0000000000000002
1.0000000000000002
1.0000000000000002
1.0000000000000002
1
1
1
1
0.9999999999999998
1
1
0.9999999999999998
1
1
0.9999999999999998
1
1
0.9999999999999997
0.9999999999999998
1
0.9951225755370727
0.9817261112129942
1
0.9999999999999998
1
0.9999999999999998
1
0.9999999999999998
0.9826108482949657
0.8292527579044429
0.7506038109191393
1
0.9999999999999998
1
0.6351622422070949
0.7480569904844631
1.0000000000000002
1
1
1
0.9999999999999998
0.9816710084322948
0.9816710084322948
0.9816710084322948
0.9999999999999998
0.7999999979024506
1
0.9999999999999998
0.7999999979024508
0.7999999979024508
1.0000000000000002
0.7999999979024507
1
1
0.9999999999999998
1
0.7430939090664931
0.9989217770250792
0.7869537090115286
1
1
0.8770448671856123
0.9999999999999998
0.8969582235748296
1
1
1
0.9999999999999998
1
1
1
0.9999999999999998
0.9816710084322937
0.9816710084322948
0.9816710084322948
0.9816710084322948
0.6534635608431659
1
0.9999999999999998
0.896958223574832
1
1
0.9742190109959192
0.9732427225647704
0.9282592116316329
1
1
1
0.7999999979024515
0.7999999979024509
0.9999999999999998
1
0.7999999979024515
1
1.0000000000000002
0.9569598813738183
1
1
0.9999999999999998
1
1
0.982610848294965
0.985433291495516
0.9774423572995152
0.9999999999999998
1
0.9999999999999998
1
0.7999999979024508
1
0.9999999999999998
0.9165354893101862
0.7999999979024508
1.0000000000000002
0.7999999979024506
0.7999999979024508
1
0.9999999999999998
1.0000000000000002
0.9999999999999998
1
1
1
0.9999999999999998
0.981671008432295
0.981671008432294
0.9816710084322948
1
1
0.9999999999999998
0.9999999999999998
1
0.9999999999999998
1
1
0.9999999999999998
0.9999999999999998
1.0000000000000002
1.0000000000000002
1.0000000000000002
1.0000000000000002
0.8658451507449783
0.9999999999999998
0.8899495880180677
0.9062863255276589
1
1
0.9999999999999998
1
1
1
1
1
0.9999999999999998
1
1
0.49004880379509896
0.9822290582540506
1
0.4762554177146849
0.8940178424870103
0.9999999999999998
0.9999999999999998
1
0.9999999999999998
1
1
1.0000000000000002
0.8496600785692255
0.849660078569187
0.8066013663634833
0.9897302364751439
1.0000000000000002
0.9999999999999998
1
1.0000000000000002
0.9669992287644262
1
0.9999999999999998
1
0.9999999999999998
1
1
0.9999999999999998
0.9955699827671888
1
1.0000000000000002
1.0000000000000002
1
0.9999999999999998
1.0000000000000002
1.0000000000000002
1
1.0000000000000002
1
1
0.9999999999999998
0.9999999999999998
1
1
1
0.799999997902452
0.7999999979024509
0.7999999979024508
0.7786720575848479
1
0.9999999999999998
1
1
0.9999999999999998
1
0.9999999999999998
1
1
1
1
0.9999999999999998
1.0000000000000002
1
1.0000000000000002
1
1.0000000000000002
1
1
1
0.9999999999999998
1
0.9999999999999998
0.9999999999999998
1
1
1
0.9999999999999998
1
1
1
1
0.9999999999999998
0.9774423572995126
1
0.9999999999999998
0.8621566496632102
0.8621566496632486
0.9327867706979721
0.9674177032561897
0.9674177032561949
0.9327867706979688
1.0000000000000002
1
1
0.9999999999999998
0.9999999999999998
1
1
1
1
1.0000000000000002
1
0.8137192700216048
1
1
1
0.9999999999999998
0.9897302364751502
0.8066013663634738
0.9816710084322954
0.9816710084322948
0.9999999999999998
0.8137250602214197
0.7151051131452824
0.9817261112129915
0.9816710084322948
0.9816710084322945
0.981671008432295
0.9999999999999998
1.0000000000000002
1.0000000000000002
1.0000000000000002
0.9816710084322948
0.9816710084322948
0.9816710084322948
1.0000000000000002
1.0000000000000002
1.0000000000000002
1.0000000000000002
0.9822290582540512
0.9836826759763798
0.4900488037950952
0.9822290582540512
1
1
1
1
1
1
0.9681456674049904
0.9584723839534706
1
1
0.9999999999999998
0.9999999999999998
1.0000000000000002
0.9999999999999998
1
0.9999999999999998
1
1
0.9999999999999998
1
1
1
1
0.9999999999999998
1
0.9999999999999998
1
1
1
1
1
0.9999999999999998
1
1
0.6351622422071133
0.9681456674049913
0.9584723839534715
0.851814059106807
0.8518140591067684
0.6351622422070775
1.0000000000000002
1
1
1
1
1
1
1
1
0.9999999999999998
1
0.8020705700332711
0.9951225755370726
1
0.6906109778241508
1.0000000000000002
0.9999999999999998
1
1.0000000000000002
1.0000000000000002
1
1
0.9999999999999998
1
0.9999999999999998
1
1
1
1
0.9999999999999998
0.9999999999999998
0.664711177933589
0.7203636299270889
1
0.9999999999999998
1
0.9999999999999998
0.9999999999999998
1
0.9999999999999998
1
1
0.9999999999999998
1
1
0.9999999999999998
1
0.9999999999999998
1
1
1
0.9999999999999998
0.9999999999999998
0.9584723839534701
0.9681456674049908
0.9999999999999998
0.9999999999999998
1
1
1.0000000000000002
0.9999999999999998
1
1.0000000000000002
1.0000000000000002
1
1
0.9999999999999998
1
1
1
0.9999999999999998
0.9999999999999998
0.9816710084322948
0.9816710084322946
0.877044867185609
0.8770448671856089
0.7869537090115286
0.6647111779336062
1
0.720363629927107
0.9955699827671888
1
1.0000000000000002
0.9999999999999998
1.0000000000000002
1.0000000000000002
1
1
0.9999999999999998
0.9988699332866736
1
0.9999999999999998
1
1
1.0000000000000002
1.0000000000000002
1.0000000000000002
1.0000000000000002
1.0000000000000002
1.0000000000000002
0.7300765515352519
1.0000000000000002
0.790171763375323
0.9569598813738177
1.0000000000000002
1
1
0.9999999999999998
1
1
0.9999999999999998
1.0000000000000002
1
1.0000000000000002
0.9999999999999998
1
1.0000000000000002
1
0.9999999999999998
1
0.9999999999999998
0.9999999999999998
1
1
1
1
0.9999999999999998
1
1
1
0.9999999999999998
1
1
0.7046637151095586
0.6808745925822582
0.9999999999999998
1
1
0.9999999999999998
1
1
0.9999999999999998
0.9993443067848713
0.9989217770250797
0.7430939090664944
0.9704658179824212
0.6405677381290946
0.9999999999999998
1
0.7999999979024532
0.7999999979024508
0.7999999979024506
1
0.9999999999999998
0.9999999999999998
1
1
1
0.9999999999999998
1
1
0.9999999999999998
1
1
1
1
1
1
1
0.9999999999999998
1
1.0000000000000002
1.0000000000000002
1
1
1.0000000000000002
1
1
1
1
0.9897302364751476
0.8066013663634778
0.8137192700216088
0.9999999999999998
0.9999999999999998
1
1
0.9816710084322948
0.981671008432295
0.9816710084322944
0.9816710084322948
1
1
1
0.9999999999999998
1
1
0.7480569904844824
0.9993674155849073
0.9993443067848713
0.7786720575848867
0.7480569904844445
0.9993674155849073
1
0.9999999999999998
1
0.9999999999999998
1
1
0.6450561765687027
1
1
0.7786720575848671
0.9993443067848713
0.9999999999999998
1
1
0.9999999999999998
1.0000000000000002
1
1
1.0000000000000002
1.0000000000000002
1
1
0.9999999999999998
0.9999999999999998
1
0.9999999999999998
1
1
0.9999999999999998
0.9999999999999998
1
1
1
1
0.9999999999999998
1
0.9816710084322948
0.9816710084322954
0.9816710084322948
0.9999999999999998
1
1
1
1
0.9999999999999998
0.9674177032561929
0.9327867706979701
0.86215664966323
0.8621566496632294
0.9999999999999998
1
1
1
1
1
0.9816710084322937
0.8527967171401875
0.9778961404755305
0.9470059790626131
1
0.9999999999999998
1
0.9816710084322948
1
0.7999999979024506
1.0000000000000002
1
1.0000000000000002
1
0.9999999999999998
1
0.9999999999999998
1
1
1
0.8657394307843665
1
0.5434270312060372
1
0.5755042187662133
0.6450561765687045
1
1
0.7786720575848662
0.9993443067848714
0.9816710084322948
0.9816710084322948
0.9816710084322948
1
1
0.9999999999999998
1
0.9999999999999998
1
0.9816710084322948
0.9816710084322948
0.9816710084322948
1.0000000000000002
0.9999999999999998
1.0000000000000002
1
1
1.0000000000000002
1
0.730076551535246
0.7901717633753109
0.9569598813738174
1
1
0.7506038109191373
0.9826108482949657
0.8292527579044439
1
0.9999999999999998
1
0.9999999999999998
1
1
1
0.7999999979024515
1
1.0000000000000002
1.0000000000000002
0.4762554177146935
0.49004880379509347
1.0000000000000002
0.9999999999999998
1.0000000000000002
1
1
1.0000000000000002
1
0.9999999999999998
1
0.6534635608431658
0.9694610275799541
1
0.8634288828885325
0.8631845582286808
0.9282592116316332
1
0.7430939090665126
0.640567738129112
1.0000000000000002
1.0000000000000002
1.0000000000000002
1.0000000000000002
1.0000000000000002
1.0000000000000002
0.7999999979024508
0.7999999979024509
0.7999999979024506
1
1
1
1
0.6450561765687046
0.9674177032561926
0.93278677069797
0.9999999999999998
1
1
1
0.9742190109959167
0.9778961404755327
1
1
0.7300765515352526
0.7901717633753236
0.9569598813738182
0.8658451507449968
1
0.9062863255276615
0.8899495880180707
1
1
1.0000000000000002
1.0000000000000002
0.9999999999999998
1.0000000000000002
1
1.0000000000000002
1.0000000000000002
1.0000000000000002
1.0000000000000002
1.0000000000000002
1.0000000000000002
0.7999999979024508
0.7999999979024509
0.7999999979024506
0.8658451507449969
0.9999999999999998
0.9062863255276613
0.8899495880180707
1
1
1
1
1
1
1.0000000000000002
1.0000000000000002
1.0000000000000002
1
1
0.9999999999999998
1
1
1
1
0.9999999999999998
1.0000000000000002
1.0000000000000002
1.0000000000000002
1.0000000000000002
0.9817261112129915
0.7151051131452827
0.8137250602214215
0.813725060221421
0.7151051131452826
0.9817261112129917
0.9816710084322948
0.981671008432295
0.9816710084322944
0.9999999999999998
1
1
1
1
1
0.802070570033252
0.9951225755370725
1
0.9999999999999998
0.6906109778241429
1
1
1
1
1
1.0000000000000002
1
1
0.9816710084322937
0.9816710084322948
0.9816710084322948
0.7203636299270889
0.7203636299271261
0.664711177933589
0.6647111779336253
0.9999999999999998
1
1
1
1
0.9999999999999998
0.9999999999999998
0.9999999999999998
1
1
1.0000000000000002
1.0000000000000002
1.0000000000000002
1.0000000000000002
1.0000000000000002
1.0000000000000002
1
1
0.9999999999999998
1.0000000000000002
0.9999999999999998
0.9999999999999998
1
0.9999999999999998
1
0.9999999999999998
1
0.9999999999999998
1
1
1
1
0.8899495880180707
1
0.8658451507449976
0.9062863255276615
1
0.9999999999999998
1
1
0.9999999999999998
1
1
0.5434270312060262
1
0.8657394307843587
0.5755042187662216
0.9999999999999998
1.0000000000000002
0.7999999979024509
1.0000000000000002
0.7999999979024532
1.0000000000000002
0.7999999979024508
1
0.9999999999999998
1
1
1
0.9999999999999998
0.8631845582286801
0.9864353638732122
0.8634288828885345
1.0000000000000002
1.0000000000000002
1.0000000000000002
1.0000000000000002
1.0000000000000002
1.0000000000000002
0.9999999999999998
1.0000000000000002
1.0000000000000002
1
1
1.0000000000000002
1.0000000000000002
1.0000000000000002
1.0000000000000002
1.0000000000000002
1.0000000000000002
1.0000000000000002
0.9999999999999998
1
1
1
1
0.9999999999999998
1.0000000000000002
1.0000000000000002
0.9681456674049901
0.9584723839534693
0.6351622422070774
0.9681456674049901
0.7480569904844453
0.9993674155849073
1.0000000000000002
1
1.0000000000000002
1.0000000000000002
1.0000000000000002
1.0000000000000002
1
1
1
1
1.0000000000000002
1
1
1.0000000000000002
1
1.0000000000000002
1
1
1.0000000000000002
1
0.9999999999999998
1
0.7999999979024515
1.0000000000000002
1
0.7999999979024509
0.7999999979024515
1
0.7999999979024506
0.7999999979024532
1.0000000000000002
0.7999999979024508
0.7430939090665113
0.9989217770250791
0.9988699332866735
0.7831441071552322
0.7831441071552326
0.7430939090665118
0.9989217770250793
0.9988699332866737
1
0.8649747141286491
0.942262337223193
0.9999999999999998
1.0000000000000002
1
1
1
1
1
1.0000000000000002
1.0000000000000002
1.0000000000000002
1.0000000000000002
1.0000000000000002
1.0000000000000002
0.9816710084322957
0.9816710084322937
0.9816710084322948
0.9999999999999998
1
1
0.9999999999999998
1.0000000000000002
1
1
1
0.9999999999999998
1
0.9999999999999998
1
0.9816710084322948
0.9816710084322937
0.9816710084322948
0.9999999999999998
1
0.9999999999999998
0.9999999999999998
1
1
1
0.9999999999999998
1
0.7300765515352564
0.9849138673448482
0.8958316422276275
1
1
1
0.9999999999999998
1
1
1
0.9999999999999998
1.0000000000000002
1.0000000000000002
1.0000000000000002
1.0000000000000002
1.0000000000000002
1.0000000000000002
1.0000000000000002
1.0000000000000002
1.0000000000000002
1.0000000000000002
1.0000000000000002
1.0000000000000002
0.9999999999999998
1
0.9999999999999998
1.0000000000000002
1
1.0000000000000002
1.0000000000000002
1.0000000000000002
1.0000000000000002
1.0000000000000002
1.0000000000000002
1.0000000000000002
0.9999999999999998
1
1
1
1
0.9999999999999998
1
0.49004880379508997
0.9822290582540513
1
0.8940178424870197
0.47625541771470403
0.7999999979024515
0.7999999979024509
0.7999999979024508
0.9999999999999998
1
1
0.9999999999999998
0.9999999999999998
1
0.9999999999999998
1
1
0.9999999999999998
1
1
1.0000000000000002
1
1.0000000000000002
1
1
1.0000000000000002
1.0000000000000002
1.0000000000000002
1.0000000000000002
1.0000000000000002
1.0000000000000002
1.0000000000000002
1
0.9552341687490495
1
0.9999999999999998
0.9165354893101905
0.9669992287644267
1
0.9999999999999998
1
0.9999999999999998
1
1
1.0000000000000002
1.0000000000000002
0.6450561765686942
0.7786720575848486
0.9993443067848711
0.9999999999999998
0.9999999999999998
1
0.9999999999999998
1.0000000000000002
0.9999999999999998
1
1
1
0.9999999999999998
1
1
0.9816710084322939
0.9816710084322948
0.9816710084322945
1
0.9999999999999998
0.9999999999999998
1
0.9999999999999998
1
1
1
1
0.9999999999999998
1
1
1
1
1
0.7999999979024509
0.799999997902451
0.7999999979024512
0.9999999999999998
1
1
1
1
0.9999999999999998
1
0.9999999999999998
1
1
0.9999999999999998
1
0.9999999999999998
1
1
1
1
0.9999999999999998
0.9999999999999998
1
0.9999999999999998
1
1
1
0.9694610275799562
0.6534635608431575
0.7831441071552138
0.9999999999999998
1
1
1
0.9999999999999998
1
SCALARS heat_flux_magnitude_W_m2 double 1
LOOKUP_TABLE default
29751.4434072174
26961.659572546156
22015.88054972234
38227.2843246156
18419.70788760336
30148.794074874106
29811.524915452857
38020.7584900284
38068.32670688425
37543.893577206276
33271.60560652881
32200.984475290887
29949.281621388494
23423.538518810034
23419.84747124044
29895.165558550834
34539.008213178524
34540.02260067101
14638.91440681295
36311.93795119093
36926.55692570434
36316.961516702075
5802.375818596359
33676.538328589246
33947.68893810472
30142.10611904868
11754.862074443745
11776.97111440263
34436.72021702193
35131.631369522394
29581.960463588228
29478.003637792208
28331.141523543825
29600.407086233474
35678.46340831615
36395.472598748864
1720.4483057116804
36361.710719623254
29837.50005395236
30545.46543190614
351.08920883899555
33661.072221866925
37941.658860900236
29836.19396009712
36926.556926625664
33252.59431078378
21369.426820844707
36910.73407648474
6863.570003604331
6954.4694062599
35134.6119116823
23461.209115138958
21709.819290798445
1476.0231195324513
32450.4505510946
35585.92681562877
31690.88048310267
34170.44081386988
26196.722790649703
25566.932224066637
27746.24348758336
27801.507362869703
2799.8193384250712
1392.2462119456811
1377.7631203025232
2815.6903412461565
30141.400023172857
31690.892107354466
30100.64777349795
5606.823893948519
29284.495305059725
29155.040587768515
37739.43817385574
5811.730226087366
24178.420209433236
20549.853152786312
36320.34452768841
36311.937950714215
26627.82578941811
37906.70092503044
37908.929106053845
37829.683435902516
37339.161238238084
34335.894367530105
34333.36670519073
35138.64551438935
20633.067679929445
21347.972656419875
25796.641638803434
25730.65887834279
35366.64897539406
10228.710195119284
5689.1695729589965
4072.0427353344453
26632.45833990919
17785.107063529475
33195.00179654991
33211.7002751302
27830.15856948843
27790.85573355229
37329.846368223596
33486.31262330448
3932.2332034737165
2755.9193471051058
37343.86068958712
32132.555806228702
25031.685890353725
25004.694412230037
27200.249549493816
30124.620528336258
29116.44987575073
29244.307551737187
28315.223510823485
23419.84747134943
23423.53851891858
32613.44493036525
33218.40497814951
25371.42995716455
32085.357000964428
30110.413792074152
31686.39170996362
34925.78453735075
34942.098016722615
35888.31447052017
5659.913861886299
33826.75572928059
33404.98843606036
37737.95075169081
32037.930797384935
31963.797055439136
33318.685939149516
26150.814792487563
24804.42223647803
24115.61725949689
31640.667002444952
34776.86658212915
38175.134359285585
38055.488233290125
28752.974505300157
33258.93790611318
31383.457817924416
23890.54628405374
25998.273858174958
26016.548467139208
25605.769208482736
16276.846175010887
388.2601015641454
2076.4871209218063
1963.8352001548237
3988.869005065944
3926.430004268139
17953.22539425836
17749.789982159004
27713.013891492206
2576.186511489507
31292.644977376254
32877.89339370793
37893.04739029564
37897.46749404195
38070.5569059342
37727.01541874003
38007.519481046766
30112.88226454938
30776.456446935033
38023.75130933651
28459.901845075095
34942.09801685072
33465.86094876983
8738.087743936017
30643.47475646386
30448.92532799467
20420.502850895504
25099.54601471675
34054.68234367875
10125.635722255687
6888.666864647177
7498.681644921175
37368.734361892966
33116.69971724024
33121.90225626385
32645.035889581934
33401.62554582147
32737.975604608186
32730.306321042608
10672.18092336707
28754.382184523733
37509.81898393831
37106.97966860036
33671.81669062639
38023.75130483124
23890.54628374304
25998.273857721702
36523.15458440832
36508.293204464615
37077.21769248737
1774.7055537753508
620.6941485327487
257.2524987969082
4309.269823745996
32231.02378742065
38018.186639882864
16089.562175102956
4136.626957752472
32021.83042791268
30796.795106556223
30776.06616447315
32091.39446416879
32994.03328732396
14835.54002116325
33083.79377992479
22808.93930568604
22821.88457712032
8578.44418546121
32254.788328903815
30796.779751640617
35336.40830562331
32859.6095032766
30877.340520931204
29406.36490963442
3766.330415286584
5977.552876430848
6236.980595573776
36501.09656555581
35880.75369584853
37981.78672128382
37882.52368674765
38202.87508925358
37976.44418953354
6554.178706448346
7237.054981141823
7256.146308299079
8701.285054107102
31178.79678821857
31272.38216377073
4503.24765591643
27695.65201757306
7851.804626162488
7455.673105760007
36361.710719712406
1879.444440099819
3926.4300042028885
4210.8311946808635
20606.432233578187
23209.87702904461
23217.38965501871
35620.607378967
35354.58148502075
35120.10110155464
34746.44087837876
33465.15250204341
33468.37762579172
28290.045038012384
23309.35812293188
23793.131218441948
38143.69510252927
37732.927331183695
37974.088124402355
381.8136621194426
28637.34212603921
28809.418995936772
27402.621311828752
28768.97163799799
31094.386954770143
31950.86258949821
34086.74907874977
34005.31697971704
33195.00179666229
7302.90850192997
7307.937990356271
23217.389655044295
23209.87702907908
29593.55937668165
37860.479292119846
27790.47061407378
27758.414914347868
28648.481148159924
28454.036616084937
35679.63286612203
36281.16994969922
31690.880483067478
23646.52371423094
26196.72279071327
27746.243487647076
32766.803170370986
32695.638457453093
31798.660215290594
33452.21113102483
28192.499804955532
23793.131218481114
21554.60330575405
26265.960377237756
23023.509881072743
31221.639050424856
30983.7974553248
30985.21113454198
31686.39171002299
33505.57814779478
28826.266672582944
29379.938565724144
29419.01045669384
16196.52536923996
37860.47929223332
37858.1253100397
28629.661014208352
27591.161170547603
27744.430788376
33084.35155997608
33297.24642620422
33680.77373863267
28727.00243091918
27281.72246297199
28811.309313133308
36840.12538386359
32075.681760865355
28575.288193608758
33157.82077984242
32615.269816406326
175.51327031524852
140.11497314507142
358.8803911784711
830.7301642323084
30006.20837967371
28134.417000174002
8791.634482121824
22808.939335691328
22821.88460955218
37984.35071447088
10268.312707401828
36875.04597587206
36869.51907921556
33211.70027523732
31963.797055533567
26150.81479242399
27199.904473027065
27214.755514743483
24804.422236417966
26157.078101968145
26347.579056744788
25542.655279186572
23297.65882491244
24852.467834249823
24853.454756998493
23023.509881110473
24847.443603263
26511.61444832381
32434.901529266786
33157.82077975205
8066.703751750613
9953.924706076337
12180.764247349252
23583.778398072776
23461.209115092104
19963.52230154449
20309.240171551042
21709.8192907588
22953.50877753599
20760.77654152807
22444.095384256347
32103.68859084993
27801.507362933524
29510.345699362042
27674.442061198693
25661.914635310954
26851.630434597813
27744.430788389527
27733.295105254503
25917.12045388715
28287.128374433723
29849.33128358029
36009.2245095846
36466.857996860235
27288.26904971271
22098.977632387632
30458.462653087438
30470.3363442178
30048.800790976235
32013.854454905253
422.50305713033947
55.08022955013439
35691.641515276395
10211.48910390918
36599.82842876293
36992.00233964302
36904.589162144024
36609.97776797496
36009.22450968501
2733.1718641308607
1456.059247965112
33868.77454906444
31640.66700239015
18923.20733348951
20328.985336132384
32895.92118182336
33098.0187267956
33080.33208514195
32854.29539959432
13247.360695540692
11776.9711431529
31776.397882259556
31491.223250761213
15220.666823869165
13434.587101894984
25722.31302467974
23583.77839811942
25713.449167899882
25566.932224121905
22953.50877758165
23309.35812297709
33273.18211861473
32658.782925253014
10298.726832999144
35248.811070980126
35421.18505108054
30875.045091985114
32477.738404070522
37437.90303921722
37602.052357423236
25917.120453842967
29849.331283539934
36791.02652769834
35917.70613464756
28268.194810692727
33083.79377992448
30877.340520929592
26511.614448258428
24847.44360320231
8641.269168564697
8698.234798723417
3620.3417841505448
3532.591834406186
34446.797359472184
34442.28610109561
33487.68016795385
23830.702358084058
27713.341994324477
37368.73436189536
29259.185624862166
29257.19143841639
27410.677529608816
27411.292315880994
28288.538403776744
28443.405517767307
30047.777737655993
29710.030101262855
28629.661014125166
29560.675386051662
28599.84966250317
34156.55129019703
34208.856195879496
34776.866582245566
37188.520079728914
28932.77815070892
28287.128374400258
27511.265872700627
35509.19242956045
35134.61191157686
35138.64551428374
17785.10706572133
5977.552876356208
6236.980595498844
5129.272068202287
37100.82944123593
14028.626779548706
10213.188248136823
13261.463031200254
11754.862074615525
10277.22413269643
21514.153218559793
21634.502187884955
23583.678279889355
13022.233311618002
16504.954179701315
18922.755110676233
32291.704965825957
31602.04197698153
30065.074190556166
30017.096376889924
29309.543269680107
28668.85874931313
32535.117106742706
33712.42347529458
13425.691333087605
10312.898777016411
4210.8311947494385
1879.444440147279
7188.154087826824
2472.967232063517
4496.685187600127
4834.859940879261
10326.919379354966
10213.188248066068
21347.972656780003
21369.42682114534
37902.431715273044
37307.43617484438
30838.517304595654
30326.224915262206
30643.474756552067
30582.83461653302
34917.886995922505
34344.88495266183
31455.7531659668
31376.800036901055
32412.25147264215
32170.223633129997
37610.161172646374
30112.882264534444
29059.07636147907
28003.868317714037
30545.465431887467
28752.974505266076
29837.500053929627
620.6941484789799
2076.4871208655545
31107.42745560192
31158.112486363203
31465.218462558492
29551.67269942489
31540.842735435654
30077.18235294397
33452.211130945536
31798.660215219938
31776.39788218914
37100.829441135036
35917.706134562795
36791.02652760176
28003.868317718
29059.07636149706
26157.078101961702
26347.57905673725
34603.03052706338
21827.97475640963
20898.470852289003
23999.789533829706
24213.01333322572
32229.263089954537
31542.25620410328
33468.37762587089
13303.45509995066
216.66577317751944
7351.836286041015
8820.676354404595
10298.726790442506
5831.107415816867
17553.959297903693
17570.579535222038
14712.905331392714
14694.289744568208
16147.000005843762
16199.67271932107
27150.728841425
28932.778150742546
1886.0073268101569
1660.7720047143148
1624.2526147421797
753.3251336898367
25371.42995489602
23101.538938089023
22444.095384222648
19866.70138978787
20760.776541497937
27362.000987514468
28223.08343107693
27093.60540086546
28754.38218457714
28192.49980501188
28492.30285792837
20770.944781510174
20324.70865578996
19126.05024708468
19136.12923317786
830.7301641565846
1127.8795428383175
2472.9672319762876
2608.6931012054156
37651.78850900448
5012.69367307529
5129.272068275014
3984.835176522666
26627.825788259295
26632.458339441113
35620.60737906892
35120.10110166064
35354.581485116796
31058.01363859638
31052.210903800675
29215.718518034017
29222.538574445818
30148.79407745352
30142.650421462607
14938.995025183538
14939.581484082222
13305.840127812291
13524.041570743128
31108.524976485976
31859.32667960897
31840.891208284083
30563.357063119867
16102.664233617586
19939.336484304604
17570.579550570546
17553.959324549916
1196.0096292064798
1127.8795429070476
1124.9132750208607
2608.6931012924547
17953.225394293942
35876.76152125716
35138.7741607461
33271.6056074525
33709.60426005969
27772.73937046866
29674.44367353798
29623.11056655436
33471.96634783527
33465.152502120145
7217.079569114382
5563.911373442959
4260.031592109225
31542.25620421237
31546.93981835552
32093.75906028786
31945.72677682201
23310.077100966577
21781.22422480012
21792.680299556105
31851.157862150827
32642.42263962052
32675.854085791798
32810.643268021144
32229.26309004771
32227.739105403416
17942.1199036108
16744.98993346503
35460.497370498604
37356.073120804926
38114.55938530271
38114.55938530271
19882.62199071332
26518.62313174163
38062.72596861747
38202.87508940197
38028.31363566293
21565.869980160216
20289.42972710773
18938.030062300782
446.16755472381794
547.1822498849893
687.9754083216167
32434.90152938463
34166.34301122772
33043.41189744633
34598.137223797734
34594.01200445289
29510.345699292346
30140.48189550247
30574.22293383607
1886.0073268620679
30772.241576010005
30752.63097487272
30110.41379170031
29895.165558608915
29333.40390811193
29302.666790609546
34208.856195781795
34156.551290109855
34600.918261081955
33404.98843597929
35421.78381724251
35963.069052919105
35964.36655616852
35237.13436577008
8392.133122032412
8196.385172324268
9696.934527605219
10325.900721502698
12309.589352344941
12082.241524213068
34446.79735959585
35249.169707019246
34669.1780683768
29728.011663653397
30629.407142246037
25797.307871634526
26284.832008239275
26288.67358464944
25135.03078950403
25377.396460328884
24082.850100925974
24089.38873352269
30140.481895578283
29581.9604636692
30574.22293391059
31077.598590729616
4240.14183819395
17793.026775638238
18808.933791880638
28251.31454320916
29222.630899348478
5784.8440029668745
37734.78624289832
1660.772004760795
20549.853156153054
23101.53894148276
32615.26981633081
31491.223250687442
28607.642620486044
28168.429834792823
28880.028143038347
28258.105370477762
14344.120739586944
34665.993520761294
34145.83720389402
34148.7453928393
33841.1611779364
37501.44469243023
37507.444178841004
36910.73407560709
37737.950740030086
37339.16124047583
37329.84637068538
29379.938565667137
28809.418995890122
28637.342125991232
29836.193960042623
34086.74907866276
34097.95776802626
13810.589654919577
12047.355744824517
10259.664794147347
10329.678051939029
4444.851027467049
35722.66131446559
36371.92893258261
35877.33553318592
35876.761521069915
26383.592897665556
26335.37712390485
24853.45475700186
26171.213756865334
37500.83982342954
37515.24987464166
37745.82076568354
37416.509125718236
37024.67691441213
36495.93441359515
2581.699532686531
2737.7739110034595
5204.950171005069
2349.6312929155956
33546.06653813152
33543.61238882604
32534.66207079664
2381.820408702792
37884.642700636476
37883.29796146493
37647.589610590425
37985.186807457576
30142.6504196352
9291.604426277287
4136.626957812794
4503.247655978599
27791.60459486352
28268.194810681205
30735.577895132206
25093.99042421071
687.9754083572901
753.3251337305168
1720.4483056616602
932.0713074158693
35270.2396652128
37033.30997485166
37055.662490685056
35925.06302159891
7310.2255025460945
35421.185050955326
35249.169706899775
34669.17806825575
22864.629046009617
22860.482158118004
21852.173839144238
22501.957192322432
24355.489393705524
21317.694753853026
21287.713335785214
21829.969136118903
29214.584748348872
29380.794828210575
31390.815930480054
27884.423564037195
27986.974587939236
29292.336897979127
821.2229921545791
864.9422077399204
662.8720781593668
253.0366396255373
30875.04509193222
29751.443407163635
271.08502876790016
307.7254635012344
301.9772057326597
31959.560819514503
32132.555806319455
30428.853272947657
30470.525686747635
30158.212685760056
32231.023787508067
2907.988721668168
4293.271019110328
4306.827506444377
1470.337844081196
22860.482158135703
932.0713074620876
1129.7504682097847
422.50305716022314
423.27854458128263
20606.432233448286
20633.06767983526
17323.390744137883
18419.70788789806
12569.488541404344
8578.444185551574
32571.432560056826
33706.303010106036
32499.357487110792
32495.074098979632
33401.62554573991
32730.306320950946
32737.97560451665
10277.224138536809
7307.937998155493
11766.418016398722
11761.988390658651
10268.312707344121
8785.210679922138
5689.169572481333
7014.4223738316605
36967.840434623984
37334.47289613426
37336.98146700283
37477.54281311587
31038.312329198885
31851.465970653822
22733.86082742869
22098.977632430244
21451.31982850796
25473.730949906712
24521.30167475336
24199.174375723385
27093.605400822034
28492.302857884344
27733.295105210582
27150.728841386866
22191.18527593956
22175.06101657251
23090.24944507535
23895.874319322902
24558.750173844608
24565.323221194005
21565.870023943793
20289.42969930859
18938.030097805273
11841.195654329009
23986.944281660417
21554.60330578059
22864.62904602771
27713.34199432083
27982.591138996344
24163.290946200974
2878.318186834557
5888.22390227548
5844.268067572065
7302.908513578317
7351.836357400207
8820.676301261272
8791.634465710844
26335.37712390861
26383.592897668444
27591.161170561318
24178.420209389726
25730.658878302715
25796.641638763333
26607.52554555596
29157.360067392696
28341.52563152676
28358.779794353388
28671.55450289294
36624.20174998512
35322.649033323185
34917.88699634526
34912.33943995173
16739.738884461116
2537.9895828945046
4109.277587463048
7455.673105678009
7851.804626065488
4496.685187501902
4309.269823658041
4834.859940790989
6554.178706365857
27411.29231876074
27410.677530765464
28443.405516834777
28288.538401645787
31077.598590646452
31053.66789395044
31840.89120817601
19478.422192942562
19494.65349738459
18434.890250865315
17776.52518919892
16529.2444418212
16534.78589364217
786.8350169277179
2055.2001759713226
32925.43619427676
5770.541010008612
5839.367907587414
4353.30930810901
4359.763329770625
33546.06653806811
32791.24057474839
32791.19817206458
33218.404978066115
34333.366705117245
34507.279156716264
35159.08666728764
34335.89436745663
33318.685939067414
33252.594310701745
32613.444930289872
32471.57685324479
38055.48823277087
38051.82133939123
38175.13437368907
20754.583550031814
22518.460726218116
1504.0316067955814
28671.55450291623
28358.779794376456
28827.662181146745
28341.52563155673
28966.009873378967
29157.360067428184
37883.297968281084
38051.82132179338
37985.18679333226
37984.35070097645
32512.850360518274
32514.168627809988
31950.862589409222
31945.726776733252
32227.739105310262
32471.57685314144
1675.5761420353958
35900.81883443759
36142.25823912487
35052.24133801521
35351.705738961275
36528.71053762165
36116.22879352968
2381.8204086360897
352.57347159669735
2755.9193470291657
3333.8972438491355
3220.3642403326767
1694.5480791925202
2433.22643426894
1086.5382691294483
1047.7384459010998
30772.241575900345
30752.630975112326
31690.89210797991
31153.14968375338
32207.44354222222
32200.984475347494
1392.2462119910533
2537.989582726174
4109.277587497699
4072.0427353870846
446.1675547467622
547.182249911481
1624.2526147910535
34344.84967637691
34925.78453747465
34344.84967637691
33671.816690741914
4377.641401496635
30582.83461644904
30326.22491516331
31094.386954666803
31108.524976380497
30563.357063058796
34976.88393248645
34977.323153588215
35137.7907104437
35138.774160611036
34351.1067304487
35725.43837765687
35832.40418376468
35421.78381711885
38068.32669448887
38020.758508670355
38227.28432169676
25542.655279188995
24852.46783425273
23310.077100979444
23297.65882492528
4439.85461258341
17188.21889565109
9291.60442618659
5204.950171096325
2737.7739110757457
2581.6995327592035
2349.6312929765377
4439.854612702049
37356.073120835325
35460.49737053526
33505.57814782401
33868.774549084155
28826.266672617472
19022.27739598446
19015.558670252893
21657.47923377044
21665.397929115337
20562.642089782206
20274.499133435333
14344.120739663602
14596.288060564295
11934.321367564335
12180.764247438163
9953.924706167523
10228.710195194624
1447.1935411952727
413.44764579227194
2886.78470080681
19198.42336097237
23350.64529842286
23324.649037866555
23854.61053914452
35270.23966529119
35274.20974141596
35925.063021683374
37055.66249078164
36134.517102345126
31946.139494051396
31934.41386857873
33362.6506314405
33365.5590797403
33043.91701940441
32085.357001026154
33680.77373874956
33297.24642630899
33098.01872689311
24355.48939369453
24365.26283274339
24141.7030324563
37086.61019121937
37086.61019121937
7014.4223738514365
3220.3642402674623
2433.22643420302
1086.5382690656988
1047.7384458362842
5831.107415884381
8785.210679981681
7310.225502611521
5839.367907654415
23995.202697804918
17802.59801402733
17793.026775594833
3022.2939586344028
1675.576235577287
418.4973327005286
837.3145319912585
7188.154087893757
5770.541010081288
5784.844003039131
8780.073465479069
33661.072221865834
33116.69971713824
26536.37976121154
26518.623131783323
25093.99042423986
33150.115703130716
30735.577895149247
31221.639050445407
32604.10486208042
31859.326679501035
31991.739996618184
31956.513140442345
15119.99092675069
18916.932868630916
20294.622733153323
20420.502850844343
13223.604799802184
30144.992081359724
31037.385868609694
31946.711554114845
30448.925328077818
31293.734112838745
18916.932868698277
19882.62199077907
15119.99092681521
11603.66237355833
12805.480212092307
17188.218895741626
32695.638457549143
32512.85036061722
32514.16862790895
34595.97298763459
34601.06231506991
35524.74045604966
35368.83097604892
36434.89997398015
36439.37647546812
33635.888423968354
31904.544996691933
10695.05828781585
18593.064637771182
29674.443673472895
29623.110566489555
31465.21846248548
29551.672699354804
31158.11248628726
31107.42745552555
37188.520079613954
28758.041166562554
30458.462653148246
30048.80079104119
30006.208379738087
28255.780949957745
26821.04776056017
26839.271349759572
22130.95785604983
25145.700718469376
27259.769171008378
27268.26328441712
26218.418901701993
33381.0471710745
34665.99352088254
34148.74539292947
34145.837203985866
786.8350168548702
1983.4560042303126
2055.2001758645015
295.8556026429869
23986.944281650172
26212.464787013992
25181.173502300397
36320.3445281476
35679.63286633248
35725.43837767665
35722.66131447473
26281.38620572129
26171.21375686975
24365.262832754095
24141.703032470145
33043.91701934134
34598.13722371982
8786.741991125475
8776.46110014343
10294.637754548485
10281.414695382973
36738.00745195476
36607.69634769086
36307.136047439584
37075.21241517115
36607.361598680196
301.9772057591759
307.7254635290726
271.0850288001444
47.08841139799915
1129.7504681536725
1124.9132749641788
358.8803911311075
388.26010151970416
423.2785445505755
1196.0096291374705
25415.214277087995
23998.1461765175
18185.133353873094
17338.168764079637
16089.56217518948
15098.80455408056
29223.537638005033
8392.133121958645
8196.385172249518
9696.934527533633
10325.900721432465
17880.77515154913
34005.31697957239
33258.93790602604
34483.16078590119
34909.81481815083
36434.89999887474
21035.047210751967
18593.064637805215
16986.839050295748
17813.150729810823
33833.264881641706
33826.755729153796
33471.66016743058
33486.31262322059
33008.076902874796
34345.51189378331
2930.321549644225
37882.52368685159
8532.851458064559
8405.908448572083
7075.137833268545
6374.806023288648
5343.287760786024
5261.314802372555
28727.002430868684
28584.567622105737
28223.08343098043
28409.339653006467
34953.13493166426
34964.911834872175
33362.650631370416
33365.55907966978
33471.96634775871
34594.01200437512
26218.418868671266
25145.700748938645
23995.202655585555
37844.70960538238
27713.013891455932
27402.621311792
25839.340155356844
28768.971637967752
28844.365798519004
27884.423564007902
11972.961337892106
12023.461186677378
13540.123127711564
13944.944893573685
15445.527410478018
15463.778455276988
19494.65349651831
19478.422191842878
17776.52519209452
18434.890251061883
16534.78589308653
16529.244441004466
28575.28819354417
30470.525686664645
30428.8532728646
26821.047760555848
26839.27134975576
28517.58353522616
28542.396842825863
27516.03951407648
27922.44497579164
1320.145820061369
1341.2644346592422
396.64845757745206
322.12736016884446
1320.1458199921037
1341.264434590103
37106.97966872326
37005.161252133796
37014.73295209846
37723.62775379412
38102.52678676035
38115.489534262546
37977.817665720024
37252.78818623434
37334.13896366823
25582.83201516908
25684.115145069514
27570.006040464974
27328.32558648334
1499.4463419355125
1496.4212117104048
407.84494743449613
4306.827505274702
7256.146307501649
7237.054980129569
5659.913862415948
34436.72021689927
32254.788328815317
34054.68234363436
32422.715929586724
32434.56221540277
33947.68893799736
33676.538328495015
13223.604799849569
11761.988390714012
11766.418016454314
35585.92681576556
35832.40418389847
36134.51710247464
31946.71155416606
31037.38586865141
32791.19817211905
32791.240574802614
31905.484388761633
31904.544992258518
32659.853669220403
38143.695102434685
38005.92324332808
37973.683475010934
32495.07409888897
31153.149683728872
31178.796788070744
32207.443542403318
23998.146176444487
23830.70235804843
33465.15779255706
31439.07258747021
160.52844430834227
164.30166892003507
160.52844433618478
164.30166894864175
71.73017544625327
51.51780613604933
35445.88401089564
35480.521733866815
35315.2753247531
34069.19905776205
33949.99058877521
33943.73097506801
37500.37226126956
37500.86551496704
37021.77793413661
37421.561189243395
21827.97475636846
20898.470852249746
21451.319828467753
23999.789533777035
26370.442016273788
25545.849267070436
24206.39121193101
24197.844537971436
26607.525545608733
26739.4938405686
25928.020308017716
28719.835900737555
28038.11198200117
28134.417000235946
19772.800241083245
19792.73834594314
18826.5213992048
17942.119903646548
36992.002336717
36316.96151721382
36395.47259912893
35678.463408668846
35131.63136936292
36599.828429235495
30985.211133405694
30983.797455887496
30142.10612061212
30100.647772993856
29257.191440239403
29259.185624755875
8791.974828938364
10284.666905291326
7298.45578567465
7290.007523345374
37500.83982354264
37543.89357730996
37941.65886099786
37515.249874755136
37509.818984054014
16036.566054211708
16102.664233575364
19135.046719632293
17324.58584623593
19939.336484303138
19918.699281656427
29811.52491541263
29728.011663612248
28694.23309629582
28827.662181118154
28966.009873344516
29347.549279089548
5012.69367300306
3984.8351764521494
3932.233203404419
6954.469406184783
38114.55938520958
38114.55938521249
30796.795106614776
30776.066164531912
32013.854454972276
32021.830427979647
30470.336344279036
32091.394464230936
10284.666905349664
10291.924347123859
7290.0075234096685
7298.455785738202
8763.832199430974
8791.974828997598
33008.07690298475
32994.03328743322
33471.66016751385
32450.450551187605
27516.039514094024
29284.473205062524
29276.94504001654
28517.583535252106
36466.8579969152
36487.426130552936
36369.6049875229
36371.9289325575
35877.335533369944
36968.33567426386
19963.522301578767
20309.240171585498
16270.933375880473
15094.143755707051
17510.24800124135
19866.70138981831
28566.60136258856
29406.364909629705
29380.79482819467
28051.65798360839
29214.584748329806
28459.90184505515
37974.08812450999
38005.923243443045
37973.68347511715
25797.307871573397
33150.11570309684
26536.379761170312
37763.91579189586
36329.36396310947
37770.629695984775
37033.30997494701
5343.287760934705
5261.314802506575
8532.851458198411
8405.908448673315
7075.137833260864
6374.806023383888
32642.42263951429
32645.035889475592
33121.902256158144
27511.265872718537
27287.92485824702
28330.850108222126
28330.683261212507
27281.72246311063
27362.000987519295
26016.548466922155
27141.018373627154
25605.769208608315
25652.775341330675
4133.266903920549
11230.324350336721
10211.489103938757
10695.058287844131
12843.093324874417
36495.934413482246
37421.56118913837
37014.73295198135
37005.16125201589
37024.676914303345
37021.77793402722
29949.2816212828
29163.840420202156
30141.400023079226
30207.237630827483
29284.495305031727
29155.04058766725
37745.82076579525
37416.509125822726
37734.78624300578
37732.927331291285
28758.04116649964
28719.83590067471
26739.49384051543
29419.010456638254
27790.85573350465
27830.158569440344
25545.849267067697
25178.76256383683
24197.84453796537
24206.391211925198
26374.25361548012
26370.442016281537
34344.849676213926
34344.849676213926
27837.126045054127
27797.37538812678
26995.82170255976
28982.356180240247
14939.581484129785
16739.738884505136
16744.98993350958
37477.6415531618
30038.83502411536
31358.436800046482
31959.560819422357
31383.457817834045
30158.212685671188
30124.620528247393
38144.46175738015
38051.74800378711
38014.04346751331
29347.54927912131
29292.336898011126
28694.23309632488
28542.396842851773
27986.97458795769
27922.444975810555
24361.86835615661
24336.017784182175
20846.690560100582
20869.338915438617
25099.546014688098
21287.71333575758
25661.91463525677
25473.7309498533
22733.86082738244
27200.24954944635
25004.694412188408
25031.68589031199
394.9247924659867
402.48256729217246
1377.7631204022668
1476.0231208938544
2799.8193376899153
2815.6903406588713
32147.58468403678
32170.223633225156
32412.251472735745
31319.956754384228
34909.81481823176
34483.16078603657
35237.13436573436
34977.323153677826
34976.883932575525
35691.64151548141
34097.95776811159
37343.86068968025
35494.80716840833
36330.84390639843
20328.985336164013
23350.645298445215
23324.649037895022
19198.423361024717
19135.046719684684
19918.699281647216
23854.610539180463
36904.58915932618
37507.44417792108
37501.44469157325
37829.68340161821
36609.97776843564
36624.201749336404
1456.0592478938815
1447.1935411242928
4240.141838120617
4260.031592036674
2733.1718640549084
2886.7847007367886
37902.43171456122
37717.12715316012
37717.78167715908
37844.70960650069
37477.641552944595
10326.919379419733
10297.767176185685
11852.709374717966
13524.041570798716
15229.355707773915
15220.666823921152
11918.775679070022
11949.242847921996
13762.803404380364
13434.587101618947
31540.842735488448
31551.029980608684
30930.969145036906
30596.177587429574
30077.182352982847
30056.895996087813
15463.778455326752
15445.52741052843
12023.461186741752
11972.961337957791
13944.944893633761
13540.123127766461
16281.368204406952
17594.701952973715
14720.673821293532
17597.003144091723
16128.112635572737
14719.606447051974
31934.413868521482
31946.139493994542
30838.51730454326
31551.029980556
30596.177587380254
30629.40714219732
37252.78819399306
37334.13897259827
38102.52659331833
37723.62776520278
12569.488541299714
11934.321367477554
18185.133353806832
17749.7899821018
14596.28806049979
15098.804553983011
33712.42347523288
36840.12538384325
32075.68176084794
28811.309313104754
29659.902030926416
27589.565593073956
31390.815930462817
14719.606447099985
17594.7019530151
31950.78342556739
36875.04597581171
36869.51907924689
36369.60498752647
37336.981468405684
21792.68029957884
21781.224224822974
19126.05024712099
19136.129233213724
20770.94478153671
20324.708655821618
9699.099789145583
9421.178533126202
9771.209070299286
5130.339624372654
6854.049650365742
37290.01148968152
36135.619197793465
36129.6251995932
37342.0039685329
36638.04938187876
26212.464787002817
25181.173502299836
27288.26904969708
27287.924858231378
26374.253615471243
25178.762563836328
35274.2097413374
34539.00821310891
36329.363963019605
36330.84390630855
35494.80716832963
34540.02260060163
32571.43255997276
32567.34278319149
32499.357486951267
31130.268779695256
31292.644977338576
31272.38216369562
309.0386163489421
138.57611857506453
458.69503841348705
486.92472987873094
354.7649441440217
31956.513140539882
31053.667894052778
32291.7049659387
31602.04197708956
31991.739996715765
32535.117106684724
32534.662070738454
34170.4408138005
34166.34301115859
33543.612388762784
33043.41189738308
31058.013639270128
31052.21089619235
32825.88797767451
31905.484390497462
17338.16876398234
25415.21427702633
25582.83201521599
25684.11514510278
25652.77534127139
27570.00604045669
27328.325586518047
27141.018373706906
27214.755514813227
27199.904473096227
28599.84966258631
29560.675386137424
29116.449875830578
28331.141523617458
29600.407086318668
29478.003637877882
29244.307551816368
28315.223510897304
33661.0722220008
33661.0722220008
24089.38874353057
24082.85010955312
26284.83201402579
26288.673593129595
25377.3964569451
25135.030765738196
37307.436145047395
36439.37649914886
35524.74042525838
38070.556919331684
37727.01540689699
37897.4674961147
37893.04739315538
38007.51951398352
37977.817657911924
38115.489486919665
6888.666864574798
7498.681644846309
11603.662373482734
10125.635722183144
12805.480212011904
8066.703751677928
354.76494412088954
309.0386163309065
138.5761185649885
458.69503839013385
486.92472985635396
36116.22879361905
34964.911834953025
36281.16994978823
35351.70573904697
34953.13493174499
28584.56762211941
28880.02814308318
28607.642620515722
28168.429834795945
28258.105370523183
28409.33965303499
13261.463031143001
13262.597495097729
14836.15102621486
14694.289759889465
16196.525362010638
16199.672714148575
13247.360707076326
14712.905326871225
16146.999989559665
36738.00745207118
36607.36159880224
37075.21241528462
36307.13604756316
36607.69634781288
3620.3417842370727
3532.591834496552
2576.18651164873
1983.4560043335641
34348.61643910592
34344.88495015992
32658.782923459345
32659.85366862095
33273.18211912852
33633.9725586489
35888.31447041169
35880.75369573985
36501.09656544425
35248.811070861135
35964.36655605223
35963.06905280293
1505.592866698303
1470.337842175615
415.27541328477673
412.8873296135571
35900.81883455867
35509.19242967027
35159.08666738515
34507.27915680178
34746.44087846296
35052.24133810113
30144.992081398606
28251.31454323616
29222.63089938668
1166.060788481098
1196.2743995642365
368.9991827821359
263.07704598270357
1166.0607885620714
1196.274399650994
37602.052357333014
37858.125309929594
37500.37226113424
37500.86551483317
37437.903039118515
24213.013333172974
26851.630434532854
24521.30167469935
24199.174375671882
8701.285054416603
8738.087744263306
11918.775679186474
10312.89877670696
16128.112635616402
18923.207333531365
17597.003144132774
37770.62969588373
38028.313635569946
37763.91579179481
38062.72596852994
24361.86835618001
24336.017784205134
27791.604594874243
24163.290946215704
26764.33150370067
26530.510490222077
30134.420794332505
28330.683261190927
28330.85010820051
29223.537637967165
4373.717196356071
4369.858812198997
1505.5928803255792
1504.0316256486938
2902.4586786289447
2934.5206416528727
33487.680168050094
33465.86094886644
32946.618151161216
34442.28610121983
33841.16117806499
33831.722318874614
20754.583550005063
19792.738345914244
22518.460726202
22501.95719230629
30822.16787333017
30796.779751570808
31131.40109329838
29040.843603824887
29593.559376611585
29591.22646686798
36142.25823924978
36523.154584531905
36528.71053772945
37077.21769260433
36508.293204585745
13305.840127864545
13303.455100003384
16276.846175052598
16281.368204448943
14938.99502523167
14720.673821340828
9771.209070434994
9421.178533229786
9699.099789294954
6854.049650390006
5130.339624449738
5844.268098313938
5888.223976350331
4369.858795660184
4444.850934286076
2934.5206823258145
3022.2940451058453
16514.936655635975
16639.66184335197
14638.914406747792
14028.626779488994
12309.589352275616
12082.241524143077
32766.80317046994
32895.92118192668
32854.29539969619
4293.2710175365555
4373.717184582288
5802.375823235708
5811.7302295089385
2907.9887261188005
2902.458684687373
31130.26877976428
31131.401093377444
30822.167873403312
32567.342783256987
32434.56221548819
32422.715929676953
37651.78850590791
37647.589607877584
37334.47289743792
37884.64270777635
37717.12715106075
37717.781674986276
25722.313024625957
25928.020307961928
25713.449167844945
28038.111981938742
27674.442061139962
27772.73937040919
33943.7309749434
34069.19905771073
35445.88401062021
35480.52173363776
37086.61019113206
36487.42613051315
37086.61019112915
37477.54281337115
36968.33567372827
36967.84043410186
11949.24284805081
12047.355744883305
10329.678051956007
10259.664794208124
17510.24800121348
17880.77515151751
12843.093324846235
16986.839050265444
24565.323220016653
24558.750173008048
22175.061015511845
22191.185274891737
23895.87431970199
23090.24944813776
28396.833186668533
28333.229552783112
26508.759666944374
26357.084883990396
26595.62653715516
28493.670858756563
29222.538586736435
29215.718520904273
28290.04503244929
28255.780931279653
27268.263307565976
27259.769185144134
34601.062332444715
33719.4105975917
32825.88799333253
32831.20556235787
31358.436800136427
30038.83502420087
30047.777737741533
29710.03010135031
30776.456447026827
32037.930797477737
31455.753166066424
31376.800037002067
23583.67827986052
21514.153218534124
21634.502187861835
18922.755110652215
29333.403908074288
29302.666790978426
28454.036616047713
28648.481148038547
27790.470614172955
27758.41491481319
16036.566054245157
15229.355707671242
17323.390744236814
17324.585846357048
13810.589654987465
13762.803404467122
1491.7793860087916
4377.64140142945
2918.5742828625393
34345.51189389677
34351.10673056235
35137.79071057602
33833.26488176867
34600.91826118862
34603.030527169125
25839.340155393536
26265.96037727615
29659.902030953326
27589.56559309669
28844.365798547708
23646.52371426358
2918.574282934192
1491.7793860784814
343.61263524065726
418.7035586941056
30930.969144993458
30925.73708377796
29284.473205032707
29276.945039986582
30056.895996048628
30135.321584776026
16270.933375857565
15094.143755685132
4133.266903908764
10672.180923360906
13022.233311603917
11230.324350319745
16504.954179681652
11841.19565427339
11852.709374663065
10297.767176120455
10291.924347066679
8780.073465416914
8763.832199368362
11805.528177480952
11812.318130340407
8786.741989173324
8776.46109732874
10294.63775498284
10281.414698170038
14836.151025392028
14835.540019583243
13262.597497681158
13425.691333190243
11812.318130549724
11805.528178417668
30017.096376949943
30065.074190635944
29163.84042023306
29309.543269739635
30207.2376308603
28668.858749378156
35368.83096952966
35366.6489681772
34595.97300871227
34348.61644099674
33633.97255210121
33635.888419105315
16639.661843407393
16514.93665569186
17802.598014070885
20294.622733204968
20846.690560136878
20869.338915474906
32859.60950327129
33465.15779259676
31439.072587499486
27982.591138998996
35336.40830561672
37610.16117263518
33719.410620414594
32831.20555288304
31950.783437353486
30135.321584815272
30134.420794371486
30925.737083821663
31038.31232924071
31851.15786220144
31851.46597070435
3988.869004995339
3766.3304152170526
1774.7055537181825
1694.5480791339282
3333.897243783215
1963.83520009991
33706.303010249074
33709.604260090135
33949.99058868106
34912.33943936868
35322.64903332043
35315.27532479398
19015.55866035393
19022.27738738011
21665.397919006096
21657.47922357532
20274.499164917277
20562.642092806185
22015.880549683898
24115.617259450257
26961.65957249753
21035.047210715486
22130.95785600958
17813.150729776276
33373.68015565158
33381.047170955506
32946.618151081464
32925.436194196234
32618.26273553895
33831.722318748216
36129.625200230425
36135.61919822046
37290.01149376676
37342.00397546499
36638.04938139033
32604.10486218253
32618.26273564307
32477.738404174128
33373.68015576979
33084.351560091294
33080.3320852599
29040.843603887344
28982.356180304374
27837.12604511787
27797.375388192988
29591.226466932505
26995.82170262491
38018.18663997015
37906.70092513522
37976.44418965128
37981.786721401484
37739.43817396754
37908.92910615845
31293.734112757484
31319.956754302686
32103.688590755457
32093.759060193228
31546.939818246425
32147.584683942347
28333.22955270491
28396.833186589647
28493.670858692905
26595.626537089538
26357.08488393327
26508.75966688685
38144.46173477131
38014.04344526804
38051.74802115266
864.9422076907367
821.2229921060733
662.8720781064195
253.03663959254382
129.07075263699517
101.99896370014176
8641.269168494868
8698.234798653788
7217.079569047419
6863.57000352936
5563.911373377398
5606.823893882663
28051.657983617843
27695.652017582015
28566.601362594003
26281.386205716222
26764.33150369418
26530.5104902141
18826.521399167854
18808.933791843876
21829.96913609853
21852.173839123967
21317.694753824948
19772.800241054716
32675.854085693572
32810.64326792951
32877.893393620616
4353.309308179686
4359.763329840368
2930.3215497142846
2878.3181869053274
1499.4463420062077
1496.4212117820975
SCALARS electric_field_magnitude_V_m double 1
LOOKUP_TABLE default
8.353278820949289
8.253226817724554
6.348093056388777
1.2260506589408382
10.740953769805948
9.139370255175884
8.820215889344292
1.2116067019972432
1.217803937402309
1.2064106460716246
8.544598959436646
8.54484251262769
8.913466819814616
10.698359916298166
10.730621363978727
8.874898100174637
8.581903511292753
8.580375233139327
12.173737868946425
1.1557860632806258
1.181510382241256
1.1635326841921387
10.377349835332739
7.445321488162673
7.541044064601433
9.128765737078773
10.416552056645026
10.41654161866512
7.616422537435801
7.7278852698167615
6.516764803757531
6.425432760784974
6.39399769067192
6.498325795246694
1.1448093063212867
1.166021500807732
5.801699884676291
8.114823285849887
10.712089818530092
11.121843575326055
9.591716511763053
1.053122587482841
1.2168943068073383
8.40242855601998
1.1815103822343371
7.394396422759421
10.580000872839506
1.1807966019613392
10.267312336835055
10.307251322346767
1.1212882119960803
5.874898368537368
5.565876925353572
10.245946052777676
1.0343339174192405
1.1144643947345025
10.13791273366969
8.46218280362029
6.232826333656009
6.2644171156489215
6.452097455354051
6.460809951124277
10.158854770630368
9.928142595627605
9.92684248935502
10.160910437279538
8.521249990245439
8.785101574316487
9.050781571737764
10.236005280440125
9.011228182663546
8.940548161493252
1.2023707198272868
10.378199939817947
6.454973805286561
10.274944602165466
1.1561649827370715
1.155786063271611
9.690436250908794
1.2035196838913127
1.2036142973627177
1.2158570947183176
1.1893252589228276
1.0981709457185118
1.098086796447251
1.1215606891017094
10.987234862218164
10.59010203534734
7.196644882157646
7.204533136060948
8.485593864383445
11.02114932533185
10.295015191204977
10.068995222898161
9.710555823616486
10.41136300537929
1.0609636328655843
1.061442204683969
7.6558349150618845
7.618438590264849
1.1889527997486717
1.0637297363719107
9.914142640894834
10.046896827915054
8.363043108102296
7.104749083228449
7.16935881598677
7.186132319549265
7.710695398968888
6.846876894889765
6.40849526328725
6.421577729314345
6.391953425485793
10.730621363942602
10.698359916262863
7.119347025684686
1.0666772682794319
9.814423795381941
8.146660337714968
9.067127703035233
8.77354010587532
1.0952047225666228
1.0954774755255143
1.1420244284442493
10.288657370664437
1.0674400353678282
1.0503370397816463
1.206901755660421
1.0277844184268743
1.026003702940939
7.3931095417633435
6.224369401570664
6.054179045334132
7.368637232509874
10.098379856294695
1.08878704959749
1.1962286281994803
1.1937729811677502
10.265240467542581
7.295637851175648
6.8381305804278325
10.315247263980313
9.922347755850437
9.955936312759693
10.259182245958545
10.42747206117299
5.178834425363696
7.343545421164664
7.218038800160025
8.970334696197288
8.361888933996667
10.494598461133446
13.04298205762101
8.180907535325586
9.71031646890678
8.23099674204908
1.0288077428074303
1.207292538789995
1.207467622330671
1.2178939625216356
1.2064808611474578
1.2213254062616503
12.22451589895356
0.9832230126221012
1.193122921474232
9.727294114191595
1.0954774755306815
1.0678061946487398
10.476997261473443
0.9783353630138191
0.9723413021139558
13.105250597786211
13.061413370923056
7.8185524915637
11.250618862001222
10.095802725457192
10.7547743258873
15.625350879137427
1.0377226112845497
1.037826453328804
1.025820647560483
1.0502631615803446
1.0323917110883356
1.032185661600828
3.0269750054016455
7.983309732216769
1.2047662706992432
1.191090637366538
1.0554341934457232
1.193122921488765
10.31524726394662
9.922347755814636
1.1676970858235294
1.1670362045450597
1.1909768031270365
8.064883388897112
6.7662416795671385
7.796237769801081
9.227416486236823
7.358930169393906
1.211579964767734
14.523135509565467
8.532752743821998
7.8196973611271
8.061990334605223
8.03877789588698
8.161039482959847
1.044353186983304
10.476682942245567
13.123246484304518
9.983479863400653
9.982353064102295
10.872477020165904
7.356651964624249
7.484105266679431
14.734400413880572
13.740466668058763
12.132922291426055
11.288793648916517
8.721745159617418
9.833648314938573
10.049108861110895
1.1578148543096565
1.1416694161074545
1.2161242299767439
1.2150027445164662
1.2255101160550137
1.215897109627907
10.16183378579947
10.397400732317621
10.400320777967863
10.468390606419991
8.563784008586229
8.209263266697711
9.34010816119708
10.20190871031267
10.619211828607146
10.267373693822275
8.114823285879394
6.300826417593779
8.361888934012175
8.932110366545889
10.9943723056524
11.343574042009283
11.305928202551572
1.1163162736885412
1.108495961359114
1.1005061441911872
7.685553453566522
7.95733209491711
7.659734653077049
9.38291767484752
6.004756507343683
6.370975336506267
1.1972145602791489
1.1930965825792423
1.1964259900398242
9.978497351516921
8.247578778117823
8.328917662346237
8.055005642204232
9.013953040119684
0.9897829930851569
1.0105101064210555
1.087201498758597
1.0896968598049779
1.060963632871721
10.408559123673001
10.40887573086088
11.30592820259257
11.343574042048527
7.651929027605441
1.1883340761262577
9.563151835220618
9.528096224035323
9.28698021062006
9.381756456158085
1.1392590323469958
8.070748297059454
10.137912733642684
7.072261012640921
6.232826333682683
6.4520974553808115
1.025134326774461
1.0238871408079553
7.4905898216582365
7.663462076536418
8.398352097069864
6.370975336529577
10.076502356203465
7.8460630611559194
6.496662807388135
14.682228363455343
8.964390170263071
8.973051947504718
8.773540105847387
12.206711414178416
9.57748160381948
7.87577982066965
7.909053085090912
10.381716171245714
1.188334076131362
1.188071069333839
6.46477186538889
9.788205244499547
9.883614948082071
1.0398594195502104
1.0420057332965071
1.0554411783589515
9.341042044678964
9.762896042448698
9.238897865970538
13.088840987157237
11.394787951689214
6.8596460304454645
1.0656989033045234
7.119538239997225
6.38695206940659
6.38695206940659
5.195571049802164
7.583446227922047
7.263892698843263
6.960545185430217
10.416540953369367
9.98347986343634
9.982353064138447
1.2056765131968208
10.418178074709134
1.1700332070442274
1.169772448645775
1.0614422046902419
1.0260037029461804
6.2243694015439335
6.311771265258492
6.314337793345485
6.054179045307532
11.618125921601116
11.772266532709471
9.852825029967907
10.133924300245198
10.07951114762187
10.1042424100652
6.496662807409328
6.063000256092292
6.31923047208847
1.035801956986927
1.0656989033004445
10.960568186854697
10.85533211426264
11.05374829814308
5.901696960252663
5.8748983685124685
5.243961199696956
5.329461272645389
5.565876925329718
5.924237587297426
5.617544362916638
6.350594231876494
1.0153543312110247
6.460809951151025
6.685553137745316
6.629434016000997
6.91490743268314
6.840347759865297
9.883614948111004
8.447973575729725
7.93147108016102
9.319353071195804
9.874063102064238
1.1277577835996835
1.1436910816335992
9.514163934416791
6.056524172529337
7.654954273335212
7.642558033917853
7.262273061527499
7.829446779193784
3.842795312142898
4.136353044434401
1.139801055052103
2.908469676364479
8.037021014398906
1.1940005516876755
1.188747733854993
8.040844146202472
1.12775778360907
10.043017001415555
10.16714126370941
11.492209496942797
10.09837985625115
10.235929536837668
10.185936448890567
1.0305212938512147
1.0363000884739006
1.0397634096865274
1.0287866678427915
10.401594335466603
10.416541618607233
7.494611260013506
7.178309356088072
10.753703000337843
10.574193612161674
6.514026001865405
5.901696960277305
6.292766373074602
6.264417115674524
5.924237587320586
6.004756507366898
8.537648103820514
8.729539769869154
10.41813845310662
1.1170197108221485
1.1144997189433496
8.442147475525863
1.0241144939594073
1.1736651062566965
1.1782697638719242
7.931471080135752
9.87406310203939
8.15759691338282
8.291324297040559
12.46536844811926
13.123246484269336
12.132922291393553
6.31923047205986
6.063000256065478
10.480049768169627
10.497512317866196
9.502947640752625
9.453147261815708
1.094934159335338
1.0949047115623107
1.0682758765173619
13.724503954063318
13.059958795353973
15.625350879095937
9.244582814839417
9.233707737685439
9.531413526055548
9.519767729688624
9.388879308533006
9.361948708019616
6.632873887709407
6.486218389323486
6.464771865359094
6.46935248462901
6.460997425365531
1.0708650172416463
1.0720633329636213
1.0887870496040932
1.1666841019381025
9.414752148394227
9.31935307117417
9.524347968279496
1.1384997582403753
1.1212882119914216
1.1215606890970689
10.411363005417059
9.83364831495224
10.049108861126035
9.888906263042326
8.193243496017248
11.152464657095864
10.711802716997976
10.430009399530274
10.416552056587175
10.432723192294759
6.406614229102189
6.417182480017476
7.0334779485189465
3.6998021098724467
4.678224311098189
5.3670278557869215
1.0310872918511493
1.0103825427445745
8.137325684070033
8.10252804385079
8.553250691860447
7.932467541632204
8.68269434900566
8.694478816101022
10.573393313034575
10.50398124382566
8.932110366527725
6.300826417581134
10.384572411679356
8.029799286808187
9.392989142268119
9.067999925473961
10.547652207297022
10.711802717014157
10.590102035383733
10.580000872875626
1.1882667515648795
8.36440623871941
8.413328233575358
0.9686717725136065
0.9783353630180984
0.9777067636688874
8.344643107227743
8.52053091207493
1.003691879693392
1.0010876180466093
1.0332870286276281
1.0209417705305253
15.744793148729942
12.2245158989251
11.713729315830165
10.930441569280115
11.121843575297993
10.265240467520528
10.712089818509776
6.7662416795702605
7.343545421175045
6.887359780098596
6.8862424738214605
7.178600035189476
6.689567192633588
8.708375272890006
9.027342201563568
7.663462076508075
7.490589821630371
7.494611259985614
8.19324349598769
8.291324297010958
8.157596913353368
10.93044156930316
11.713729315861917
11.61812592163674
11.772266532742231
1.0883241299003161
5.593634259693368
5.516880907269793
6.0264884129920855
6.0720699173828825
1.0161558009163174
1.0006099584810748
7.6597346531054145
10.464584553713001
7.796237769801081
10.408982159847154
10.416480617098392
10.418138453091933
10.396061646062897
10.301262340614553
10.301080758165423
10.382470166174114
10.382477187029291
10.344158051204495
10.381537617086751
8.235402555828044
9.414752148411115
6.320186480914894
5.581505819377212
5.599621906576994
4.417871445655375
9.814423795340332
10.06284108135499
6.3505942318559
5.388284821435999
5.617544362896485
9.825753567649468
9.479897603677523
7.650589707222358
7.983309732239573
8.398352097087509
8.524477520140834
10.350397031860716
10.187430232964772
10.325222014790382
10.323536634218739
7.583446227923798
6.590353882315044
8.029799286814805
8.166156669978776
1.1949115513685233
9.82041347809037
9.888906263031517
9.932953558904082
9.690436250948906
9.710555823657575
1.1163162736971146
1.1005061441986583
1.1084959613671117
9.017072975309876
9.018544763437173
9.262596254701462
9.26081368878267
9.139370255107098
9.123497123376284
10.547365699926907
10.547396034810925
10.464661756151266
10.66479937566246
0.9902065924212489
1.0108329616187297
1.0102843017121002
0.9762343748819942
11.43126142884776
11.542772823420307
10.301080758220948
10.301262340670071
6.626160365824521
6.590353882315778
5.475636260589785
8.166156669972322
10.494598461111096
1.129064760792547
1.1095932277793865
8.544598959462457
8.321805963863923
6.64401100752807
6.933730403467747
6.929985653600122
7.951557979786728
7.9573320949459285
10.390553229424256
10.223686048956415
10.249364415605859
1.0006099584859705
1.0007501592972734
1.0150660065216215
1.0103611600862725
10.12295702622946
10.156088158861897
10.15163436415682
8.860722644106831
1.0257545056117545
1.023541028788884
1.027052178307254
1.0161558009212524
1.016112283150698
10.495544738156543
10.69913510652712
12.846570140343045
13.36044458587131
1.1939453941729425
1.1939453941728289
14.600253089141635
15.231885202659425
1.2289375081738458
1.225510116059769
1.227035414144139
10.076783232615416
10.166637483245466
10.23631056957261
2.508273825886294
3.018410909971627
3.990514770230025
1.0358019569911996
8.466705846595938
8.4624503582215
8.265477083663594
8.269647030963053
6.685553137718324
6.609275555341931
6.679715445864475
6.320186480901652
8.84304162617118
8.82174906862313
9.06712770299395
8.874898100148233
9.182347741712233
9.152698168721802
1.072063332957755
1.0708650172357062
1.088309005485974
1.0503370397760219
1.1144648588845372
1.1361689508234938
1.1362727766514076
1.1298856304872718
10.572430646054102
10.456549033843551
10.936598033602175
10.757632058593597
11.310783404116231
11.199423130773557
1.0949341593399582
1.1171258451501507
1.0944451299464517
8.769792663315535
8.766845253036307
16.84829225321134
9.651710523074232
9.64598595415568
9.760872857313226
9.804073936193648
9.89935376277792
9.89483694062317
6.609275555368681
6.516764803784537
6.679715445890971
0.9923887480025712
10.246188755313229
11.360712000324746
10.945254815083471
9.38805630443766
9.25532649793361
10.3599723393341
1.1931861963066772
5.581505819361746
10.274944602200923
10.062841081391769
7.119538239969885
7.178309356060802
9.981657162452128
9.777010598298158
9.161704376085437
9.148437022910812
11.703022427070042
1.0944134381653259
1.0740363940862878
1.0740883602863942
1.0716601245701523
1.202377031474317
1.2025613923773883
1.1807966019682499
1.206901755664289
1.1893252589300993
1.1889527997560567
7.875779820641727
8.32891766231798
8.24757877808963
8.402428555991207
1.0872014987519265
1.0874108509958123
10.931254726684898
11.000321406876749
10.640629397688892
10.66315453490089
10.39088797337851
1.1323656015893893
1.1493154625342579
1.1290312890287204
1.1290647607827649
10.037207884749149
9.985779090031759
10.104242410037134
10.394050464202126
1.1990516173715566
1.1996048466704838
1.2026254442018876
1.1872984661278942
1.1704139000417053
1.1575616141455263
7.36367326965108
7.6557355548896915
9.526088855003646
6.559477501649439
8.633197439971534
8.637160551090764
8.67451426713957
9.411228241617525
1.1979995744967595
1.1979385478932074
1.1947327972803297
1.2057151086380804
9.123497123421586
12.579987344911618
8.532752743801721
9.340108161174044
12.163925590632534
12.465368448151743
14.259506527229739
13.11399113281321
3.9905147702236836
4.417871445646525
5.801699884678598
4.288561277925936
8.448180945544912
8.296817328041813
8.291309389721748
8.289445534223661
10.409259716762525
1.1144997189383463
1.1171258451453954
1.0944451299415634
9.997182404062361
10.000085514415412
10.769200979773332
10.407289692726996
10.426066683756156
11.30121822863287
11.3116842335344
10.784393220017689
10.041821625045804
10.266544144595166
11.026702933069124
8.864647745032418
9.576576447680267
9.100329459627872
5.6466213933108955
5.616655724660203
6.7758143510359545
4.388058838916778
8.442147475497046
8.353278820920604
4.351541112668727
3.402144371089375
3.2512207157653856
7.093123805467639
7.104749083267444
7.139905981547241
7.140797377031721
6.849090870116591
7.358930169431274
10.33145188137227
10.301790635281744
10.303396624215454
10.245730537103537
10.000085514389365
4.288561277926084
5.343997156858649
3.84279531214253
4.034968600969299
10.994372305694004
10.98723486225943
11.059943757270188
10.74095376984676
12.13930252558387
10.872477020143505
7.981145437773274
8.328622305695339
8.290633401299512
8.27793948061972
1.0502631615747302
1.032185661595644
1.0323917110831478
10.4327231923236
10.408875730883322
10.428163352242795
10.428101811969226
10.418178074722354
10.42047399961677
10.295015191230853
10.32655815615017
1.1641544745980699
1.1801905891325168
1.1803165403039224
1.1760757701708364
9.010293866967121
8.854443509106932
6.212119475845533
6.056524172556541
5.65198916015228
6.886807175345599
6.352527517846613
6.2842909608954445
7.650589707200341
8.524477520122309
8.447973575707085
8.235402555808468
10.282826144527837
10.292253295315744
10.070051385675955
10.291447567068772
10.025293914151398
10.009028800951588
10.076783232593662
10.166637483198901
10.236310569551827
10.521364899323316
9.872631679027299
10.07650235617894
9.99718240403631
13.059958795392227
13.281667089055551
10.997337323183336
10.290591260226643
10.399274195822885
10.399338073418157
10.408559123695207
10.408982159856007
10.416480617148908
10.416540953419698
9.985779090060516
10.037207884777944
9.788205244528454
6.45497380526307
7.204533136036589
7.196644882132868
7.002446091282064
8.89583368696319
8.83810918039404
9.422248254597898
9.571238123202782
8.196985249972792
8.150248018303595
8.344643107242659
8.34797470099438
10.699048657040565
9.69917734110199
10.07923971376748
10.267373693852061
10.619211828635722
9.392989142286602
9.227416486257084
9.067999925487335
10.161833785832162
9.519767729729454
9.531413526095452
9.361948708058746
9.388879308586448
0.9923887479981773
0.992204227849336
1.0102843017078151
10.480967051921741
10.47799243740613
10.739996645377891
10.41218092548559
10.574117076671405
10.574067229143948
7.570589037649116
8.667942882689632
1.0455751857012283
10.358198515599014
10.3962618447367
10.361875855603994
10.362304374840408
8.633197439941537
8.781827326552929
8.779187525802076
1.0666772682751762
1.0980867964430001
7.588112314741069
1.1274609203763108
1.09817094571431
7.393109541735469
7.394396422731555
7.119347025657364
1.0239426007177712
1.1937729811823476
1.1984842253705292
1.196228628214385
10.35546567232141
10.393151072858082
10.358082247011183
9.571238123231701
9.422248254626748
9.306792020609914
8.838109180421657
8.803240129077546
8.89583368699144
1.1979385478837068
1.1984842253597066
1.2057151086285862
1.2056765131873233
1.0216445765725237
1.0216777514998703
1.0105101064162314
1.010361160081453
1.0161122831457652
1.0239426007126742
10.377882390437419
1.1512821597806673
1.1599147641738061
7.802166807178027
7.842066480591295
1.1740591177178559
7.951181981860867
9.411228241622606
9.27245157697078
10.04689682791981
9.14892678741682
9.068337552004044
8.012358293256886
9.430292226340661
8.705485084025163
8.696672569942535
8.843041626204062
8.821749068656162
8.78510157434429
8.540028131784812
8.558016790820163
8.544842512653242
9.928142595636128
9.699177341119354
10.079239713791166
10.068995222921421
2.508273825878169
3.018410909961242
5.599621906560515
1.0747422569397713
1.0952047225717452
1.074742256939885
1.055434193450952
10.39134643911354
0.9777067636639016
0.968671772509205
0.9897829930808675
0.9902065924169611
0.9762343748773602
1.112069413575754
1.1121927045959414
1.1096248034299092
1.109593227771229
1.0879577175557633
1.1325475513355807
1.1229154351254227
1.114464858879531
1.2178039373951315
1.2116067019916343
1.2260506589392903
9.852825029939462
10.079511147593744
10.122957026202632
10.13392430021836
9.345625761137752
15.36643935706493
12.5799873449395
9.526088854990789
7.655735554884827
7.363673269649789
6.559477501648071
9.3456257611304
13.360444585906961
12.846570140374379
12.206711414208021
11.49220949698154
9.57748160384795
10.27541039622023
10.276519922880416
10.112898739841704
10.110154114706534
10.271454500077285
10.167224230728007
11.703022427021157
11.817915685548442
11.689255388635416
11.053748298092126
10.855332114219516
11.021149325289082
10.166721888209969
10.26548336005925
10.29119598101623
12.284084672668355
12.240786210794916
12.269980153725296
13.725353550460195
8.448180945575329
8.446188502586985
8.289445534253318
8.291309389751488
1.1332500866490123
8.463407062655302
8.446994635800037
8.226865268516443
8.218682257065026
8.471391658799348
8.146660337744498
1.0554411783640556
1.0420057333016075
1.0363000884790023
10.426066683784166
10.463300351606101
10.944326928267595
1.1614049348160052
1.1614049348158915
10.3265581561144
9.068337552011956
9.430292226346182
8.705485084028396
8.696672569945425
10.39606164605511
10.420473999605088
10.40925971675303
10.396261844728896
9.872740803572158
11.362226523694325
11.360712000348805
10.381197941798895
10.377882390438623
10.373789515982594
10.373789515982594
10.384572411668529
10.35819851559077
10.359972339325765
10.44830421707498
1.0531225874828407
1.037722611279084
15.231288205596586
15.231885202623388
13.113991132781404
16.915400303750122
14.259506527193283
14.682228363417996
1.0315682244704625
1.0108329616144558
1.01857855634348
1.0175275330373577
12.434516703719169
14.171129367094244
13.063162128677323
13.105250597815482
10.401398670425474
9.139531201271598
9.006535244753962
8.905233263513693
0.9723413021182006
0.9958738455588938
14.171129367063934
14.600253089110156
12.434516703693825
11.970826383977665
12.931790611678775
15.36643935703193
1.0238871408131365
1.021644576577513
1.0216777515049165
8.59650777894919
8.595911408316383
8.511180059454292
8.484331895288975
8.427889474606019
8.427615322295452
8.66643224232544
8.885580188787692
3.0468530201085526
5.128686661190424
6.933730403440474
6.929985653572852
7.1786000351622885
6.689567192606596
6.886242473794588
6.887359780071808
1.1666841019328769
7.389640709106214
7.654954273363467
7.262273061555137
7.263892698870802
9.387903789695333
9.715310407736732
9.745308958716059
6.579143422151949
9.759267670313536
9.514999205399457
9.51315387622356
9.637657727245974
1.0530589368570573
1.0944134381702195
1.074088360291405
1.0740363940912898
7.570589037650854
8.627647655485045
8.66794288269862
8.434543376182518
9.87263167905431
9.63771347578904
9.767481107800533
1.1561649827461526
1.139259032354754
1.132547551344458
1.132365601598244
10.483838239459795
10.394050464173166
10.463300351578077
10.944326928239256
8.471391658769425
8.26547708363401
10.435557131442081
10.434574923902337
10.501395695654054
10.432932133422458
1.1507571891393922
1.1524356573609476
1.1382517709231683
1.1626848166354364
1.1523763566753369
3.2512207157644397
3.4021443710857877
4.351541112666707
3.6836231136312847
5.343997156860019
5.475636260589209
5.195571049802034
5.178834425364402
4.034968600969364
6.626160365826404
16.866981490119752
15.869145399171433
13.247927591392765
15.498017870325539
14.523135509533905
13.561733460952667
9.259895880946395
10.572430646069797
10.456549033858417
10.936598033621271
10.757632058610158
4.7898781533445645
1.0896968597981451
7.295637851136147
1.104928808654855
1.118375974366801
8.427889474580441
6.06749697254773
5.128686661214343
4.692467799581301
5.1395917781740454
1.067585134667628
1.0674400353620712
1.063366782539062
1.0637297363659695
1.044726183688087
1.0878707322423355
10.372960262295718
1.2150027445212586
10.538456924479856
10.477633548419401
10.347438157385197
10.041181234505318
10.047807876400938
10.009686336622286
9.34104204465203
9.027799093275778
9.479897603655619
9.58195869928157
8.045350758855848
8.042088975577903
8.226865268486785
8.218682257035455
7.951557979757979
8.269647030933468
9.63765772731936
9.759267670351742
9.872740803604621
1.1859497192434065
8.180907535298894
8.05500564217751
7.695792050554371
9.013953040091774
9.210852179710873
8.864647745005696
10.742964688596935
10.75599660085543
10.666986203004315
11.126530263249442
10.924236311838635
10.927116788043273
10.47799243744149
10.480967051957593
10.412180925523288
10.739996645418692
10.574067229181257
10.574117076708784
6.859646030411915
7.140797376995101
7.139905981510284
9.715310407707998
9.745308958687362
9.346131174111907
9.374673560988315
9.541804387796793
9.525228344507363
9.722994911727515
9.725327821572755
9.978497351516921
9.27245157697078
9.722994911729806
9.725327821575197
1.191090637371046
1.1783653595462777
1.1787588341588615
8.336100884415027
1.2251264713673162
1.2258949308359663
1.2203045185221983
8.331561279929703
8.327641119167113
10.776950490016727
10.870420003792864
10.697230660011934
10.236395681595715
10.333419954602816
10.333360483270939
10.26548336005925
10.303396624198403
10.400320777940898
10.39740073229092
10.288657370638813
7.616422537401359
7.356651964587
7.818552491534198
7.675587389748266
7.670136078657138
7.541044064565802
7.445321488125213
10.40139867040906
10.428101811954049
10.428163352227608
1.1144643947395139
1.1229154351303405
1.1332500866539448
8.905233263543973
9.006535244783857
8.779187525832434
8.781827326583285
8.881587254470666
8.885580188758059
8.723636558805511
1.1972145602740527
1.20200457549271
1.1964033242544
8.277939480596098
8.540028131756914
8.563784008559495
8.558016790794927
15.869145399227618
13.724503954108227
16.921642528671132
15.939301758120013
3.485817528836206
3.46646211587656
3.4858175288361886
3.4664621158759163
4.136353044434401
3.6836231136312847
7.922330213434068
7.901778071744333
8.15271359940135
7.8151056481737085
8.076460055636652
8.082118690405029
1.180893916073257
1.1809415745239062
1.1702728172869288
1.1875170599194522
5.593634259668941
5.5168809072451666
5.651989160126628
6.026488412964893
9.667005441531654
9.837051645775023
9.922922552952203
9.930373266687932
7.002446091307603
7.016654269521674
6.552137968262888
7.398521973427078
6.950557487588574
6.960545185456548
10.613453239248855
10.609505142940304
10.944439927105872
10.495544738134246
1.194000551681623
1.1635326841864566
1.1660215008016188
1.144809306315531
7.727885269783236
8.037021014384395
8.973051947540377
8.964390170298875
9.128765737124379
9.050781571779101
9.233707737726967
9.244582814880347
10.420678044552412
10.450252850040354
10.40836456145282
10.407644049859782
1.1990516173760895
1.2064106460766177
1.2168943068121862
1.1996048466750158
1.2047662707040647
11.41372222391253
11.43126142890032
12.267966473216944
11.06010431801768
11.54277282346919
11.543049620766366
8.820215889315072
8.769792663286333
9.230388299061836
9.30679202058104
8.803240129049277
9.141467457271794
9.820413478100397
9.93295355891171
9.914142640902135
10.307251322358761
1.1939453941673426
1.1939453941673426
8.06199033463392
8.038777895915683
7.829446779222714
7.819697361156012
7.642558033946134
8.16103948298929
10.450252850026747
10.45078738016288
10.407644049849655
10.408364561442681
10.446132160234065
10.420678044540733
1.0447261836934862
1.0443531869886837
1.0633667825449098
1.034333917424339
9.54180438782542
9.229791485950217
9.213892237090823
9.34613117414102
1.143691081644388
1.1448522595766417
1.1491767557069292
1.1493154625444577
1.1290312890385008
1.1642056215573493
5.24396119971862
5.329461272666471
4.451405602871658
4.132266987149026
4.693271175546873
5.388284821455702
10.89745915311658
11.288793648885756
10.266544144565502
10.389096164571725
10.041821625016377
9.727294114162879
1.1964259900448657
1.2020045754981696
1.1964033242594403
16.848292253249777
16.915400303791564
15.231288205632625
8.306249291284969
8.414400441451864
8.308569105997302
8.296817328071619
10.04780787636944
10.009686336589583
10.538456924436263
10.477633548374975
10.34743815734895
10.041181234471434
1.025754505606669
1.0258206475553953
1.0378264533233472
9.524347968308183
9.518915459800525
9.378489278648287
9.388175278695913
9.76289604241758
9.825753567618436
9.95593631272365
10.119118637525904
10.259182245927676
10.31507509438745
1.1574148815091376
3.1154733253459908
2.908469676380924
3.0468530201253663
3.5678408757146696
1.1575616141404996
1.1875170599143927
1.1787588341540294
1.1783653595414385
1.1704139000367648
1.170272817281993
8.913466819789218
8.48044472488248
8.52124999022642
8.563026458689688
9.011228182644512
8.940548161473872
1.2026254442066893
1.1872984661328958
1.1931861963120227
1.1930965825845892
7.389640709079002
7.3985219733999905
7.016654269495934
7.909053085062996
7.618438590237887
7.655834915035043
9.837051645803504
9.77162543665486
9.930373266715076
9.92292255297936
9.6575908408145
9.667005441560121
1.0747422569348442
1.0747422569348442
7.362348500065569
7.373997008077542
6.860676515256107
7.220872617231024
10.54739603479145
10.699048657018519
10.699135106505073
1.1759945223856971
6.63208456255165
6.834358979303461
7.0931238054285055
6.838130580393126
6.849090870081925
6.84687689485526
1.1972045949590477
1.1984743274879908
1.2019260332995945
9.141467457300667
9.100329459656768
9.230388299090606
9.374673561017397
9.57657644770937
9.525228344536472
11.818064253485094
11.751865425201187
12.052233869363132
12.052382706121655
13.061413370954837
11.311684233561847
6.914907432653916
6.88680717531677
6.212119475817752
7.7106953989439555
7.18613231952075
7.169358815959639
10.111954030132893
10.111954030132893
9.926842489363375
10.245946052783534
10.158854770644115
10.160910437293479
1.0202733453830164
1.0209417705353645
1.0332870286326659
0.9966756166477482
1.1183759743737978
1.104928808661538
1.129885630494079
1.112192704603491
1.1120694135833142
1.1398010550598998
1.0874108510025753
8.363043108132416
8.512902587113322
8.41375492174925
10.185936448866764
12.240786210750407
12.269980153681855
12.284084672618311
12.267966473167476
11.543049620717829
13.725353550415416
1.1887477338499441
1.20256139237239
1.202377031469362
1.2158570947108642
8.040844146187201
8.196985249959845
10.167141263711937
10.166721888212464
10.246188755319846
10.249364415612572
10.043017001420173
10.291195981020522
1.1882667515781666
1.1877352162521635
1.1877813789676188
1.1859497192560866
1.1759945223984931
10.547652207282306
10.541971501393535
10.52256121104383
10.664799375644263
10.754623784448286
10.753703000381172
10.644776104888285
10.650675952960759
10.919803678700514
10.574193612198673
8.708375272919705
8.723767269857987
8.93896426530577
8.738915645098844
9.027342201592743
9.004706107958878
10.927116788021719
10.924236311817138
10.755996600838042
10.742964688579686
11.126530263228723
10.66698620298607
10.427275271997342
10.32187270377583
10.400029084786315
10.321425490474978
10.343804820508685
10.400008391216886
8.44699463577055
8.463407062625809
8.413328233546466
8.723767269828317
8.738915645069563
8.766845253007007
8.331561279943687
8.32764111918435
1.2251264713659122
8.336100884441013
12.139302525622961
11.689255388673697
13.247927591441549
13.042982057666965
11.817915685598106
13.561733460984211
8.694478816070479
13.088840987122035
11.394787951658204
9.238897865945392
9.48946048601754
8.843590348584545
11.02670293303794
10.400008391198782
10.321872703754682
8.90511726616388
1.1700332070344588
1.169772448635984
1.1491767556967492
1.180316540294035
10.151634364131192
10.15608815883627
10.325222014767546
10.323536634195875
10.350397031835952
10.187430232940983
12.371681246720309
11.87746430663523
12.824175982501451
9.031180262567645
10.953370486665793
8.276092437974313
8.343584271068172
8.34508543253519
8.255617974660115
8.193953647381745
9.637713475761002
9.767481107772683
9.514163934387852
9.51891545977159
9.657590840786046
9.771625436627032
8.44618850255652
8.581903511262563
8.41440044142143
8.413754921718818
8.512902587083316
8.580375233109136
7.98114543774584
7.99096845869293
8.290633401276843
7.846086069496008
8.230996742024129
8.209263266673775
2.494495176946656
0.96203688721751
2.4303984420602593
2.586168181894247
2.80240500859637
1.0175275330418638
0.992204227853623
1.0310872918553429
1.0103825427488413
1.0185785563479257
8.682694348975364
8.674514267109277
8.462182803590222
8.466705846565821
8.637160551060747
8.462450358191562
9.017072975329702
9.01854476345685
8.794144968347048
8.881587254500294
15.498017870354726
16.86698149017953
10.776950490047199
10.870420003820895
10.315075094418956
10.697230660038011
10.236395681617463
10.119118637549706
6.314337793373545
6.311771265286419
6.460997425395261
6.4693524846585
6.408495263316096
6.39399769070004
6.498325795273613
6.425432760811708
6.421577729342776
6.391953425513995
1.053122587488133
1.0531225874882466
9.894836940586991
9.899353762740205
9.65171052302647
9.64598595410963
9.804073936151045
9.76087285727559
8.364406238710966
8.42761532226986
8.511180059445804
1.2178939625288148
1.206480861151429
1.2074676223382335
1.2072925387975397
1.2213254062675054
1.2203045185242045
1.225894930836647
10.095802725475187
10.754774325908079
11.970826384002002
11.250618862021778
12.931790611705646
10.960568186878495
2.8024050085952714
2.4944951769483414
0.9620368872138776
2.4303984420582676
2.58616818189258
7.951181981889491
8.042088975607431
8.070748297088839
7.842066480619936
8.045350758885368
9.027799093294616
9.16170437610233
9.981657162469364
9.77701059831794
9.148437022927775
9.581958699302245
10.430009399563604
10.430021658681728
10.47668586375233
10.382477187089295
10.381716171279686
10.381537617120614
10.401594335484697
10.382470166234063
10.344158051224014
1.1507571891447697
1.1523763566801972
1.1626848166406873
1.138251770928241
1.152435657365807
9.502947640732252
9.453147261794165
9.710316468890264
8.62764765547488
8.517184160381422
8.520530912089741
8.729539769893766
8.723636558830353
8.53764810384651
8.66898585411551
1.142024428439505
1.1416694161027054
1.1578148543046374
1.1170197108174345
1.136272776646305
1.1361689508183912
10.358109994692724
10.24573053709785
10.313678703211451
10.313678703211451
1.1512821597852838
1.1384997582449095
1.127460920380736
7.588112314768911
7.6855534535947445
7.802166807206745
9.139531201301313
9.388056304466991
9.25532649796304
9.153717048799281
9.159489750655629
9.591716511763053
8.434543376182518
9.15371704879157
9.159489750648396
1.1782697638665738
1.1880710693287306
1.1808939160680962
1.1809415745188019
1.1736651062513315
6.072069917355196
6.840347759834889
6.352527517817483
6.284290960867099
10.468390606384634
10.476997261438035
10.644776104847347
10.503981243792486
10.343804820488975
10.235929536815178
10.321425490453818
8.308569105968122
1.2270354141390452
8.306249291255803
1.2289375081688574
11.818064253455601
11.75186542517178
12.163925590600618
10.997337323155035
11.208875494199491
11.047707479636806
9.10584648530464
9.38817527866666
9.378489278619046
9.259895880916961
10.3782426163459
10.378046015386404
10.358109994697628
10.358082247015961
10.331154320973184
10.381222110988064
1.0682758765218503
1.0678061946532045
1.0461683830623953
1.0949047115669521
1.0716601245748065
1.071452873920774
10.355465672346169
10.609505142965077
10.393151072884798
10.407289692753666
7.477985115171442
7.484105266646401
7.8610157408316015
7.220496847670246
7.651929027578462
7.670262780173578
1.1599147641783423
1.167697085828182
1.1740591177222273
1.190976803131418
1.1670362045497145
10.464661756134259
10.464584553696001
10.427472061152724
10.427275271977065
10.547365699907454
10.400029084768216
12.824175982483743
11.87746430661294
12.371681246702055
10.95337048665332
9.031180262560332
10.399338073380948
10.399274195785411
10.378046015373283
10.390887973374571
10.381222110967776
10.38119794177841
11.82315932113667
11.86534560070836
12.173737868970864
11.152464657116786
11.31078340413684
11.19942313079352
1.025134326779721
1.0305212938563386
1.0287866678478563
10.301790635265034
10.378242616332507
10.377349835310481
10.37819993979579
10.331451881360444
10.331154320961279
7.846086069522898
7.861015740858361
7.477985115204201
7.990968458720921
7.67013607868998
7.675587389781146
1.194911551360104
1.19473279727189
1.180190589122621
1.1979995744872447
1.1877352162400472
1.187781378955523
6.514026001840168
6.552137968237554
6.292766373049034
6.950557487562243
6.6294340159747085
6.644011007501734
8.082118690383211
7.81510564814448
7.922330213411797
7.901778071721447
1.1614049348041036
1.1448522595656925
1.1614049348041036
1.1760757701580453
1.1642056215457002
1.1641544745864165
10.650675952919887
11.000321406825847
10.663154534857469
10.640629397645709
4.693271175526747
4.7898781533229196
3.567840875697089
4.692467799559838
10.009028800988652
10.025293914189541
10.292253295350012
10.28282614456114
10.291447567102086
10.070051385712086
6.605287720085868
6.59667681204743
6.507414997037976
6.480557005952298
6.334197427019954
6.850433023338618
9.260813688806964
9.262596254725452
9.38291767489995
9.387903789767066
9.51315387624909
9.514999205424395
8.59591140831157
8.694288143173281
8.794144968333146
8.793111104647116
6.8343589793379245
6.63208456258294
6.63287388774069
6.486218389353222
0.9832230126263569
1.0277844184323546
1.0036918796984362
1.0010876180516255
7.033477948499428
6.406614229085936
6.417182480002019
5.36702785577087
9.182347741745346
9.152698168755018
9.381756456197715
9.286980210647698
9.563151835254967
9.528096224069499
11.413722223860379
10.754623784405032
11.059943757224035
11.060104317971614
10.931254726638384
10.91980367865392
10.378436240835592
10.39134643911954
10.372886420634769
1.087870732248896
1.0879577175623711
1.1096248034380527
1.0675851346734215
1.0883090054929339
1.08832412990729
7.695792050578616
7.846063061179798
9.489460486044482
8.84359034861036
9.210852179738096
7.072261012661258
10.372886420630762
10.378436240833544
10.363645033865481
10.363645033865481
8.938964265276205
8.926644169645584
9.229791485920767
9.213892237061387
9.004706107929673
9.114270068460655
4.4514056028567195
4.132266987133109
1.1574148815010192
3.026975005395362
3.699802109864452
3.115473325333869
4.678224311083891
10.521364899339401
10.52256121105994
10.541971501408144
10.45078738017653
10.448304217087442
10.446132160246483
10.477005488244956
10.47746544685899
10.435557131472555
10.434574923932892
10.501395695687108
10.43293213345139
10.476685863713557
10.4766829422068
10.430021658648409
10.57339331299753
10.477465446822585
10.477005488208523
8.102528043872415
8.13732568409077
8.480444724902481
8.553250691878848
8.563026458709388
7.932467541654115
8.484331895275826
8.485593864370442
8.596507778944368
8.517184160366668
8.66898585409609
8.666432242305943
11.865345600683904
11.823159321112438
11.362226523670232
13.063162128648283
12.052233869335327
12.052382706093834
13.740466668017605
16.9216425286428
15.939301758091322
13.281667089021273
14.734400413836722
15.744793148679653
8.694288143191258
8.793111104661065
8.90511726619856
9.114270068490384
9.105846485334375
8.926644169675084
9.010293866997028
8.860722644136771
8.854443509136878
8.970334696210633
8.721745159629023
8.06488338890373
8.012358293262658
9.148926787425713
7.218038800169167
8.328622305676367
8.321805963844987
8.076460055614339
8.347974700979817
8.150248018284406
8.152713599382139
10.276519922912787
10.275410396252092
10.11015411473647
10.112898739872717
10.167224230774346
10.271454500113007
6.348093056362184
7.36863723248192
8.25322681769334
6.067496972520534
6.579143422121278
5.139591778149706
1.0528788899936068
1.0530589368520336
1.0461683830582078
1.0455751856969675
1.03196590968974
1.0714528739161486
8.345085432519664
8.34358427105265
8.27609243796192
8.255617974648176
8.19395364736874
1.0315682244751607
1.031965909694464
1.024114493964496
1.0528788899986412
1.0398594195551099
1.0397634096914223
7.220496847702583
7.2208726172643845
7.362348500092771
7.373997008106903
7.670262780201069
6.860676515287076
1.2115799647724839
1.2035196838963351
1.2158971096327253
1.2161242299815627
1.2023707198320903
1.2036142973677375
0.9958738455542898
0.9966756166431426
1.015354331205941
1.0150660065165409
1.000750159292369
1.0202733453782027
6.596676812016603
6.605287720054771
6.850433023305425
6.3341974269911505
6.480557005922239
6.507414997007305
1.1972045949765096
1.2019260333099864
1.1984743274988188
5.61665572466628
5.646621393317151
6.775814351039328
4.388058838919627
5.510860408803808
5.510860408803808
10.480049768183038
10.497512317879826
10.390553229435216
10.267312336846643
10.223686048965225
10.23600528044914
10.389096164601364
10.201908710342089
10.89745915314661
10.483838239488792
11.208875494229497
11.047707479666457
10.944439927130075
10.945254815107647
10.784393220044532
10.76920097980018
11.30121822866033
10.613453239273593
1.0235410287836906
1.0270521783018505
1.0288077428019582
10.361875855597876
10.362304374834258
10.37296026229167
10.290591260222389
10.333419954600668
10.333360483268802
SCALARS joule_W_m3 double 1
LOOKUP_TABLE default
799436.0185993277
774425.2005212114
460086.788989585
120256.01746314109
1261824.2353132889
949517.4401068451
887083.5070408068
117439.26402597092
118643.71439620538
116434.13175639638
846574.8836616114
842586.8883419354
905292.2288865212
1263231.8764814779
1271259.6680618883
896967.5004775454
857864.6896040782
857499.0794822639
1608818.5801347771
106867.31392589815
111677.34266751031
108304.66457466906
1162029.989998515
657177.2781538699
675288.7634759175
947516.6674383717
1176645.4291967612
1176645.41624719
687560.3406776373
710256.6030473444
504824.1854132685
491553.23643608484
483120.09225074266
501225.8154126646
104847.06782718605
108768.49122767325
362737.7028195152
781444.3967164387
1286710.0444880226
1382541.852898628
991121.9901336298
88725.37474132433
118466.540315209
809500.1557897038
111677.34266620234
648334.2609994905
1231146.9523051928
111542.44921627562
1138349.5908332018
1147120.680557591
100582.98034890933
401459.34712735325
359118.8161092002
1131060.9616141678
85587.73221790657
99362.47097047529
1164186.4874381635
834308.889105149
455232.7001073836
457997.1252484559
489792.391148726
491007.00190432917
1112238.8273685225
1061969.5619883619
1061695.86632812
1112679.3831810749
831309.7422437627
886246.8625331796
931788.3634197161
1130463.306627932
922255.3865349048
907152.2984355055
115655.62783183904
1162208.8285570429
480154.92098908883
1160904.9505550496
106937.39738459302
106867.31392423107
1050513.0177068962
115876.77036110761
115894.9901452759
118264.67798214944
113159.56572094807
96478.35408162324
96463.56900254289
100631.87034706409
1324090.6894626473
1233698.9677476906
593585.8997934524
595643.723337565
843213.6088496324
1314103.2385228856
1143580.0944967566
1093155.6555518254
1055178.9769760722
1185356.102953299
90051.50642106705
90132.76431074919
673966.1655172962
666711.2510090305
113088.70080241641
90521.67616334837
1059759.6624989551
1087836.1778334754
828132.457202964
598647.062502566
587264.0853076873
590916.6652493223
681336.4112560018
553657.7019334845
488240.62879709504
489493.93648253434
482843.3311926393
1271259.6680535197
1263231.8764733325
603091.2779547963
91024.03157312569
1073390.457336165
770369.562299016
935449.6357408176
883662.5056007593
95957.87074657866
96005.67195070031
104337.58361307316
1142200.8928055668
91154.25832848562
88256.63177098174
116528.9478252965
84507.26486088545
84214.68787588149
647981.9153880839
454053.16572244815
427906.92647463875
616757.531344865
1153936.1347191755
94836.57914969658
114477.03447392084
114007.51444529102
1179804.9360003262
633283.8144230285
556516.2752627595
1178199.7565354095
1097688.032389561
1105542.4240462976
1169789.9101589732
1186170.1645681262
288922.37330454617
581136.5723717513
561495.7588715743
867620.130206568
754213.1404736895
1204434.1417718788
1850667.9991349687
763620.0585551452
1016129.3905071242
783234.602124218
84675.62973284157
116604.42193743934
116638.24471815072
118661.2563157321
116447.6854652089
119330.8598384148
1661946.8240606391
77338.19940397445
113883.38445977653
1063096.5002884783
96005.67195160601
91216.80554641779
1186741.5226449932
76571.2066018705
75635.80862373303
1873198.1655887344
1872740.0098994994
720699.0704216779
1368938.1913975656
1100861.6595323384
1248787.3880243187
2707825.950616098
86149.45743769796
86166.69977832354
84184.64007691268
88244.21668581928
85266.61160991213
85232.57920114712
104925.39910006041
732043.393945887
116116.94136116498
113495.75251377806
89115.30693555393
113883.38446255086
1178199.7565278623
1097688.0323818591
109081.31873926104
108957.88021751509
113474.05964693567
700826.048565325
493209.2238596869
654772.5699643162
918357.1574641509
639013.2844923844
117434.08088212671
2285484.86917687
785406.3963944669
713710.968153709
751897.147844657
747111.1136628452
773445.5470957714
87253.88633297473
1194744.163659942
1917958.4481904074
1102605.7141067758
1102327.7894219004
1277945.2050589297
638422.421950319
654685.1643651777
2411913.8319614646
2092143.8584387242
1637157.0093606962
1422171.2815325377
820332.2822056732
1043843.1000481297
1089873.608664966
107242.8189488073
104272.7244540109
118316.65141892225
118098.53353460362
120150.00356425386
118272.46249611987
1114690.7934386842
1167572.7039691184
1168200.8673575476
1184850.764079091
843218.7434949953
778676.287003227
940719.1421175154
1162940.6213088895
1217990.001073376
1138950.695418109
781444.3967220964
427896.6557499645
754213.1404764558
860332.5988373362
1325996.7772588546
1416590.9386508383
1406752.3166217976
99692.96183214961
98301.06370795732
96889.10187220432
700023.1638441118
742600.3725117937
691731.0820576817
992305.9532625977
417534.0682567895
468196.22563964507
114665.81626755167
113878.35642898134
114514.81197142188
1072675.6966174303
776948.235377161
793164.153897474
739292.4593506333
921494.0228910401
78373.62987204894
81690.45401432744
94560.56791223516
94995.13970150637
90051.50642210878
1170118.0727601885
1170181.3937887088
1406752.3166317937
1416590.9386604263
677778.9976062604
112971.03011862772
1028061.9964320074
1020103.555613134
973782.9954859104
992900.9602160291
103832.89142273706
771587.8721481547
1164186.4874320955
568797.0273868681
455232.70011125086
489792.39115276246
84072.0310345062
83867.59016895118
658522.5426568482
692598.9667071134
802618.6280483977
468196.22564302763
1119654.268755219
701582.2133723516
483041.6575093895
2378837.7962011695
917926.8706345755
919891.7854654371
883662.5055950213
1669254.3522191162
1033031.0330449655
714611.1934103988
721245.3355684592
1175759.736775031
112971.03011959823
112921.02926304413
493805.5819349553
1073616.5519053407
1095424.7669582933
86504.60899418405
86862.07585782332
89116.48647805856
985737.6541259467
1067435.2462539228
964011.6858562453
1923357.0818756202
1453902.0797411355
550560.2273343665
90857.13220035713
603189.4320311872
439440.74609025696
439442.00581337424
290795.66852592234
619546.5146785119
617067.3647697156
564286.5879666766
1173241.833663905
1102605.7141167913
1102327.7894304856
116292.46835795548
1175191.2040509353
109518.216446896
109469.40652885858
90132.7643118145
84214.68787674191
454053.1657185773
468807.19283082004
469164.71493271313
427906.92647091
1491570.502358594
1532458.3917663887
1082070.3077697472
1136602.0048480812
1128462.3889410077
1134342.3096749291
483041.65751249064
429117.75380196056
467934.2112281452
85830.85552783583
90857.13219966162
1298192.1004167635
1275171.0902953972
1324392.910260259
405051.25477308955
401459.34712398285
317770.62376349006
328115.2802583641
359118.8161061536
406645.6413965377
363023.3808778963
462248.08139261627
82475.55343271898
491007.00190836826
528012.0610157496
514706.29765590833
550380.3210930233
543240.9352102906
1095424.7669645692
811776.5091570118
713644.0824075001
978611.5645548841
1100797.8647673435
101747.00947757364
104642.34321665858
1016084.3571158625
421930.1137367701
681629.9913270854
679018.2520019924
616475.4528867981
715814.8822815438
159082.11571949735
184306.11168542274
103931.71560783095
96831.4265007276
768027.7759223514
114050.98539443788
113049.69397963051
768698.636099512
101747.00947926736
1087009.4342977372
1113727.7123908666
1488814.018100449
1153936.1347093757
1148678.949536727
1140691.3535655644
84957.93096646253
85913.42986968115
86488.63584983627
84672.16063448593
1175342.7064239418
1176645.4162394195
659491.1654097233
608042.074338319
1258757.999727732
1214629.6686756937
492997.4353848124
405051.2547764395
461981.3943726149
457997.1252521664
406645.64139968174
417534.06825998187
844996.3327690755
878943.6772922801
1175180.5017829777
99818.6427492157
99368.76988198442
819939.8084012164
83904.83973901864
110199.1825315634
111065.570916384
713644.0824030455
1100797.864761953
788166.0401190218
809680.3420854197
1719897.0349264329
1917958.4481803621
1637157.0093521297
467934.21122393914
429117.75379819697
1187436.1705452988
1191312.844047019
973530.685935239
963410.9710611003
95910.46506235069
95905.30619210775
91297.06786791502
2061056.4374600446
1879493.3178835548
2707825.950602053
967746.1348101458
965264.8197860024
1020205.5882124947
1017509.6878248169
993686.8633010321
988403.6194554376
522134.70213358244
500866.55194179533
493805.5819304258
496788.3864353366
493294.8618405519
91740.1508121561
91945.58319080548
94836.5791508469
108892.14349720934
1001875.4110720368
978611.5645504753
1018707.666460863
103694.53596107144
100582.98034807354
100631.87034623136
1185356.1029623721
1043843.1000509812
1089873.6086681993
1054864.4236427732
798014.1293647758
1350751.901087632
1242039.484891135
1181772.2383480389
1176645.4291990495
1178467.7140413786
467111.2953182525
469728.17143045267
563880.4580586159
156619.87080663393
250746.15295727242
329527.84394552675
85051.28027335498
81669.83061463936
762817.7555695634
755754.2769327138
835548.4337411643
722060.0210246128
869755.3635034086
875904.5767757158
1214469.5080475938
1194540.016467981
860332.598833869
427896.6557482588
1164668.4745799664
694971.9133474748
951479.8702853596
887251.8189238366
1204443.3652429667
1242039.4848947995
1233698.967755948
1231146.9523134378
112958.22982996408
828402.354188681
813878.889865114
75066.00022917218
76571.20660254035
76472.84125791118
815635.0120728664
845846.5327754804
80591.79114899637
80174.11352049871
85414.56668240903
83385.76790512029
2745720.2254453236
1661946.8240531438
1523904.2658572095
1331537.5930684633
1382541.8528918508
1179804.9359954272
1286710.0444833238
493209.22386013815
581136.5723733817
562699.910218448
562623.0323780794
608273.320127995
528522.847480978
870850.483275812
927642.9443106535
692598.9667020234
658522.5426519868
659491.165404852
798014.1293590402
809680.3420796794
788166.0401133598
1331537.5930738805
1523904.265865247
1491570.5023675195
1532458.3917746919
94755.95293786241
362659.80024341587
351581.5852249657
422349.79380052927
428594.50895192433
82605.8089388706
80097.62312091986
691731.0820627713
1189622.0548795362
654774.7221235321
1170218.2682755191
1173231.3275266537
1175180.5017634688
1166239.2717379213
1160369.1007361112
1160319.3432562647
1173340.5553976335
1173343.6547871782
1167245.3482587673
1175706.9513374178
770194.9433220803
1001875.4110754974
430462.84782293957
335763.2172370009
337891.3226247896
210285.4503344363
1073390.4573264923
1120366.113864634
462248.0813896658
334299.74179800006
363023.3808753271
1081833.5367086064
1011408.2269616121
669937.3918607428
732043.393949989
802618.6280516679
827898.6121612682
1178028.2528813828
1141067.7226034312
1168926.011230125
1168488.2712982034
619546.5146787919
467959.9779227352
694971.9133485951
718708.7902736564
114225.0892475145
1040398.8217588267
1054864.423640507
1063744.7084053159
1050513.0177156406
1055178.976984548
99692.9618336809
96889.10187351984
98301.06370937578
928485.3633274367
928829.7428081965
971077.8641145215
970660.2425900727
949517.4401041975
946306.9065525684
1210926.8759729685
1210931.9775002794
1189632.796594972
1235541.839249925
78440.7276539601
81742.66210359137
81653.94962287246
76242.68437609903
1422076.0060713307
1457446.6570287582
1160319.3432656159
1160369.1007396867
473039.09002271766
467959.97792284837
323066.7057652064
718708.7902725427
1204434.1417668746
101982.9787250825
98495.77049071022
846574.8836664311
807184.2239954345
516756.57382888475
564934.5556099426
564540.9112119152
741285.6927785374
742600.3725171277
1165970.2791417835
1127789.3233276005
1132696.9352149041
80097.62312170364
80120.07050668144
82428.7198076602
81666.37390487027
1133948.305827385
1137620.063153656
1136521.1116493705
901122.8132104469
84173.78446262519
83810.89900913656
84386.89415725402
82605.80893967293
82598.73375757792
1204702.2905160494
1248831.7103359043
1844329.2431883188
2002353.478579768
114040.44834134265
114040.44834132094
2317413.1098621907
2538798.356950064
120822.99191972331
120150.00356518629
120449.27260511031
1119702.035926791
1136350.4036258531
1148754.8231418943
67782.12734959775
98160.84602241742
171560.50508426473
85830.8555285439
835359.0894841054
830387.1027542051
800375.8898824217
801353.1767004958
528012.0610115089
518419.5463362144
531115.4216126219
430462.84782114584
894331.7574639366
889664.150672985
935449.6357327801
896967.5004722964
955776.2999875393
949197.7989786991
91945.5831897992
91740.15081113834
94753.3193137496
88256.63177003653
99362.5537350825
103270.3907852287
103289.26583672797
102131.32303852958
1207895.6515606877
1181772.4259376104
1294015.452693223
1252524.9816010238
1386389.4535351258
1359539.8345911202
95910.46506316008
99837.61231219507
95824.81139708044
876376.8816419754
879448.590279103
3095166.8259508265
1041746.7201097045
1040399.8582442185
1061323.682739301
1070945.1357655013
1087894.996243657
1086809.791366255
518419.54634039395
504824.18541743845
531115.4216168221
78786.83417296885
1132012.7941921398
1408101.878447646
1310379.5291287643
993330.4323980744
969557.1797645733
1158115.4950277572
113895.46392454373
335763.2172351493
1160904.9505625505
1120366.1138724766
603189.4320265698
608042.0743337265
1119355.725978525
1072769.2446964614
950708.2014471951
944657.6272759677
1487176.379619443
95819.26189094796
92284.33406575005
92293.26445621719
91876.43380749715
115656.84206535925
115692.31219493144
111542.44921758125
116528.94782604344
113159.56572233181
113088.70080382127
714611.193405399
793164.1538921773
776948.235371934
809500.1557842431
94560.56791107482
94596.98870907493
1297845.8484422197
1311832.6069339179
1225698.042774364
1230779.272675781
1164243.9838936492
102580.14845303196
105674.08259362681
101976.93212846832
101982.97872331538
1124223.4314096002
1112205.8224856947
1134342.309668768
1201340.3202425577
115017.98248970766
115124.1430524252
115704.63672334299
112774.21181357204
109589.4957928668
107195.9112434557
584553.345230896
631731.5014713049
978896.0713500046
463807.10650876863
863736.7044778117
864656.1495029916
867908.3001150964
954493.8941644408
114816.23843955334
114804.54116227891
114190.91655178252
116299.91385585103
946306.9065642307
1709190.0766138511
785406.3963907674
940719.1421129095
1636167.1561164423
1719897.0349351834
2242417.906884712
1888532.018811698
171560.50508372174
210285.4503335972
362737.7028197943
198167.20736095708
835891.3656662675
815123.919966878
814096.4442145714
809215.8516937406
1170282.679118803
99368.76988109223
99837.61231134512
95824.81139622445
1105638.1917899917
1106345.0937180198
1275800.5978064297
1195159.6685562008
1203674.325456734
1401071.1260534597
1403909.3317597066
1279665.162615256
1134503.6249265876
1181976.7726274866
1366222.3459401557
888309.3626365969
1031530.3411390624
938805.1481465391
343514.0607175708
339865.58471093985
494599.5468158469
207424.02246161053
819939.8083956989
799436.0185939205
203984.63985780545
124689.69764058758
113871.24221002909
596803.7288482924
598647.0625091166
599013.0187460124
598921.1201535093
553866.314574429
639013.2844988431
1150367.723711918
1144342.7322441603
1144687.1347495744
1131015.2443608753
1106345.0937123902
198167.20736097477
307696.1325892391
159082.11571946845
175394.43582002513
1325996.7772687182
1324090.6894723794
1334515.3812228767
1261824.2353225886
1595771.4169342532
1277945.2050537698
743159.6501889525
808728.4205949683
797816.4932738998
795058.7747032951
88244.21668487582
85232.57920029097
85266.61160905517
1178467.7140443495
1170181.3937980125
1179268.6916900033
1179260.0329366121
1175191.2040538401
1174131.58059576
1143580.0945023054
1151599.4236353314
108420.45125813664
111427.98613415657
111451.77082520167
110652.33737463408
927223.8549163848
899690.6453907909
443380.62270091544
421930.11374051595
368785.1284688654
546493.4055396375
466918.1277144875
457282.84379755805
669937.391856965
827898.6121577716
811776.509152763
770194.9433185176
1166316.0442925773
1168635.551192199
1122114.3710021141
1172444.568112546
1116337.1105053928
1112464.4867900226
1119702.0359216575
1136350.4036167294
1148754.8231308744
1200419.6459490983
1081889.899812437
1119654.2687499006
1105638.1917843635
1879493.3178942902
1945346.1328012655
1335809.9127823524
1141288.641343483
1166958.801491091
1166971.1399857358
1170118.0727620972
1170218.2682916985
1173231.3275329478
1173241.8336604796
1112205.8224919618
1124223.431415909
1073616.5519115475
480154.9209856392
595643.7233335972
593585.8997894264
566884.801522256
899652.1001548346
884798.9202610985
999987.3025846678
1032877.4909030452
795806.5931134844
782470.1557227881
815635.0120757848
816428.1718442211
1248830.5618400832
1013819.6543495309
1095350.7221090714
1138950.6954246273
1217990.0010798392
951479.8702890546
918357.157468134
887251.8189264006
1114690.7934457834
1017509.6878326854
1020205.5882219267
988403.6194638091
993686.8633087715
78786.83417227119
78757.53838096777
81653.9496221798
1204618.632885324
1203840.6826969692
1261530.3222003223
1185581.7876830273
1219806.677855981
1219774.5138604937
617455.2900175207
809597.4328330511
87458.19751633266
1157736.176933888
1166279.5898051143
1157748.408235994
1157838.046499644
863736.7044718815
889231.3968920106
888619.3851352903
91024.03157239937
96463.56900179606
684913.7118598911
101693.45015806383
96478.35408088496
647981.9153832202
648334.2609946262
603091.277950183
83876.67596517384
114007.51444807918
114909.15507695981
114477.03447677355
1179305.05889614
1191676.9508965411
1155960.325530317
1032877.4909091601
999987.3025906681
979271.8218019465
884798.920266523
880219.7341689435
899652.1001604444
114804.54116045793
114909.15507488447
116299.91385401947
116292.46835612334
83500.6112672041
83506.03423278645
81690.45401354747
81666.37390409116
82598.73375677598
83876.67596433879
1160384.5091878392
106036.04891433903
107632.18081187012
722663.8319542166
728666.1893293882
110273.18495171441
751747.8438437504
954493.8941654529
926233.4510161823
1087836.1778344824
902271.0198316446
886511.4874657267
691755.7168342702
958339.5538450554
816472.4526398655
814829.237283402
894331.7574705904
889664.1506794681
886246.8625383812
838131.496229338
845486.2146735163
842586.8883468291
1061969.5619901787
1013819.6543531332
1095350.7221141986
1093155.6555568003
67782.12734915964
98160.84602174356
337891.32262280845
92405.67350815947
95957.87074747626
92405.67350817902
89115.30693643691
1164349.4676788566
76472.84125713124
75066.00022849
78373.62987136965
78440.72765328077
76242.68437537522
98935.87044885772
98957.8089725148
98501.37635094917
98495.77048926197
94692.15961513168
102613.11648289759
100875.1259554334
99362.55373418982
118643.71439480683
117439.26402488361
120256.01746283744
1082070.3077636333
1128462.3889348481
1133948.3058215117
1136602.0048421987
941918.7449905195
2560369.2965203356
1709190.0766213327
978896.0713474134
631731.5014705231
584553.3452307137
463807.1065085914
941918.7449890813
2002353.4785901722
1844329.243197051
1669254.3522269754
1488814.0181102834
1033031.0330509646
1157575.2741051598
1157862.2460578324
1127856.717024013
1127178.6718641606
1160026.3870084155
1136500.2764894809
1487176.3796072027
1516120.5848294771
1480302.6066026574
1324392.9102482174
1275171.0902853967
1314103.238512805
1113638.6892962665
1135270.0487536846
1141417.4294140325
1646031.006956122
1644323.78153693
1652618.9809017773
2061190.2749787192
835891.365672234
835406.6689329586
809215.8516994896
814096.4442203817
102740.46071119951
827264.6827710969
823711.3644480675
789356.2263125994
787532.0964879702
832387.2644332123
770369.5623045381
89116.48647892049
86862.07585867366
85913.42987052705
1203674.325463053
1212718.0437437356
1322428.0726023687
107908.91380919753
107908.9138091764
1151599.4236274767
886511.4874672488
958339.5538461595
816472.4526404643
814829.2372839359
1166239.27173622
1174131.5805931955
1170282.679116725
1166279.5898034102
1081894.481866613
1408447.008892075
1408101.8784534626
1161480.8562007311
1160384.5091915375
1159351.4195169916
1159351.4045003657
1164668.4745775976
1157736.1769320928
1158115.4950259419
1180347.5596089887
88725.37474132428
86149.45743679047
2538706.768220985
2538798.3569383346
1888532.0188027585
3144197.00895564
2242417.9068735177
2378837.7961893566
85130.6401389714
81742.66210290014
83000.18203542141
82828.98243912727
1677821.729365019
2183887.671450263
1861509.3627054342
1873198.1655969059
1175301.245607422
949574.1574903101
926360.2198740611
909873.6346030247
75635.80862439342
79341.17730146076
2183887.67144113
2317413.109852419
1677821.7293583257
1551790.6121189934
1810126.9315173905
2560369.2965095537
83867.59016979995
83500.61126801968
83506.03423361134
860725.9240875217
860579.4240141917
848204.6333003824
842901.7543474013
836287.220434315
836219.5781844825
870308.6581934566
906022.0890826143
106271.331182774
301876.4537739608
564934.5556055293
564540.9112075027
608273.3201234146
528522.8474767358
562623.0323737066
562699.9102140892
108892.14349623387
632603.828403336
681629.9913320657
616475.4528914497
617067.3647743546
993274.1420933817
1056232.2457221851
1063154.202030204
493293.44561774476
1060937.0263709896
1016259.4724689071
1015822.5565720509
1038523.5825971565
88714.64995956125
95819.26189180487
92293.26445707833
92284.33406660963
617455.2900177969
802116.7054986219
809597.4328347091
766387.4094443856
1081889.899818223
1038558.2586647314
1062764.7363408708
106937.39738627292
103832.89142415122
102613.11648450622
102580.14845463623
1222917.7232930604
1201340.3202360144
1212718.0437373898
1322428.0725956815
832387.2644274007
800375.8898767424
1177493.7647853524
1177290.7152783468
1193988.3488231513
1178505.758244265
105939.36866847958
106248.63554855673
103649.36752077831
108146.87862676628
106237.70139394587
113871.24220996375
124689.69764032566
203984.63985761697
146168.25602922562
307696.1325893912
323066.70576513105
290795.66852590564
288922.37330462295
175394.43582002868
473039.0900229789
3098690.4250138374
2746082.00135178
1908532.729922837
2606297.5633336892
2285484.8691671635
1994884.839712007
970611.2668142155
1207895.6515642034
1181772.4259409
1294015.4526976529
1252524.981604792
264330.7861129516
94995.13970031506
633283.8144161871
97669.41377563498
100061.18560327131
836287.2204272877
421071.89260646084
301876.45377674385
252962.5832413226
301856.2661795103
91179.0415810638
91154.2583275024
90459.91313659816
90521.67616233719
87316.22391067796
94677.01840555803
1159639.3492644073
118098.53353553526
1200360.7916407343
1186699.5327210494
1156186.45907332
1088541.4570717858
1089142.9054019481
1080969.4577818506
985737.6541204343
922170.2374396884
1011408.226957088
1034124.9827486578
762759.577986136
761982.4076404806
789356.226306965
787532.09648236
741285.6927732227
801353.1766948114
1038523.582603703
1060937.0263814563
1081894.4818685264
112518.13892588117
763620.058550246
739292.4593458109
673758.5912125233
921494.0228854417
960696.3310957018
888309.3626313476
1251392.1139543278
1254331.856598051
1236008.0044791154
1344641.946805383
1298983.7814799866
1299619.0302511984
1203840.6827047705
1204618.6328935989
1185581.7876905042
1261530.3222097948
1219774.5138686593
1219806.6778648316
550560.2273290203
598921.1201474032
599013.0187398477
1056232.2457160682
1063154.2020240747
985394.7421621195
991818.2575979034
1022722.143894122
1019951.7670559708
1018534.1681993343
1019016.845105041
1072674.4078760282
926235.7348412162
1018534.1681998041
1019016.8451055428
113495.75251463715
111083.59364629028
111157.79112860467
825977.3473954042
120074.78966759452
120225.4705159455
119131.44943405555
823538.8185235808
821154.1679122035
1287032.32771617
1310202.3666975275
1274076.7157233006
1170772.0549483474
1150463.4211696004
1150451.19064178
1135270.5638816683
1144687.134745532
1168200.8673511234
1167572.703963529
1142200.8927998648
687560.3406714442
638422.4219438856
720699.0704162739
691427.7097528009
690186.508649707
675288.763469557
657177.278147281
1175301.2456038082
1179260.0329332668
1179268.6916866563
99362.47097136888
100875.12595631696
102740.46071209387
909873.6346091223
926360.2198801131
888619.3851413544
889231.3968980764
905103.8115540653
906022.0890796992
877594.3581383526
114665.81626657546
115585.1999604328
114510.47314295835
795058.7746988133
838131.4962239317
843218.7434898525
845486.2146685295
2746082.0013708724
2061056.437473248
3151459.3964008885
2791145.7646675375
130893.23337957232
129443.4569133677
130893.2333795717
129443.45691332014
184305.8631806886
146168.20359943394
743558.908509434
739819.5557293743
783080.8218558973
719881.5974990516
764527.3159558593
765814.4717945862
111560.8352815066
111569.84019512022
109563.07735045483
112815.74140797918
362659.8002402809
351581.5852218608
368785.1284655541
422349.79379675316
1045230.5321227605
1078359.1835026718
1093089.7299136224
1094874.5504837602
566884.8015263408
568680.064691413
498459.6223020249
634601.8087060569
563011.3764272389
564286.5879709042
1235400.1242018617
1234360.3708951778
1310104.3105194496
1204702.2905110584
114050.98539328162
108304.66457361124
108768.49122653276
104847.06782613177
710256.6030411974
768027.7759195891
919891.7854737
917926.8706410694
947516.6674442367
931788.3634283543
965264.8197937714
967746.1348197259
1174170.5955729226
1182426.2487557442
1170056.8713548442
1169907.8659774554
115017.98249057728
116434.13175736018
118466.54031615291
115124.14305329505
116116.94136209438
1417867.9187142395
1422076.0060842042
1641885.15350455
1334550.1430828744
1457446.6570409017
1457610.6562933095
887083.5070350278
876376.8816362366
962558.3396391688
979271.8217959885
880219.7341633926
947824.2271676699
1040398.8217609109
1063744.7084069184
1059759.6625004834
1147120.6805602033
114040.4483402729
114040.4483402729
751897.1478499442
747111.113668114
715814.8822867842
713710.9681589362
679018.2520069652
773445.5471012898
1182426.2487527444
1182531.6989382708
1169907.8659752368
1170056.8713526232
1179885.220365183
1174170.5955703584
87316.22391158048
87253.88633387364
90459.91313759307
85587.73221875036
1022722.1439001332
964940.6564954828
961345.079042013
985394.7421681398
104642.3432186328
104854.93570061937
105648.57726856828
105674.08259550246
101976.93213023509
108429.97834125873
317770.6237660861
328115.28026092966
227657.65114334444
196286.1227167508
253831.9437525349
334299.7418004124
1323562.5435665792
1422171.2815249658
1181976.7726208034
1207148.5876100522
1134503.624920078
1063096.5002823337
114514.81197238697
115585.19996148281
114510.47314392315
3095166.8259646264
3144197.0089706765
2538706.768232714
820076.0057966857
833649.7282826192
820550.6142814124
815123.9199727048
1089142.9053951984
1080969.4577748457
1200360.791630927
1186699.5327110817
1156186.4590652615
1088541.4570645224
84173.78446179055
84184.64007607763
86166.69977741742
1018707.6664668747
1017193.9614641158
991497.5323991646
993728.07731063
1067435.2462472518
1081833.5367019614
1105542.4240383778
1143255.5617661842
1169789.910152096
1183122.1811154834
15352.287863819938
111366.63494215033
96831.42650181205
106271.33118393518
146000.72181320918
107195.91124252471
112815.74140701786
111157.79112769332
111083.59364537788
109589.49579194162
109563.07734953062
905292.228881512
820646.7574067349
831309.7422401563
840045.5873291406
922255.3865311167
907152.2984316999
115704.63672426694
112774.21181452218
113895.46392556423
113878.35643000204
632603.8283987301
634601.8087014627
568680.0646872922
721245.335563435
666711.2510043782
673966.1655126368
1078359.1835087826
1063750.212916079
1094874.5504896115
1093089.7299194708
1043025.2159016035
1045230.5321287875
92405.67350731221
92405.67350731221
625485.7712551135
628028.3397231448
546078.564840653
607252.7058230358
1210931.9774959204
1248830.5618350646
1248831.7103308837
110637.04933449312
521934.1343213528
555955.6865797363
596803.7288417277
556516.2752571242
553866.3145688487
553657.70192793
114663.9073752846
114907.25709182334
115570.09516186384
947824.2271735468
938805.1481523915
962558.3396450535
991818.2576039378
1031530.3411452046
1019951.7670620788
1538267.066970042
1520437.8340151303
1589186.4597578165
1589119.04324325
1872740.0099083935
1403909.3317663565
550380.3210884299
546493.405535119
443380.6226969979
681336.4112516742
590916.6652447011
587264.0853033126
1101560.8621535613
1101560.1879071328
1061695.8663298825
1131060.9616155524
1112238.8273715435
1112679.3831840227
83276.61594392415
83385.76790591079
85414.5666832419
79468.98278561352
100061.18560452333
97669.41377681647
102131.32303976019
98957.80897385825
98935.87045020291
103931.71560925286
94596.9887102516
828132.4572088988
848556.1725885331
833482.2073044443
1140691.3535603622
1644323.781525214
1652618.980890311
1646031.0069429262
1641885.1534915369
1457610.656281272
2061190.2749655568
113049.69397867021
115692.31219396969
115656.84206440602
118264.67798069947
768698.6360966212
795806.5931110575
1113727.712391408
1113638.6892968016
1132012.7941935663
1132696.935216352
1087009.4342987137
1141417.4294149606
112958.22983249027
112857.19551404587
112865.96833777745
112518.13892828726
110637.04933690079
1204443.3652396908
1203201.116773018
1200665.6151733545
1235541.8392458155
1258948.2967695072
1258757.999737815
1228678.8101119958
1229977.0535007955
1295232.2483187332
1214629.6686845555
870850.4832816652
874243.2727964415
913178.6645123182
873418.6408716367
927642.9443165455
922633.053216942
1299619.0302461975
1298983.7814749992
1254331.8565940957
1251392.1139504088
1344641.9468004955
1236008.0044749957
1186107.8599801776
1165040.8335376808
1177321.5763495292
1164920.0619502761
1167171.0610056957
1177313.486430491
823711.3644423913
827264.6827654061
813878.8898596041
874243.2727905813
873418.6408658761
879448.5902733175
823538.8185261117
821154.1679156739
120074.7896673193
825977.3474018669
1595771.416944371
1480302.6066121997
1908532.729936659
1850667.9991477795
1516120.5848420481
1994884.8397210732
875904.5767696347
1923357.0818655093
1453902.0797334018
964011.6858511121
1019424.987912867
883189.3329626387
1366222.3459325961
1177313.4864264964
1165040.833533026
909829.2927415165
109518.21644506726
109469.40652702606
105648.57726669648
111451.77082333442
1136521.1116437658
1137620.063148049
1168926.0112250817
1168488.2712931545
1178028.2528758803
1141067.7225982314
1654933.4661341193
1524305.083699036
1776531.7464237018
880239.7426880007
1294605.095357327
811065.1386779414
819733.6353010022
820110.942907068
810187.8078767576
795145.7276873215
1038558.258658818
1062764.7363349432
1016084.3571098064
1017193.9614580566
1043025.2158955862
1063750.212910152
835406.6689269848
857864.689598106
833649.7282766306
833482.2072984567
848556.1725826045
857499.0794762927
743159.6501839029
745293.7862852246
797816.4932696285
715236.0961002233
783234.6021195377
778676.2869987681
67035.30809593751
9970.918762621368
63639.50206190098
72058.36084714642
84606.76022368141
82828.98243986089
78757.53838164835
85051.2802740468
81669.83061532913
83000.18203614595
869755.3634974189
867908.3001091146
834308.8890992813
835359.089478224
864656.1494970537
830387.1027483987
928485.3633349056
928829.7428223863
891648.0204078063
905103.811562076
2606297.5633432237
3098690.4250354217
1287032.3277232528
1310202.3667040935
1183122.181122515
1274076.7157293255
1170772.0549531593
1143255.561771388
469164.7149368568
468807.19283494307
493294.86184506986
496788.3864398502
488240.62880147697
483120.0922549708
501225.81541680126
491553.2364401634
489493.936486853
482843.3311968788
88725.37474221602
88725.37474223517
1086809.7913573997
1087894.9962370899
1041746.7201023343
1040399.8582325263
1070945.1357568598
1061323.6827244295
828402.3541878402
836219.5781787711
848204.6333027893
118661.25631713105
116447.6854659755
116638.24471961174
116604.42193889672
119330.85983955897
119131.44943444725
120225.47051607897
1100861.6595362017
1248787.3880290785
1551790.6121251853
1368938.1914024763
1810126.9315247796
1298192.1004223214
84606.76022361408
67035.30809602735
9970.918762545942
63639.50206179568
72058.36084705242
751747.8438491417
761982.4076460383
771587.8721537447
728666.1893346838
762759.5779916954
922170.2374434152
950708.2014505706
1119355.7259822288
1072769.244700651
944657.6272793405
1034124.9827529872
1181772.2383521956
1181771.7066680598
1194742.829161239
1173343.654787484
1175759.7367862042
1175706.9513424248
1175342.7064433547
1173340.5554065732
1167245.3482749427
105939.36866946968
106237.701394842
108146.8786277431
103649.36752170212
106248.63554945277
973530.6859311041
963410.9710567547
1016129.3905037055
802116.7054967539
845058.5983887134
845846.5327788999
878943.6772979978
877594.3581426811
844996.3327743094
870906.7766481653
104337.58361220622
104272.72445314338
107242.81894787749
99818.6427483732
103289.2658358003
103270.39078430111
1155965.9935559852
1131015.2443597137
1145953.3841999867
1145953.6058330152
106036.04891518943
103694.53596189737
101693.45015886209
684913.7118648986
700023.1638492275
722663.8319595129
949574.1574963792
993330.4324041618
969557.1797706271
902738.0229588535
903869.233535681
991120.5525469839
766389.4438741475
902738.0229573472
903869.2335342654
111065.57091537531
112921.02926207308
111560.83528053152
111569.84019415574
110199.18253055593
428594.5089480523
543240.9352055084
466918.1277102496
457282.84379347524
1184850.7640710836
1186741.5226372464
1228678.810102565
1194540.0164600282
1167171.0610013583
1148678.949531803
1164920.0619456184
820550.6142756704
120449.27260411024
820076.0057909485
120822.99191874244
1538267.0669625504
1520437.8340077042
1636167.1561080592
1335809.9127756415
1394148.965751191
1353325.6111730994
942773.0772398773
993728.0773045563
991497.5323931011
970611.266808158
1161405.7417361457
1161365.4387309493
1155965.9935581118
1155960.3255306394
1150305.004884351
1161485.6746860025
91297.0678686822
91216.80554718057
87557.46285755094
95905.30619292085
91876.43380829519
91840.90088264689
1179305.0589016431
1234360.3709008042
1191676.9509025258
1195159.6685621827
653284.6563303319
654685.1643594464
718359.1831808641
606807.6392873917
677778.9976015455
681521.2847150968
107632.18081271194
109081.31874013031
110273.18495253558
113474.0596477706
108957.88021838423
1189632.7965912048
1189622.0548757694
1186170.1645636314
1186107.8599756793
1210926.8759686127
1177321.5763455369
1776531.7464189231
1524305.0836934247
1654933.4661293703
1294605.0953544509
880239.7426866258
1166971.1399889665
1166958.8014866603
1161365.4387301093
1164243.9838830961
1161485.6746878233
1161480.8561983272
1521280.374911308
1531895.1701863592
1608818.5801410943
1350751.9010925787
1386389.4535400677
1359539.8345958577
84072.03103536896
84957.93096730737
84672.16063531964
1144342.7322407167
1161405.7417302425
1162029.9899927706
1162208.828553368
1150367.7237099872
1150305.00488128
715236.0961050651
718359.1831856917
653284.6563360072
745293.786290395
690186.5086555746
691427.70975868
114225.08924590485
114190.91655016919
111427.98613228793
114816.23843772954
112857.19551174332
112865.96833547868
492997.43538103154
498459.62229821034
461981.3943688938
563011.376423014
514706.29765185865
516756.5738248206
765814.4717905149
719881.5974937081
743558.9085052711
739819.5557251202
107908.91380698593
104854.93569861374
107908.91380698593
110652.33737222716
108429.9783390888
108420.45125596604
1229977.053491675
1311832.6069219138
1230779.2726658278
1225698.0427645834
253831.9437503826
264330.786110589
146000.72181178586
252962.58323903498
1112464.4867982094
1116337.1105135484
1168635.5511998124
1166316.0442999501
1172444.5681199387
1122114.371010251
513049.2812168216
511865.1131844086
493775.03484000085
489946.5092956456
470038.0881469777
549343.7825518396
970660.2425987375
971077.8641303034
992305.9532759023
993274.1420971246
1015822.5565806803
1016259.4724838766
860579.4240114357
875849.9213829502
891648.020396804
891402.8892332807
555955.6865853298
521934.13432626077
522134.7021384905
500866.551946376
77338.19940464394
84507.26486178667
80591.7911498064
80174.11352130218
563880.458055548
467111.29531593435
469728.1714282404
329527.8439435905
955776.2999944246
949197.79898538
992900.9602239172
973782.9954915992
1028061.9964393568
1020103.5556202302
1417867.918701457
1258948.2967597055
1334515.3812119586
1334550.1430718983
1297845.8484312785
1295232.2483078826
1160511.6798282769
1164349.4676801662
1159624.3504255703
94677.01840669994
94692.15961628192
98501.37635239496
91179.04158205341
94753.3193149615
94755.9529390768
673758.5912166925
701582.2133765445
1019424.9879185361
883189.3329676894
960696.3311012671
568797.0273900753
1159624.3504246979
1160511.6798278305
1157088.1944617468
1157088.0102585063
913178.6645063745
910413.7611801942
964940.6564894373
961345.0790359826
922633.0532110606
944693.5158212609
227657.65114183936
196286.12271525842
15352.287863606189
104925.39909963585
156619.8708059735
111366.63494129524
250746.15295576578
1200419.645952677
1200665.6151769375
1203201.1167762687
1182531.6989412797
1180347.5596117326
1179885.2203679176
1190330.0097953274
1190417.9643964698
1177493.7647905687
1177290.7152862023
1193988.3488301784
1178505.758255657
1194742.8291515866
1194744.1636526631
1181771.7066559286
1214469.5080395862
1190417.9643899584
1190330.0097860666
755754.2769366696
762817.7555733685
820646.7574105072
835548.4337446546
840045.5873329189
722060.0210285196
842901.7543440218
843213.608848354
860725.9240811896
845058.5983862396
870906.776646555
870308.6581880848
1531895.1701801938
1521280.3749052216
1408447.0088862504
1861509.3626973536
1589186.4597506614
1589119.043236091
2092143.8584264976
3151459.3963907836
2791145.7646578867
1945346.1327915094
2411913.831947461
2745720.2254281854
875849.9213790495
891402.8892388515
909829.2927384195
944693.5158273182
942773.0772459293
910413.761186115
927223.8549224421
901122.8132164468
899690.645396787
867620.1302091209
820332.2822078272
700826.0485664639
691755.7168352547
902271.0198333747
561495.7588729835
808728.4205912914
807184.2239918533
764527.315951678
816428.1718415554
782470.1557191622
783080.8218522165
1157862.2460669274
1157575.2741108185
1127178.6718705932
1127856.7170308742
1136500.276496439
1160026.38701654
460086.7889857846
616757.531340263
774425.2005154502
421071.89260273427
493293.44561320404
301856.26617668587
88684.31655953357
88714.64995871481
87557.46285684999
87458.19751561985
85196.29110094182
91840.90088185394
820110.9429037508
819733.6352980518
811065.1386759762
810187.807874463
795145.7276847487
85130.64013974684
85196.29110172181
83904.83973985244
88684.31656038167
86504.6089949992
86488.6358506506
606807.6392927768
607252.7058285973
625485.7712596722
628028.3397280829
681521.2847199196
546078.564845534
117434.08088304746
115876.77036207475
118272.46249705725
118316.6514198599
115655.62783276313
115894.99014624259
79341.17730072715
79468.98278487909
82475.5534318931
82428.71980683506
80120.07050589616
83276.61594313834
511865.1131796539
513049.2812120207
549343.7825465545
470038.0881427347
489946.5092911383
493775.03483538475
114663.90737862946
115570.09516386226
114907.25709389967
339865.5847116713
343514.0607183272
494599.5468163359
207424.02246187878
327150.26313235215
327150.98035135097
1187436.1705482663
1191312.8440500405
1165970.2791441842
1138349.5908357142
1127789.3233294978
1130463.306629877
1207148.5876167875
1162940.621315449
1323562.5435737066
1222917.7232996703
1394148.9657584794
1353325.611180194
1310104.3105251016
1310379.529134409
1279665.1626214746
1275800.5978126405
1401071.126060107
1235400.1242074806
83810.89900828605
84386.89415636608
84675.6297319408
1157748.4082346621
1157838.0464983056
1159639.3492635256
1141288.6413425633
1150463.4211691343
1150451.1906413157
VECTORS heat_flux_W_m2 double
-29449.197676217183 -4230.028491623234 0
-23051.441283930093 13984.353458039928 0
-18767.03540577111 11510.750560157932 0
-38226.57916455937 232.190031389473 0
18419.499981891364 -87.5161798838526 0
-30145.970201531658 -412.6315275509842 0
-29505.238566279877 -4262.383714727825 0
-38020.61495066155 104.47454521781765 0
-38068.294630110904 49.41879344696645 0
37512.580713201896 -1533.047022143728 0
33244.185885752086 1350.4978452264331 0
32139.542747139 1988.2638614503667 0
-29738.588848237647 3546.237859015353 0
-23345.715529774316 1907.805845737923 0
-23345.715529774316 1861.940380093176 0
-29738.588848237647 3055.6925710286014 0
-34537.635716264835 -307.9082340586465 0
-34537.635716264835 -406.0546582066454 0
14609.103687160183 933.7582491193898 0
-36280.220661977364 1517.3748677800177 0
-36879.51241287665 1863.3761229983065 0
-36248.576267354656 2227.647278047516 0
-5789.79084066255 381.95177917089313 0
-33658.50816644775 1101.8447286759038 0
-33943.43475824362 537.4207394365221 0
30133.791437018663 707.937089191284 0
-11746.270081933588 -449.356819763314 0
-11746.270081933588 849.8163282414898 0
-34405.32367837359 1470.170701582916 0
-35128.135536420625 495.59703275212087 0
29580.644470967585 -279.02966063073836 0
29477.84355365252 -97.14883466740139 0
28314.306384222815 -976.5418615853414 0
29599.4778164553 -234.54778598761186 0
-35543.752753702574 3097.4814547007554 0
-36310.31290590254 2488.293061865261 0
1307.939151817467 -1117.6929577344563 0
36360.10866387235 -341.32742192735896 0
-27819.957522011828 10785.470455342438 0
-28781.307525477372 10230.434769630898 0
8.009374141693115e-8 351.08920883899555 0
33661.072221866925 0 0
37920.31499136501 -1272.4732109505567 0
-29449.197676217183 -4789.908793664072 0
36879.51241378032 1863.3761233708356 0
-33240.818579564104 -884.8777079776628 0
21334.90407160297 1214.1955801830627 0
36879.512413778866 1517.8452447144082 0
6863.533625803422 -22.34640559181571 0
6863.533625803422 1120.9598075179383 0
-35060.917486557446 -2274.4272213763907 0
-23460.5369354703 177.59460496646352 0
-21693.460597746773 -842.6273987549357 0
1414.4914841190912 -421.7322500697337 0
32371.721279801568 2259.071125900664 0
35585.92681562877 0 0
-21188.343191244872 -23566.2050106572 0
-34151.248193157604 -1145.1079702517018 0
26150.147069980623 -1561.4394604112022 0
25538.367366907187 -1208.228282613447 0
27738.76290408452 -644.2516769450158 0
27738.762904084288 -1866.7737406273372 0
2776.0121035045013 364.34204947482795 0
1328.6425667633303 -416.0029380444903 0
1328.6425667633303 364.60957948234864 0
2776.0121035045013 -471.0296158241108 0
-29919.4999971122 3650.6869599744678 0
31645.111802999163 1702.8040215082 0
30049.844801718136 1748.0914669549093 0
5558.988893982954 730.8328497859184 0
-28872.929559738608 4892.402672556462 0
-28872.929559738608 4046.026484441478 0
37735.59242694755 -538.7558496935526 0
-5789.79084066255 -504.509902972728 0
-23302.640433167806 -6448.484524787404 0
20548.978913069703 189.55271377181634 0
36280.220661517524 1706.7558002192527 0
36280.220661517524 1517.3748673667433 0
26576.696312631015 1649.3390730184037 0
37906.37372991332 -157.4981518642744 0
37906.37372991332 -440.155218023574 0
-37799.35446528034 1514.5134098740527 0
37317.73230796243 1264.8388697372866 0
-34219.76784541912 -2821.547558309976 0
-34209.84183164546 -2909.775105897279 0
-35060.917486557446 -2335.909584449837 0
20599.795852964744 1171.2782336941455 0
21334.90407160297 746.8633039249107 0
-24688.541798883583 -7479.480174826691 0
-24688.541798883816 -7248.635054850485 0
-35365.22176658409 317.7249582090881 0
-9936.543441838585 -2427.2652686082292 0
5652.409492416773 -645.6913813264109 0
4062.9492726265453 271.9839084458072 0
26576.696312630782 1722.5127962357365 0
17775.66525461478 579.4463021599222 0
33076.91858524631 2797.4276001245016 0
33103.27690276463 2681.4349635918916 0
-27164.61293765274 -6049.919830078725 0
-27164.61293765297 -5866.469666725723 0
37317.73230796243 950.9391497005709 0
-33431.09281766374 1922.2814888649737 0
3926.532220505178 -211.66645420528948 0
2712.101683881134 489.4853460905142 0
37343.61564768269 135.28326370578725 0
32099.989413714502 1446.3133408147842 0
-23389.106494799722 8918.239506104961 0
-23389.106494799722 8842.196561031975 0
-26204.346367898397 7292.860000435263 0
-30101.222697717836 1187.077958120266 0
29116.273138146615 101.44906084728427 0
29242.684492316563 -308.1036569420248 0
28314.306384222582 227.89569601789117 0
23345.71552988421 1861.940380086191 0
23345.71552988421 1907.8058457258157 0
-32608.605172606185 -561.8353166612796 0
-33032.28727488895 -3511.470729132998 0
-25353.88629073929 943.3493666553404 0
31980.92875851295 -2586.567150154151 0
-30049.844801864354 1908.8860924097244 0
-31645.111803451786 1616.8854456292465 0
34924.52851269918 -296.19877634904697 0
34939.464882866014 -428.96096468466567 0
-35841.95849670796 -1823.4929819474928 0
-5652.409492061008 291.3620737695601 0
-33814.67710971192 903.888894910051 0
-33398.39747891965 663.5497369599761 0
37719.40879037429 1182.847175959614 0
31940.028890245594 2502.7113833406474 0
31795.089352241484 3279.727928392822 0
-33291.806299984164 -1338.0829555802047 0
-26150.14707004442 186.87569674430415 0
-24797.304341537878 -594.1884201432113 0
-15960.511858379003 18078.303488576785 0
-23842.232923054835 20800.955208893865 0
34776.86658212915 0 0
38175.134359285585 -1.769241801514682e-9 0
38055.34160831012 105.63971271913033 0
-27819.957522011828 7265.225831032265 0
-33254.51108054165 542.6264247386716 0
-31379.070337697398 524.7564685458783 0
-23835.203529840335 1625.1998158998322 0
-25912.852419323288 2105.7832507251296 0
-25912.852419322822 2320.533050270751 0
-25476.204217010643 2572.6320085180923 0
-16273.734267220367 318.26781939761713 0
357.5462575778365 -151.3491993988864 0
1923.6428120695055 781.9188544391654 0
1923.6428120690398 395.28094431967475 0
3722.2955244244076 1433.7335765147582 0
3635.175438415259 1484.0323818433098 0
-17941.646023992915 -644.701486567501 0
17732.490883702878 -783.4612116413191 0
-26389.627229159698 -8461.602310203016 0
-2523.1915728887543 -519.8473126636818 0
-31122.413021617802 3259.6069382589776 0
-32877.89339370793 0 0
37891.75382225076 313.1018957719789 0
37891.75382225076 658.053748497332 0
38068.29461739253 415.02777181449346 0
37719.40879037429 757.5571994791972 0
37996.44358063815 917.5033109102515 0
-28400.290189422667 10010.454307132866 0
30726.088666988653 1760.041663836455 0
38023.75130933651 0 0
-27655.380467146635 -6719.073168873321 0
-34939.46488299407 -428.96096468903124 0
33398.56819073757 -2121.2005683220923 0
-8698.28084858507 -833.1192590878345 0
30636.91429206956 634.0566302955267 0
30434.830466262792 926.3628444823553 0
20294.083980761003 2268.7203585393727 0
25000.479905243963 -2227.827338995645 0
-34031.572213454405 1254.385191758629 0
9645.691316115204 3080.4444182682782 0
6743.8506062948145 1405.0658959867433 0
6743.85060629528 3278.8268346847035 0
-35159.48574934434 -12658.312274998287 0
-33115.3323531762 300.9373697990668 0
-33121.57325764274 147.6279516267823 0
-32642.277737018594 424.349350691773 0
-33398.39747891965 464.36509705963545 0
-32726.88551982428 852.0627090983908 0
-32726.88551982428 473.19767708395375 0
-8689.803920030594 -6195.381626058312 0
28174.18263833318 5747.166908616899 0
37481.344444549904 -1461.2798625952564 0
37045.60684684402 -2133.2963870459935 0
33670.19725785358 -330.2360737034178 0
-38023.75130483124 0 0
23835.20352951251 1625.1998161403462 0
25912.852419043425 2105.783248573076 0
36466.762143229425 -2028.8123584294226 0
36466.762143229425 -1740.899621542485 0
37019.93179345445 -2060.272269404959 0
1694.4685132023878 527.5947880398016 0
613.1109674382024 -96.72728482587263 0
3.026798367500305e-8 257.2524987969082 0
4294.67032808857 -354.41950691724196 0
32196.018753615674 1501.7559062989894 0
38017.60416959296 -210.44854267893243 0
-14906.735848058015 -6055.017534468905 0
-3501.6311916918494 2202.3309435630217 0
31914.30729121389 -2621.948526566848 0
30579.89902683627 -3648.611289751716 0
30579.899026836036 -3469.297345074592 0
31980.92875851295 -2660.412448813673 0
32978.94849879667 997.591338554048 0
-14829.228828168474 -432.68935895571485 0
-29761.1917222864 -14450.220695266267 0
22808.834914910607 -69.00778814405203 0
22808.834914910607 771.6640951586887 0
-8314.653848752845 -2110.97987164557 0
-32196.018753703218 1946.213388500968 0
-30674.62837265525 2740.2221206601243 0
-31868.926866802853 15265.426698919851 0
-31868.92686680332 8007.835978975054 0
-29761.1917222864 -8226.884277468082 0
-27895.72600970138 -9303.91141349962 0
3722.2955244244076 574.2480526417494 0
5952.582420469727 545.8030029612128 0
5952.582420469727 1861.9047980706673 0
-36477.90653767879 -1300.9170290228212 0
-35841.95849670796 -1668.081803273526 0
37975.745425283094 -677.4082485339022 0
37875.385939169064 -735.3508251107996 0
38201.38171193248 -337.78748399345204 0
37975.745425283094 -230.375074272888 0
6367.918486815877 -1551.4098946859594 0
-7229.672370173503 326.806089324411 0
-7229.672370173503 -619.2710774710868 0
-8698.280848585535 228.63042657915503 0
-31033.398929137504 3007.577108909376 0
-31122.413021617802 3058.9694193894975 0
-3258.4634849914582 3108.320312885102 0
27286.710950837005 -4741.787233097944 0
7393.7179638366215 -2642.6824551327154 0
7393.7179638366215 -959.1642879052088 0
-36360.108663961524 -341.32742192572914 0
-1616.068300853949 959.4970820159651 0
-3635.1754383528605 1484.0323818235192 0
-3635.175438353326 2125.2291364674456 0
20599.795852964744 522.9342341315933 0
23132.369024577085 1895.2295412849635 0
23132.369024577085 1985.1160428943112 0
35616.674953985785 529.2780636300449 0
35354.58148502075 0 0
35116.94608986727 470.74271611490985 0
34732.084663719055 -998.7234987330157 0
33419.20230895141 -1753.0969791768584 0
33422.336891184095 -1754.9067310802639 0
28280.366953335702 739.9278596234508 0
22860.741154470947 -4551.119639316108 0
23302.640433127526 -4806.250307918526 0
-38143.69258128718 -13.868632700905437 0
37731.4032574388 -339.1359681991162 0
37973.56500112655 -199.32381968246773 0
3.771856427192688e-8 -381.8136621194426 0
-28089.449788772035 -5574.959605941083 0
-28089.449788772035 -6400.424474009313 0
-26389.627229159698 -7381.817490664776 0
-27609.252799993847 -8085.968645373592 0
-31094.31988161523 64.58477194682928 0
-31945.702251298644 -574.2193695521564 0
-34011.904462579696 2257.61324987252 0
-33835.778196164756 3391.415154618153 0
-33076.91858535836 2797.4276001332328 0
7291.810486075468 402.4579763414804 0
7291.810486075468 -485.23963775881566 0
-23132.369024609216 1985.116042819107 0
-23132.369024609216 1895.2295413149986 0
-29302.000038759783 4143.856936442666 0
37860.24252177449 -133.89705543668242 0
27658.984824953135 2700.1509966501035 0
27658.984824953368 2347.3723628963344 0
28472.572055830155 3169.8758054589853 0
28388.77629478951 1926.0270594931208 0
35618.4356641068 2088.837548288575 0
36276.549894488766 -578.9824450053275 0
21188.343191226944 -23566.205010626 0
19353.20043085306 -13587.189438986825 0
-26150.14707004442 -1561.4394604093395 0
-27738.762904148316 -644.2516769424547 0
32766.803170370986 0 0
32695.576022587193 -63.89594437205233 0
-31707.70435956563 -2403.3883859850466 0
-33422.336891263025 -1413.4448279221542 0
27457.750316873193 6394.450155304046 0
-23302.640433167806 -4806.250307917129 0
-21553.990889042616 162.4820712924702 0
23857.908534267917 -10986.39499149425 0
21036.23012230848 -9357.298193663359 0
-30289.423122966662 -7572.423117662314 0
30961.106040780433 1185.5874004648067 0
30961.106040780433 1221.9745429810137 0
31645.111802999163 1616.8854556512088 0
28781.307525458047 17154.01131347986 0
24728.450928982813 14814.09345629206 0
-29026.155724219978 -4545.665407732595 0
-29026.155724219978 -4791.707433096599 0
16193.075768353883 -334.26216774247587 0
-37860.242521887994 -133.89705542649608 0
-37857.77257375885 -163.42504159692908 0
-28599.274793406716 1318.700526917586 0
27341.70834123413 -3701.7779136546887 0
27341.708341233898 -4710.034474808723 0
33078.613614338974 -616.1489246602287 0
33297.24642620422 0 0
33679.69860584599 -269.1123414930189 0
-28472.572055832716 3814.879970778944 0
-27114.67740522558 3014.407032432733 0
-22778.449352971395 -17641.81933393376 0
-29217.442016960587 -22439.60606348375 0
-28946.23061201698 -13819.012040672125 0
-28402.706952069886 3135.8145899649244 0
-33013.98103886786 -3085.147457322455 0
-32611.534170370607 -493.6235931715928 0
2.8405338525772095e-8 -175.51327031524852 0
2.8405338525772095e-8 140.11497314507142 0
357.5462575778365 30.916158630978316 0
772.3887384776026 -305.8238748665899 0
29884.17472646106 -2703.4500629282556 0
27867.26903696917 -3867.9111107753124 0
8779.768760246225 -456.61513754795305 0
-22808.83494485449 -69.00780848343857 0
-22808.83494485449 771.6641692467965 0
-37984.29922814394 62.54076069162693 0
10261.711543118581 368.13321341155097 0
-36856.00244319794 1184.947099944111 0
-36856.00244319794 998.2590042811353 0
-33103.27690287122 2681.4349636028055 0
-31795.089352334617 3279.727928410284 0
26150.147069980856 186.8756967424415 0
27196.702365821227 -417.3532876733225 0
27196.702365821227 991.1095561010297 0
24797.304341477808 -594.1884201429784 0
25921.1385149681 3505.3263643060345 0
25921.1385149681 4721.1757263687905 0
-25506.95171881374 -1350.0565638011321 0
-23280.547252985183 -892.7633076827042 0
-24789.77706094645 -1764.117547386093 0
-24789.77706094645 -1777.966992591275 0
-21036.230122342007 -9357.298193680821 0
-24797.304341537878 1577.7043482484296 0
-26505.009343212005 591.7604015273973 0
32318.55836273462 -2744.7445359721314 0
33013.98103877818 -3085.1474573108135 0
7562.976253078086 2805.904419948114 0
-9936.543441838585 -587.980852317065 0
-12046.141836298164 -1805.958058563061 0
23460.5369354235 -2407.864246803336 0
23460.5369354235 177.59460495901294 0
19962.908811034402 156.5071454893332 0
19962.908811034402 -3734.6362805590034 0
21693.46059770696 -842.627398758661 0
22860.741154470714 -2061.571989698801 0
-19556.017065991415 -6969.364326960873 0
-21036.230122342007 -7823.965737237595 0
-32092.714680652716 839.3363833922194 0
-27738.762904148316 -1866.773740626406 0
-29498.07181107253 -851.0362651871983 0
-27616.10545168561 -1795.957427118905 0
-24825.85391423595 6496.987007759977 0
-26597.173860775307 3687.8719630581327 0
-27341.708341247868 -4710.034474807326 0
-25755.806071846047 10284.654149974696 0
-23051.441283930093 11846.019895087928 0
-26460.373199563706 10000.51407736144 0
-26460.373199563706 13814.167662828462 0
36009.2245095846 0 0
36465.0586831267 362.25322537648026 0
-27283.580426145112 -505.83283758559264 0
21393.693244276103 5538.4746786984615 0
30272.00996155152 -3365.020070853643 0
30272.00996155152 -3470.851454252377 0
29884.17472646106 -3141.1032924945466 0
31914.30729121389 -2522.670644739177 0
-404.66340561863035 -121.47576481592841 0
2.3283064365386963e-8 55.08022955013439 0
35618.4356641068 2284.8008440312697 0
7484.101227291394 6947.138874307275 0
-36597.59764679102 404.0884785284288 0
-36905.68816844898 2525.5529908041353 0
-36838.89833922731 2200.9703266317956 0
-36608.28401946649 352.15525226132013 0
-36009.22450968501 0 0
2712.101683881134 -338.72244561836123 0
1393.3689299668185 422.6482681708876 0
24728.450928982813 23142.981746271253 0
23842.23292301735 20800.95520885347 0
-18921.619861464016 245.1073325742036 0
-20324.58890979644 -422.76523563917726 0
32895.92118182336 0 0
33096.19619655714 -347.3340730604832 0
33078.61361433752 -337.1827644412406 0
32854.1472499026 -98.66450994013576 0
13219.94479827024 -851.8362098690122 0
11746.270077256486 849.8167913174257 0
-31707.70435956563 -2088.2879633931443 0
-31432.07762175449 -1929.154791426612 0
15214.966037399136 416.54176744027063 0
13420.290928315371 -619.6143944254145 0
-25546.725675262976 -3000.365746449679 0
-23460.536935470533 -2407.864246801939 0
-25538.367366962833 -2995.540074881166 0
-25538.367366962833 -1208.2282826066948 0
-22860.741154516814 -2061.571989696007 0
-22860.74115451658 -4551.119639318436 0
33244.185885752086 1388.7955544516444 0
32642.18049229798 1041.22757696826 0
-10262.459343390074 -863.540737893898 0
-35218.4167178013 -1463.490966471727 0
-35414.20712316467 -703.0535260448232 0
-30673.36084702867 -3523.257552334573 0
32470.443814530154 -688.3097636076855 0
-37435.95807162055 -381.61136473936494 0
-37602.052357423236 0 0
23051.44128389214 11846.01989506511 0
26460.373199529247 13814.167662807275 0
-36777.823840063065 -985.548857790418 0
-35914.403703015996 -487.0530070641544 0
27419.460154828615 -6874.88492071256 0
29761.1917222864 -14450.220695265569 0
29761.1917222864 -8226.884277462028 0
26505.009343146812 591.7604015183169 0
24797.304341477808 1577.704348236788 0
8640.167249444872 -137.99545357376337 0
8640.167249444872 1003.3934997513425 0
-3532.036958448589 -794.7260900584515 0
-3532.036958448589 62.60984480497427 0
34391.58915426087 -1949.4726900025853 0
34391.58915426087 -1868.0651258051512 0
33398.56819073757 -2441.3860489119543 0
23828.323464667425 -336.71314612438437 0
27445.894771187566 3840.85728754499 0
35159.485749347135 -12658.312274997588 0
29231.368945051916 1275.5442087184638 0
29231.368945051916 1228.9509601281025 0
27385.15582545218 1182.5747536220588 0
27385.15582545218 1196.7400897350162 0
28280.366953335702 679.8897018115968 0
28388.77629478951 1762.0153042902239 0
30043.86872467112 484.6638281363994 0
29708.695466201287 281.6066662138328 0
28599.274793323595 1318.7005269143265 0
29551.63124304125 731.1772389980033 0
28599.274793323595 181.33398398594 0
-34155.8018717129 226.2621049885638 0
-34205.9371110372 446.8876661208924 0
-34776.866582245566 0 0
-37188.520079728914 0 0
27329.004086534493 9499.009798727464 0
26460.373199529247 10000.514077357948 0
27466.87507522665 -1562.2175009630155 0
35422.26968688774 -2483.054012490902 0
35060.91748645122 -2274.427221385122 0
35060.91748645122 -2335.9095844556578 0
-17775.6652575857 579.446278296411 0
-5952.582420395222 545.8030029563233 0
-5952.582420395222 1861.9047980578616 0
-5012.421665260103 1088.6050703865476 0
-37100.0185883845 -245.28752353903838 0
13944.917016702238 1530.2479266966693 0
10212.742053041235 95.46700960653834 0
13254.760655793361 421.5704988769721 0
11746.270077256486 -449.3569465172477 0
10269.305196541362 403.36912867310457 0
-12982.068660391495 -17155.8935065635 0
-12887.709586844314 -17376.956768167438 0
-19353.200430875877 -13477.51884775795 0
-6919.2434070764575 -11031.891546595376 0
-15298.594682649476 -6194.070810868172 0
-15298.594682649476 -11136.591117331758 0
32221.862484200756 -2122.6840672141407 0
31491.88478718861 -2636.33261659852 0
29741.70069847 4397.71823179652 0
29741.70069847 4056.761573241325 0
28761.428010282805 5641.771484788274 0
28174.18263833318 5302.725209730677 0
-32505.251036973437 -1393.736048467923 0
-33712.420884220395 -13.21751767245587 0
-13420.290927847382 380.7613206207752 0
-10289.77542820666 -690.2194013942499 0
3635.1754384147935 2125.2291364981793 0
1616.0683008972555 959.4970820359886 0
-7182.7135044396855 -279.61742342216894 0
2457.9384760186076 -272.2230316619389 0
4294.67032808857 -1332.660665517673 0
4709.682001602836 -1093.05356305046 0
-10294.538343179971 817.1561469477601 0
-10212.742052970454 95.46700960886665 0
-21334.904071953613 746.863304202212 0
-21334.904071953613 1214.1955793129746 0
37902.03395501303 173.64332401484717 0
-37305.03950153408 -422.8731831992045 0
-30673.36084702867 -3187.3317828262225 0
-30323.84089163679 -380.2514822673402 0
-30636.914292158326 634.0566302693333 0
-30576.806657444104 -607.180216650886 0
34901.05463025393 1084.0747003988363 0
34336.516257522395 758.1383175102528 0
31379.18429606798 2193.444813901442 0
31346.247040839808 1384.3326949529 0
32371.721279801568 1620.4033166577574 0
32135.963896838075 1484.288727544481 0
-36294.501251609065 9860.699890443124 0
28400.290189406835 10010.454307132866 0
28400.290189406835 6152.514619223075 0
27146.487683437765 6876.397836718708 0
28781.307525458047 10230.4347696295 0
27819.95752198645 7265.225830994546 0
27819.95752198645 10785.470455345 0
-613.1109673832543 -96.72728482913226 0
-1923.6428120145574 781.9188544249628 0
-31082.622968957294 -1242.0113828722388 0
-31147.135667027906 -826.9906000799965 0
-31432.07762175449 -1443.7691216161475 0
-29498.07181107253 -1779.078065387439 0
31478.21139865811 -1986.6976626741234 0
29978.45267823059 -2435.009920171462 0
33422.33689118386 -1413.4448279174976 0
31707.704359495547 -2403.388385974802 0
31707.704359495547 -2088.2879633856937 0
37100.018588283565 -245.2875235429965 0
35914.403702931246 -487.0530070622917 0
36777.82383996667 -985.5488577820361 0
-27146.487683436368 6876.3978367403615 0
-28400.290189422667 6152.514619234949 0
-25921.13851496065 3505.3263643130194 0
-25921.13851496065 4721.175726367626 0
34594.408122041204 772.4301538197324 0
-21693.460597746773 2419.5555915217847 0
-20811.000184075674 1910.066831913311 0
-23974.447029338684 1102.6274554696865 0
-23974.447029338684 3390.5610615944024 0
32227.50395165349 336.7318928532768 0
31541.661519122135 -193.68804408586584 0
-33422.336891263025 -1754.906731086783 0
-13296.900427664164 -417.56031083874404 0
3.026798367500305e-8 -216.66577317751944 0
7301.554269250948 -858.37173178792 0
8779.768760246225 848.5233442615718 0
10262.459339749534 -863.5402736212127 0
-5821.251877579372 -338.88091208133847 0
17551.01062906906 -321.73425488197245 0
17551.01062906906 829.0302177052945 0
14688.671578411479 844.1034013028257 0
14688.671578411479 -406.2983619081788 0
16126.367983668111 -816.0054191257805 0
16193.075768353883 462.2698059203103 0
-25755.806071846047 8590.723497473635 0
-27329.00408656872 9499.009798731422 0
-1616.068300853949 972.2895061434247 0
-988.1116364856716 1334.8404569402337 0
-1017.4588877037168 1266.0860825115815 0
-634.7375272959471 405.71791738970205 0
25353.886288226582 943.3493731757626 0
23082.704553556163 932.6584590731654 0
21036.23012230848 -7823.965737231076 0
19556.017065960914 -3499.7172209830023 0
19556.017065960914 -6969.364326956682 0
-27114.67740522558 3670.6085668853484 0
-27918.567430794472 4134.734691574704 0
-26204.346367898397 6884.452414609026 0
-28174.182638388826 5747.166908611311 0
-27457.750316918362 6394.450155358529 0
-27457.750316918362 7608.105525141116 0
-20751.46475951653 -899.3650266095065 0
-20324.588909796905 69.76811953959987 0
-19126.010297624394 39.09154862049036 0
-19126.010297624394 -622.2315678668674 0
-772.3887384007685 -305.8238748549484 0
-1123.137315322645 -103.31908866716549 0
-2457.9384759352542 -272.22303162212484 0
-2457.9384759352542 -873.9669014292303 0
-37644.06627466524 762.5301537729683 0
5012.421665332746 52.21981416991912 0
5012.421665333211 1088.6050703926012 0
3926.5322205056436 679.1583801908419 0
-26576.696311987704 1649.339064675849 0
-26576.696311987704 1722.5127989207394 0
-35616.67495408765 529.2780636344105 0
-35116.9460899735 470.74271609890275 0
-35354.581485116796 0 0
31051.56120325555 633.0545124341734 0
31051.56120325555 200.87024317192845 0
29215.031899969326 200.29879872407764 0
29215.031899969326 662.3230471215211 0
30145.970198842464 -412.6319124819711 0
30133.791437018663 730.7448670780286 0
-14932.022602143697 -456.36977499420755 0
-14932.022602143697 475.17989078047685 0
-13296.900427664164 487.6684567248449 0
-13519.762270640582 -340.18899534177035 0
-31094.31988161523 -939.9985704454593 0
-31836.785145221802 -1198.2520999474218 0
-31836.785145221802 -511.3360487652244 0
-30556.869458213623 -629.7014224619488 0
16035.850153437816 -1465.3686488782987 0
19918.26603324432 916.4156607273035 0
-17551.01065705996 829.0299504213035 0
-17551.01065705996 -321.734181772219 0
1123.137315390166 -411.09804661758244 0
1123.137315390166 -103.31908868346363 0
1022.3496497482993 -469.2878327611834 0
2457.9384760186076 -873.9669014546089 0
17941.646024028305 -644.7014865735546 0
-35870.39670464728 675.7643852615729 0
-35121.292828298465 1108.259711813298 0
-33244.185886581196 1350.497847573366 0
-33671.73753483989 1597.3449078670237 0
-27616.10545168561 -2945.466316453181 0
-29567.210483063944 -2520.450670846738 0
-29567.210483063944 -1818.9952964475378 0
-33419.20230902801 -1878.6825753366575 0
-33419.20230902801 -1753.096979181515 0
7182.713504506741 703.4658620748669 0
5558.988893982489 -233.99198299786076 0
4226.244529714808 535.4683378355112 0
-31541.661519231275 -193.68804407858988 0
-31541.661519231275 577.0619630420697 0
-32092.714680652716 258.9112705667503 0
-31945.70225129719 39.584982363157906 0
-23280.547252984717 -1172.9510026220232 0
-21779.073601939715 -306.07478222227655 0
-21779.073601939715 -769.9790126706939 0
31835.56787337945 -996.4313017476816 0
-32642.277737018594 97.26213523535989 0
-32675.854085791798 0 0
-32810.06892268051 194.13642186846118 0
-32227.50395174662 336.7318928576424 0
-32227.50395174662 -123.11330596130574 0
-17941.64602399245 130.40163075225428 0
-16735.42104362091 -566.0126894121058 0
31988.95774649689 15302.073586804327 0
29819.615203949623 22500.372176817444 0
-38114.55938530271 0 0
-38114.55938530271 0 0
-18861.903816081583 6288.659766475204 0
-26486.423269418534 -1306.428412331501 0
-38060.573173640296 -404.81830003073327 0
-38201.38171208091 -337.78748398908647 0
-38019.65826303058 -811.3097649591509 0
-21555.278178261593 -675.8185103526339 0
-20273.48283799691 804.2712656110525 0
-18922.967572486494 -755.1694453782402 0
-341.105824443046 287.5974676857586 0
-272.73223512806 474.36857243208215 0
-634.7375272959471 265.3647186374292 0
-32318.558362851036 -2744.7445359939593 0
-34151.248193157604 -1015.5006697284989 0
-33000.68816989893 -1679.776811779011 0
-34575.17684964836 -1260.255994740408 0
-34575.17684964836 -1141.4080689093098 0
29498.07181100268 -851.0362651916221 0
30116.266419598367 -1207.9510904354975 0
30571.313050251454 -421.8132186557632 0
1616.0683008977212 972.2895061713643 0
30669.00599758653 2518.515978174517 0
30669.005997586763 2266.358973483322 0
30049.844801718136 1908.8860888145864 0
29738.588848176412 3055.6925721927546 0
29204.466032265685 2747.3166192988865 0
29204.466032265453 2396.9657510579564 0
34205.9371109397 446.8876661048853 0
34155.80187162559 226.2621050082089 0
34594.408122041204 671.1715099168941 0
33398.39747883816 663.5497369803488 0
-35414.20712316467 -732.5999133609002 0
-35949.28213710809 -995.7155877200421 0
-35949.28213710809 -1041.5256180494907 0
35144.116920477245 2558.6488995482796 0
8188.654619905632 1836.7998948746826 0
8188.654619905632 355.9008415208664 0
9645.691316115204 995.5793624226935 0
10212.742053040769 1524.508271011524 0
12073.85884726094 2397.4825462936424 0
12073.858847261406 449.9919841797091 0
-34391.589154384565 -1949.4726900054957 0
-35218.4167178013 -1472.1035716065671 0
-34650.295047156396 -1144.0983706954285 0
-29505.238566279877 -3632.571351153776 0
-30474.888481910806 -3072.7437088980805 0
25785.041047627805 795.4568473813124 0
-26278.907452365616 558.0473200033884 0
-26278.907452365616 716.5067691572476 0
-25134.96828782838 56.05318168876693 0
-25353.88629073929 1092.1085390085354 0
-24080.207610379905 356.7498068283312 0
-24080.207610379905 665.0195454056375 0
-30116.26641967427 -1207.9510904345661 0
-29580.644471048494 -279.0296606379561 0
-30571.31305032596 -421.8132186571602 0
-31028.629095730867 -1743.9353789872257 0
4226.244529714808 -343.0160099156201 0
17785.49884405732 -517.5255613154732 0
18808.79107041424 73.27248361287639 0
28251.278436557157 -45.167681608116254 0
29218.25859658327 -505.4911104502389 0
-5759.383803267498 542.1423662856687 0
37731.4032574388 -505.27321496920194 0
988.1116365185007 1334.8404569737613 0
-20548.978916411288 189.55271651456133 0
-23082.704556676093 932.6584659183864 0
32611.534170295112 -493.62359316973016 0
31432.07762168115 -1929.1547914172988 0
27642.642953409115 7367.598445340991 0
27642.642953409115 5417.077616943279 0
28079.328905405477 6753.3187222837005 0
27329.004086534493 7186.518960331567 0
-14335.955074730795 -483.9337631831877 0
34650.295047035615 -1043.1490472808946 0
34140.53387270251 -601.7850460804766 0
34140.53387270396 -748.8382947718492 0
33806.54382377688 -1530.2890452861902 0
-37478.13063063368 1322.1491793898167 0
-37461.59868117393 1853.9129104523454 0
-36879.51241287665 1517.8452452935744 0
-37719.408778737125 1182.8471750253811 0
-37317.73231024417 1264.8388684770907 0
-37317.73231024417 950.9391567975399 0
29026.1557241641 -4545.665407720953 0
28089.449788725935 -6400.424474001629 0
28089.449788725935 -5574.959605926881 0
29449.197676163632 -4789.908793653827 0
34011.90446249384 2257.6132498521474 0
34011.90446249384 2420.966497970221 0
-13761.662786277477 -1161.4749129263218 0
-12046.141836298164 -171.01842632703483 0
-10259.438014204148 68.21525466768071 0
-10259.438014204148 -1202.5723634832539 0
-4363.461317484733 -846.7030100272968 0
35696.39337500848 1369.6829577194876 0
36358.52378732234 987.4017842579633 0
35870.39670446102 705.5814803388785 0
35870.39670446102 675.7643852077308 0
26207.089861660264 -3046.705626182491 0
26207.0898616598 -2596.252923191292 0
24789.777060949244 -1777.966992599424 0
-25977.38055930659 -3179.328354306519 0
37486.90445539396 -1022.243520244956 0
37486.904455392505 -1458.06978882174 0
37735.59242694755 -878.6634522984968 0
37410.132412555686 -690.7590245566098 0
-37015.22025017912 -836.761882097926 0
-36477.90653767879 -1146.9801000057487 0
-2421.6251740031876 -894.9323961662594 0
-2421.6251740031876 -1277.1599368932657 0
-4709.6820015236735 -2215.9426272287965 0
-1497.0711679735687 -1810.9514434877783 0
-33534.33342552185 -887.1650842290837 0
-33534.33342552208 -788.9320615339093 0
-32505.25103697367 -1383.0730581772514 0
2371.7789648775943 -218.47883439203724 0
-37882.764464190404 377.2387911667465 0
-37882.764464190404 201.04971476102946 0
-37644.06627466524 515.0512557476759 0
-37984.29922814394 259.67083831783384 0
-30133.79143777839 730.744760369882 0
7641.022720898254 5286.651548299007 0
3501.631191737484 2202.330943603767 0
3258.463485036511 3108.3203129279427 0
-27419.460154816974 -4532.823708864395 0
-27419.460154816974 -6874.884920711629 0
-30289.423122966662 -5217.911021245178 0
-25000.479905215092 -2164.3382174039725 0
634.7375273299403 265.36471864860505 0
634.7375273299403 405.7179174120538 0
-1307.9391517884796 -1117.6929576913826 0
-543.3365538180806 -757.3257630590815 0
35266.679620707175 -501.11333243828267 0
37029.661701948615 -519.8095157721546 0
37055.02981638233 -216.5362107816618 0
35914.40370293148 -875.0770073053427 0
-7301.078603624832 365.5791593717877 0
35414.20712303952 -703.0535260404577 0
35218.416717681976 -1472.1035716007464 0
34650.295047035615 -1144.0983706852421 0
-22860.01659616083 -459.24136886629276 0
-22860.01659616083 -145.896281251451 0
21804.968145574443 -1435.5715470374562 0
22477.57463935716 -1047.2420050967485 0
24266.502249745186 -2080.079847028479 0
21274.872605351266 -1350.5203606488649 0
21274.872605351266 -739.279847312253 0
21804.968145574443 -1044.4695564676076 0
-27655.380467146635 -9416.575451607816 0
-27873.123157092603 -9290.861650404288 0
-27873.12315709237 -14438.570921349572 0
-26479.97734195809 -8737.956137908855 0
27773.185924818506 -3452.6642135342117 0
29146.92497859709 -2915.0926634916104 0
809.4370914399624 138.6318788898643 0
809.4370914394967 304.85507660522126 0
613.1109674377367 251.98081992659718 0
252.48485625348985 -16.70144771086052 0
30673.360846976284 -3523.2575523271225 0
29449.197676163865 -4230.028491616249 0
-252.48485621949658 98.68378895195201 0
-299.26127295428887 71.67741204053164 0
-299.26127295428887 40.409445577533916 0
-31949.898463570047 785.8218270136276 0
-32099.989413805306 1446.3133408157155 0
-30362.780364499893 2004.1656727220397 0
-30362.780364499893 2560.1765884186607 0
-30101.222697717836 1853.155282736756 0
-32196.018753703218 1501.755906298291 0
-2874.2887090980075 -441.43269260553643 0
-4277.4133085412905 368.6616761293262 0
-4277.4133085412905 -502.49234638921916 0
-1414.491485252045 401.381631227443 0
22860.016596178524 -145.8962812521495 0
543.336553840898 -757.325763099594 0
1022.3496497482993 -480.7674220241606 0
404.6634056470357 -121.47576482524164 0
404.6634056470357 -124.14610115904361 0
-20599.795852839015 522.9342339653522 0
-20599.795852839015 1171.278234246187 0
-17314.645761903375 550.3717051988933 0
-18419.499982189853 -87.51617908664048 0
11861.557419854682 -4158.7856121691875 0
8314.653848832007 -2110.9798717009835 0
-32486.43324911571 2351.5683628334664 0
-33671.73753483989 1526.0910831065848 0
-32417.050418330822 2311.510166627355 0
-32417.050418330822 2250.4850307377055 0
33398.39747883816 464.3650970538147 0
32726.885519732605 473.19767708395375 0
32726.885519732605 852.0627091027563 0
-10269.305197319016 403.36925767874345 0
-7291.810491458047 -485.239674333483 0
-11756.966484244913 471.5209698139224 0
-11756.966484244913 -343.6713405721821 0
-10261.71154306084 368.13321341155097 0
-8778.71248167986 -337.83702374994755 0
-5652.409492061008 -645.6913802321069 0
-7013.027866566088 139.8620079853572 0
-36964.27384711569 513.5030236124294 0
-37329.94913721777 581.1745391169097 0
-37329.94913721777 724.6257517137565 0
-37476.91149680322 217.5315372791374 0
31033.558850552654 -543.1917839809321 0
31835.56787337945 -1006.2319112257101 0
-21393.693244316382 7690.1441786866635 0
-21393.693244316382 5538.474678712897 0
-20811.000184075674 5202.056682057679 0
-24825.85391423595 5708.5852833474055 0
-23961.524826016976 5209.56464941497 0
-23961.524826016976 3383.1004239956383 0
26204.346367853926 6884.452414607396 0
27457.750316873193 7608.105525139254 0
25755.806071807863 10284.654149951879 0
25755.806071807863 8590.723497467581 0
22162.83732243348 1121.3143049236387 0
22162.83732243348 736.1880928562023 0
23082.704553556163 590.2287090951577 0
23835.203529512975 1701.729176916182 0
24524.106885249726 1303.9906372975092 0
24524.106885249726 1422.422736945795 0
21555.278222426772 -675.8184988675639 0
20273.482806242537 804.2713647605851 0
18922.96761541767 -755.1692599891685 0
11835.846830216702 -355.8712347878609 0
23986.82016382506 77.1647574803792 0
21553.99088906916 162.48207129142247 0
22860.01659617899 -459.24136886303313 0
-27445.894771184307 3840.857287541963 0
-27445.894771184307 5454.197196775582 0
-24029.13798720762 -2542.6672889888287 0
-2851.374454712495 -392.91131782578304 0
-5827.454923197627 843.7712020613253 0
-5827.454923197627 -442.9879950317554 0
-7291.810491458047 402.4580901870504 0
-7301.554292962886 -858.3721412690356 0
-8779.768750197254 848.5228957971558 0
-8779.768750197254 -456.61501479311846 0
-26207.08986166399 -2596.2529231871013 0
-26207.08986166399 -3046.705626175506 0
-27341.7083412481 -3701.7779136537574 0
23302.640433127293 -6448.48452477064 0
24688.541798846563 -7248.635054835118 0
24688.54179884633 -7479.480174811324 0
26172.532325687353 -4791.551660815487 0
28564.617316407384 -5849.297707142774 0
27609.252799965674 -6400.877670294605 0
27907.88201747206 -5036.915000621462 0
27907.882017472293 -6573.291330163833 0
-36622.431987098884 360.0405170666054 0
-35304.86482696608 1120.7382749691606 0
-34901.05463080108 1084.0746964006685 0
-34901.05463080108 887.5983484927565 0
-16735.42104362091 380.1847086218186 0
2523.1915730368346 273.67025530175306 0
4062.9492726265453 -615.3092709276825 0
-7393.717963752337 -959.1642879175488 0
-7393.717963752337 -2642.6824550803285 0
-4294.670327999163 -1332.6606654743664 0
-4294.670327999163 -354.4195069312118 0
-4709.6820015236735 -1093.0535630011 0
-6367.918486727402 -1551.4098947006278 0
-27385.155827025417 1196.740119694965 0
-27385.155827025417 1182.5747439998668 0
-28388.776294518495 1762.0152936032973 0
-28280.366950421594 679.8897343617864 0
31028.629095650103 -1743.9353789421148 0
31002.03161218742 -1790.0630113770603 0
31836.785145114118 -511.33604874048615 0
19477.90417797165 142.05618702457286 0
19477.904177971184 807.9380031053443 0
18419.499981891364 753.1261372128502 0
17775.66525461478 -174.85010181413963 0
16525.74239617912 -340.2353194556199 0
16525.742396179587 546.793200122891 0
772.3887384776026 150.08324535610154 0
1980.8915697257034 -547.6461926300544 0
-32895.70715772861 -1398.8563816034002 0
-5759.383803267498 -358.666634705849 0
-5821.251877579372 459.61303064692765 0
-4335.035894386936 -398.4541710729245 0
-4335.035894386936 463.6810174996499 0
33534.33342545852 -887.1650842251256 0
32788.065545899095 -456.30712119094096 0
32788.06554589886 -453.24972967617214 0
33032.28727480555 -3511.4707291286322 0
34209.8418315727 -2909.7751058856375 0
34503.142461331794 -534.2986922946293 0
35000.14292076012 -3339.366826841433 0
34219.76784534636 -2821.5475582983345 0
33291.806299902266 -1338.0829555736855 0
33240.81857948215 -884.8777079734718 0
32608.605172530806 -561.8353166605812 0
-32470.443814633472 -271.2596853831201 0
-38055.341607754235 105.63972591480706 0
-38051.68050972716 103.52598997415043 0
-38175.13437368907 0 0
20751.464759543072 -359.78975623706356 0
22477.57463935716 -1356.3597643529065 0
1445.3614284405485 415.98247008305043 0
-27907.882017494412 -6573.291330171516 0
-27907.882017494878 -5036.915000624955 0
-28436.70280873077 -4731.600173117127 0
-27609.252799993847 -6400.877670305781 0
-28564.617316441843 -4805.451648900285 0
-28564.617316442076 -5849.297707150225 0
37882.76447120734 201.04967694787774 0
38051.680492193555 103.52596633456415 0
37984.29921435891 259.6707884935313 0
37984.29921435891 62.540937183075584 0
32512.823726370698 41.61614350305172 0
32512.823726370698 -295.7277389927185 0
31945.702251209877 -574.2193695390597 0
31945.702251208422 39.58498236752348 0
32227.50395165349 -123.11330595402978 0
32470.443814530154 -271.2596853787545 0
1450.9274488394149 -838.0721603552811 0
35771.327319776174 -3046.4626642293297 0
36071.724230531254 -2256.887604665826 0
35048.852062349906 -487.43402627669275 0
35330.39043539716 -1227.4405633285642 0
36433.92099493503 -2629.8468541310285 0
36113.77756823553 -420.77549666096456 0
-2371.7789648100734 -218.478834397858 0
3.306195139884949e-8 352.57347159669735 0
-2712.1016838047653 489.48534608609043 0
3219.9164535594173 864.2967457084451 0
3219.9164535594173 53.70169932884164 0
1694.4685132023878 -16.4210371398367 0
2371.7789648775943 543.3741088691168 0
1020.6512842411175 372.60752308531664 0
1020.6512842411175 -236.69982466450892 0
-30669.00599756837 2518.5159770557657 0
-30669.00599756837 2266.3589769834653 0
-31645.111803451786 1702.8040247368626 0
-31033.398929137504 2728.8983351071365 0
-32139.542747016298 2090.265901301522 0
-32139.54274701653 1988.2638643467799 0
-1328.6425667791627 -416.0029381457716 0
-2523.1915728887543 273.6702551059425 0
-4062.9492726195604 -615.3092712052166 0
-4062.9492726195604 271.98390933824703 0
341.1058244626038 287.59746769815683 0
272.7322351443581 474.36857245326973 0
1017.4588877353817 1266.0860825488344 0
-34344.84967637691 0 0
-34924.528512823235 -296.1987763308571 0
-34344.84967637691 0 0
-33670.1972579689 -330.23607372451806 0
4363.206369965803 355.21037877188064 0
30576.806657359703 -607.1802166712587 0
30323.84089153784 -380.25148227170575 0
31094.31988151191 64.58477193664294 0
31094.319881510455 -939.9985704207211 0
30556.869458152505 -629.701422463404 0
34926.05028825783 1885.0519591549528 0
34926.05028825783 1893.184157081123 0
35121.29282816604 1076.627182062657 0
35121.29282816604 1108.2597117274418 0
34316.51247730042 1541.2673363054637 0
35696.39337500848 1440.2941687061684 0
35829.01100189192 -493.11278120148927 0
35414.20712304098 -732.5999133609002 0
38068.29461739253 49.41904224688187 0
38020.614968717564 104.47475847613532 0
38226.57916007156 232.1902896888787 0
25506.951718816068 -1350.0565638029948 0
24789.777060949244 -1764.1175473877229 0
23280.547252997756 -1172.9510026189964 0
23280.547252997756 -892.7633076899219 0
-3634.918271946721 -2549.446633515996 0
-16707.083621734986 4038.3444208204746 0
-7641.022720828885 5286.651548239868 0
4709.682001602836 -2215.942627274897 0
2421.625174066983 -1277.159936927259 0
2421.625174066983 -894.9323962032795 0
1497.0711680050008 -1810.9514435408637 0
3634.91827203962 -2549.4466335901525 0
-29819.615203986876 22500.37217681855 0
-31988.95774652995 15302.07358682016 0
-28781.307525477372 17154.01131350454 0
-24728.45092900633 23142.981746274978 0
-24728.45092900633 14814.093456319999 0
19015.07142964611 523.5416461348068 0
19015.07142964611 -136.12518975674175 0
21657.201688033063 109.64399233646691 0
21657.201688033063 595.8879683068953 0
20548.978913069703 749.4767125798389 0
20273.482806242537 -203.00250406889245 0
14335.955074802041 -483.93376334477216 0
14335.955074802041 -2744.452083791839 0
11861.557419854682 -1315.8579253829084 0
12046.141836363357 -1805.9580587279052 0
9936.54344191961 -587.9808524914552 0
9936.54344191961 -2427.2652685940266 0
1393.3689299668185 -391.0142844966613 0
4.0046870708465576e-8 413.44764579227194 0
2851.3744547837414 450.7656014149543 0
-19132.33077008417 -1591.6591504528187 0
-23280.4082439607 1809.7590577986557 0
-23280.4082439607 1435.9125092343893 0
-23828.32346463157 1119.5735077043064 0
-35266.67962078564 -501.1133324340917 0
-35266.67962078564 -728.8219304243103 0
-35914.403703015996 -875.0770073044114 0
-37055.02981647896 -216.5362107742112 0
36134.517102345126 0 0
-31847.422234114725 -2509.4871219843626 0
-31847.422234114725 -2355.522483800305 0
-33313.11155586387 -1817.4310501711443 0
-33313.11155586387 -1870.0618091949727 0
-33000.68816989893 -1689.6840824182145 0
-31980.92875857465 -2586.567150156945 0
-33679.69860596277 -269.1123415075708 0
-33297.24642630899 0 0
-33096.19619665464 -347.3340730619384 0
-24266.502249734476 -2080.0798470247537 0
-24266.502249734942 -2191.552297408227 0
-24029.13798720762 -2328.594618873205 0
-37086.61019121937 0 0
-37086.61019121937 0 0
7013.027866611257 139.86200671223924 0
-3219.9164534942247 53.701699326978996 0
-2371.7789648100734 543.3741088686511 0
-1020.651284174528 372.6075230818242 0
-1020.651284174528 -236.69982466474175 0
5821.251877646893 -338.8809120832011 0
8778.712481739465 -337.8370237494819 0
7301.07860369049 365.5791593687609 0
5821.251877646893 459.61303064296953 0
23987.95145162195 -589.8624105439521 0
-17785.49884401355 780.0813538616057 0
-17785.498844014015 -517.525561311515 0
-2903.4571841312572 839.1645561596379 0
-1450.9274988826364 -838.0722607374191 0
0.00001844530925154686 -418.4973327005282 0
0.00001844530925154686 837.3145319912583 0
7182.713504506741 -279.6174234203063 0
5759.383803340141 -358.66663470864296 0
5759.383803340141 542.1423662849702 0
8757.47288082121 629.5703303767368 0
33661.072221865834 0 0
33115.33235307434 300.9373697830597 0
26486.423269460443 1627.5236472082324 0
26486.423269460443 -1306.4284123280086 0
25000.479905243963 -2164.3382174083963 0
32657.54246817273 -5693.425249394961 0
30289.423122984357 -5217.9110212428495 0
30289.423122984357 -7572.423117676284 0
32595.23749561922 -760.3594292930211 0
31836.785145114118 -1198.2520999386907 0
31931.93165995326 -1955.2924270537915 0
31931.93165995326 -1253.184966131812 0
-14609.103687095456 3897.206061362056 0
-18861.903816081583 1441.8507513524964 0
-20294.083980709314 -147.875842994079 0
-20294.083980709314 2268.7203585412353 0
-13218.91165233124 352.2763534679543 0
30144.923377564177 -64.35950609890278 0
31033.558850552887 -487.3875524092 0
31946.668071749853 -52.70896748639643 0
-30434.830466346466 926.3628444663482 0
-31290.749428344134 432.19779919454595 0
18861.90381614864 1441.8507513590157 0
18861.90381614864 6288.6597664819565 0
14609.103687160183 3897.2060613697395 0
11420.06117296638 2056.011499296408 0
11420.06117296638 5793.317380222958 0
16707.0836218216 4038.344420847483 0
-32695.576022683235 -63.89594437496271 0
-32512.82372646965 41.61614349868614 0
-32512.82372646965 -295.7277389941737 0
-34595.919017070206 61.10912748915143 0
-34595.919017070206 596.5741325863637 0
-35521.600568155525 -472.31085749156773 0
-35365.22176658409 505.2662789504975 0
-36434.72717567184 -112.2129595845472 0
-36434.72717567184 582.0769324232824 0
-33630.19832966151 618.6682287629228 0
-31898.031500617042 644.6532646182459 0
9134.627462496515 5562.630034541478 0
16648.59860701929 8278.056356820278 0
29567.210482998984 -2520.450670842547 0
29567.210482999217 -1818.9952964442782 0
31432.077621681383 -1443.7691216166131 0
29498.07181100268 -1779.0780653813854 0
31147.135666952003 -826.9906000774354 0
31082.622968880925 -1242.0113828709582 0
37188.520079613954 0 0
-28413.535349361366 -4438.010893215425 0
-30272.009961611824 -3365.0200708615594 0
-29884.17472652532 -3141.1032925045583 0
-29884.17472652532 -2703.4500629324466 0
28252.206101635005 -449.4524254389107 0
-26741.599177409662 -2062.880609490676 0
-26741.599177409662 -2287.653824508423 0
-15371.990345778759 15921.093192225788 0
25134.968263925053 734.5985259390436 0
27259.354015259305 150.44576240307651 0
27259.354015259305 696.9944182396866 0
26213.4441957986 -510.71821866557 0
-33364.53526255209 -1049.8080545599805 0
-34650.295047156396 -1043.149047298357 0
-34140.533872794185 -748.838294770394 0
-34140.533872794185 -601.785046090663 0
-772.3887384007685 150.08324536960572 0
-1980.8915696227923 100.82812164584175 0
-1980.8915696227923 -547.6461926014163 0
4.98257577419281e-8 -295.8556026429869 0
-23986.820163814817 77.16475748072844 0
-26212.464472028427 4.063630893477239 0
-25176.42239759676 -489.1361883399077 0
-36280.220661977364 1706.7558002163423 0
-35618.43566430907 2088.837548434094 0
-35696.3933750274 1440.2941687279963 0
-35696.3933750274 1369.682957464829 0
25977.380559310783 -3985.844975788612 0
25977.380559310783 -3179.3283543086145 0
24266.502249745186 -2191.552297413815 0
24029.137987221126 -2328.594618877396 0
33000.688169835834 -1689.6840824170504 0
34575.17684957059 -1260.25599473482 0
8768.764328264631 -561.789083163254 0
8768.764328264631 367.4800643362105 0
10289.775428190362 316.36708865640685 0
10269.305196541362 -498.8576136790216 0
36738.00745195476 0 0
36602.46943501115 -618.5977237371844 0
36304.39042561338 -446.5017266687937 0
37073.77604991925 -326.35108471440617 0
36602.46943501115 -598.4600868890993 0
299.2612729812972 40.40944557567127 0
299.2612729812972 71.67741204728372 0
252.4848562530242 98.68378895474598 0
1.4435499906539917e-8 -47.08841139799915 0
-1022.3496496980079 -480.76742199924774 0
-1022.3496496980079 -469.2878327348735 0
-357.5462575298734 30.91615863586776 0
-357.5462575298734 -151.34919939818792 0
-404.66340561863035 -124.14610114693642 0
-1123.137315322645 -411.0980466012843 0
24846.324369865353 -5347.268653970212 0
23994.527927462477 -416.7126680635847 0
17732.490883702878 -4032.101456752047 0
16975.25867063785 -3528.8367993775755 0
14906.735848146956 -6055.017534479848 0
14906.735848146956 -2400.651019180892 0
-29218.258596621454 -555.4427610952407 0
-8188.654619831126 1836.7998948697932 0
-8188.654619831126 355.90084151364863 0
-9645.691316043958 995.5793624157086 0
-10212.742052970454 1524.5082710068673 0
-17462.89596107276 3843.095714785857 0
33835.77819602215 3391.4151545905042 0
33254.51108045457 542.6264247344807 0
34382.349817451905 2634.8432243074058 0
34747.85026912432 3358.8796215553884 0
36434.72720063501 -112.21293735364452 0
-18767.03540577111 9501.136418192182 0
-16648.598607046297 8278.056356842397 0
-16648.598607046297 3372.9609161845874 0
-11119.122503184713 13916.661010534503 0
33814.67710958532 1121.3494218201959 0
33814.67710958532 903.8888949013199 0
33431.09281758079 1647.4426807195414 0
33431.09281758079 1922.2814888460562 0
32978.94849879667 1386.3970354170306 0
34316.51247730042 1411.084207726526 0
-2898.458727318328 430.95404667034745 0
-37875.38593927311 -735.3508251064341 0
-8404.87448826991 -1472.2903388340492 0
-8404.87448826991 -131.83960787695833 0
-7013.027866566088 -935.4226330998354 0
-6367.918486727402 -296.2532378770411 0
-5260.762267312966 -935.4701819843613 0
-5260.762267312966 76.24838674161583 0
28472.572055830155 3814.8799704178236 0
28079.328905405477 5350.588226054795 0
27918.56743074651 4134.734691239893 0
27918.56743074651 5257.772544980049 0
34938.7884961192 -1001.3490772836376 0
34938.7884961192 -1351.33935184055 0
33313.111555793555 -1817.4310501734726 0
33313.111555793555 -1870.061809189152 0
33419.20230895141 -1878.6825753352605 0
34575.17684957059 -1141.4080689079128 0
-26213.444168303628 -510.7179342121817 0
-25134.96828782838 734.5987510439008 0
-23987.951413154136 -589.8622574605979 0
37844.70960538238 0 0
26389.627229125937 -8461.602310189512 0
26389.627229125705 -7381.817490649875 0
23857.90853426815 -9923.290786565281 0
27609.252799965674 -8085.968645362183 0
26479.97734193108 -11437.142925118562 0
26479.977341931313 -8737.956137896515 0
-11972.004950479604 -151.3296545657795 0
-11972.004950479604 1111.177921500057 0
-13519.762270640582 742.2684547742829 0
-13944.917016642168 -27.88339596334845 0
-15441.165378225967 -367.0541514593642 0
-15441.165378225967 835.9760021462571 0
-19477.90417688433 807.9380084050354 0
-19477.90417688433 142.0561853244435 0
-17775.6652575857 -174.8500941717066 0
-18419.49998219032 753.1261347127147 0
-16525.74239529716 546.7932099902537 0
-16525.742395296693 -340.23532263794914 0
28402.706952006323 3135.8145899521187 0
30362.780364416772 2560.176588416798 0
30362.780364416772 2004.165672720177 0
26741.59917740547 -2062.880609488813 0
26741.59917740547 -2287.653824512614 0
28432.47085391241 -2201.6293580036145 0
28432.47085391241 -2502.602380478522 0
27466.875075227115 -1644.1423728149384 0
27773.18592481874 -2883.2407134268433 0
1275.6517384503968 -339.84942020545714 0
1275.6517384503968 414.37051761709154 0
3.771856427192688e-8 396.64845757745206 0
3.3527612686157227e-8 -322.12736016884446 0
-1275.6517383782193 -339.8494202073198 0
-1275.651738378685 414.37051761406474 0
-37045.60684696771 -2133.296387035807 0
-36986.68373170658 -1169.2672180201043 0
-36986.68373170658 -1440.722751217254 0
37723.57937587495 60.41505514271557 0
38100.655771724996 377.59409464197233 0
38113.50521077111 388.9254234440159 0
37967.70183164044 876.500013875193 0
37252.524215014186 140.24000222003087 0
37331.93361050682 405.78942716820166 0
25400.5725150886 3048.3126188246533 0
25400.5725150886 3805.875285780523 0
27146.487683437765 4813.879882614128 0
26872.180759272538 4972.251059814123 0
-1438.6201298916712 422.7427754725795 0
-1438.6201298916712 -411.8841642104089 0
3.958120942115784e-8 -407.84494743449613 0
4277.413307678886 -502.4923437051475 0
7229.672369704116 -619.2710736072622 0
7229.6723697036505 326.80607730243355 0
5652.409492416773 291.36207715654746 0
34405.32367825159 1470.1707015649881 0
32196.018753615674 1946.2133884825744 0
34031.572213409 1254.3851917851716 0
32358.47459946922 2040.007315227529 0
32358.47459946922 2220.348553794669 0
33943.43475813605 537.4207394488622 0
33658.50816635392 1101.8447286621667 0
13218.911652378738 352.27635346446186 0
11756.966484300327 -343.67134057125077 0
11756.966484300792 471.5209698078688 0
-35585.92681576556 0 0
-35829.0110020258 -493.1127811956685 0
-36134.51710247464 0 0
-31946.668071801076 -52.708967484300956 0
-31033.558850594563 -487.38755241176113 0
-32788.065545953345 -453.2497296757065 0
-32788.065545953345 -456.3071211897768 0
31898.03149680444 689.5800971491262 0
31898.03149680444 644.6532338550314 0
32642.18049229798 1074.2878585979342 0
38143.69258119259 -13.868632699450245 0
38005.76352309872 -110.18440926272888 0
37973.56500112801 -94.85655182797927 0
32417.050418187864 2250.485031487886 0
31033.39892902132 2728.898336148588 0
31033.39892902132 3007.5771085757297 0
32139.542747139 2090.2659022053704 0
-23994.527927390067 -416.7126680284273 0
-23828.323464632034 -336.7131461072713 0
-32252.55421975255 8926.899371151463 0
-31271.08181983535 3245.7244148855098 0
-159.25075886538252 20.21329346881248 0
-159.25075886538252 -40.425662773894146 0
159.25075889471918 20.213293458800763 0
159.25075889471918 -40.42566277459264 0
2.3283064365386963e-8 -71.73017544625327 0
1.4435499906539917e-8 51.51780613604933 0
-35433.63490855694 931.778128613485 0
-35472.18680863315 769.0159431558568 0
-35304.86482696608 857.432687018998 0
-34031.572213454405 1600.7551711155102 0
-33909.226025967626 1663.2051279877778 0
-33909.226025967626 1530.1185665272642 0
-37498.538714583265 -370.8288078007172 0
-37498.538714583265 -417.74231596064055 0
-37015.22025017912 -696.7863627069164 0
-37410.13241266046 -924.7890070168069 0
21693.46059770696 2419.555591507349 0
20811.00018403749 1910.0668318998069 0
20811.00018403749 5202.05668204464 0
23974.447029286297 1102.627455462236 0
26354.391484168358 -919.9247973896563 0
25506.951718816534 -1409.1943761757575 0
24189.156723825727 -913.2756950929761 0
24189.15672382526 -648.3650777558796 0
-26172.53232573904 -4791.551660826197 0
-26172.53232573904 -5477.1418192293495 0
-25546.72567526321 -4430.242021134589 0
-28413.535349361366 -4183.298114632256 0
-27867.26903703087 -3090.475680696778 0
-27867.26903703087 -3867.911110781366 0
19771.073583766352 -261.3019691428635 0
19771.073583766352 -925.818867956521 0
18808.79107041424 -816.8760396912694 0
17941.646024028305 130.40163073688745 0
36905.68816557716 2525.552989912103 0
36248.57626782905 2227.6472786710656 0
36310.31290627143 2488.293062041339 0
35543.752754038724 3097.4814549059374 0
35128.13553626067 495.59703278495 0
36597.59764726518 404.08847838593647 0
-30961.10604006541 1221.9745322850067 0
-30961.10604006541 1185.5874338427093 0
-30133.79143777839 707.9371234201826 0
-30049.844801864354 1748.0914557613432 0
-29231.36894542817 1228.950994578423 0
-29231.36894542817 1275.544197657844 0
-8778.71248167986 482.7303146519698 0
-10277.547060309444 -382.6222365719732 0
-7279.962024502456 519.239614484366 0
-7279.962024502456 -382.5736690289341 0
-37486.904455507465 -1022.2435202318593 0
-37512.58071330667 -1533.0470221189898 0
-37920.31499146342 -1272.4732109287288 0
-37486.90445550601 -1458.0697888231953 0
-37481.34444466559 -1461.2798625981668 0
-16035.850153408013 151.52778141153976 0
-16035.850153408013 -1465.368648740463 0
-19132.33077008417 322.38527665054426 0
-17314.645761903375 -586.7852106178179 0
-19918.266033254098 916.4156604828313 0
-19918.266033254098 -131.37466108892113 0
29505.23856623913 -4262.383714728523 0
29505.23856623913 -3632.5713511479553 0
28436.702808701666 -3835.7458667301107 0
28436.702808701666 -4731.600173117826 0
28564.617316407384 -4805.451648897491 0
29146.92497859709 -3425.6989039643668 0
-5012.421665260568 52.21981416456401 0
-3926.532220435329 679.1583801836241 0
-3926.532220435329 -211.6664542136714 0
-6863.533625728451 1120.9598075109534 0
38114.55938520958 0 0
38114.55938521249 0 0
-30579.89902689401 -3648.6112897619605 0
-30579.89902689401 -3469.2973450848367 0
-31914.30729128048 -2522.670644747326 0
-31914.307291280245 -2621.9485265770927 0
-30272.009961611824 -3470.8514542640187 0
-31980.92875857465 -2660.4124488215894 0
10277.547060367651 -382.6222365766298 0
10277.547060367651 543.813560744049 0
7279.962024566717 -382.5736690312624 0
7279.962024566717 519.2396144766826 0
8757.47288082121 -333.8016798403114 0
8778.712481739465 482.73031464684755 0
-32978.94849890581 1386.3970354388584 0
-32978.94849890581 997.5913385598687 0
-33431.09281766374 1647.4426807282725 0
-32371.7212798947 2259.071125902119 0
-27466.875075245043 -1644.1423728091177 0
-29232.759423322976 -1739.5825350200757 0
-29232.759423322976 -1607.8828857447952 0
-28432.47085393849 -2201.629358002916 0
-36465.058683182 362.25322534301085 0
-36486.41151415068 272.10375339273014 0
-36358.52378730342 897.7276627920219 0
-36358.52378730342 987.4017840294982 0
-35870.39670464728 705.5814802268287 0
-36964.27384711569 547.9977011709707 0
-19962.908811068628 156.5071454960853 0
-19962.908811068628 -3734.636280563427 0
-15093.927228900837 -6075.906000835355 0
-15093.927228900837 80.84878846397623 0
-17462.89596107276 -1286.8759527341463 0
-19556.017065991415 -3499.7172209853306 0
27895.726009697653 -6154.606713749003 0
27895.726009697653 -9303.911413495895 0
27873.123157078866 -9290.861650395207 0
27286.710950837005 -6506.221723459195 0
27655.380467128707 -9416.575451601297 0
27655.380467128707 -6719.073168862611 0
-37973.56500123424 -199.3238196722814 0
-38005.76352321368 -110.18440926127369 0
-37973.56500123424 -94.85655182070332 0
-25785.041047567036 795.4568473687395 0
-32657.542468138505 -5693.425249394029 0
-26486.423269418534 1627.5236472180113 0
-37763.860245799646 -64.77092800485907 0
-36329.1807214173 -115.3866312794853 0
-37770.40663149813 -129.80956239323132 0
-37029.66170204396 -519.8095157737844 0
5260.7622674419545 -935.4701821082272 0
5260.7622674419545 76.24838708969764 0
8404.874488377944 -1472.2903389930725 0
8404.874488377944 -131.83960744412616 0
7013.027866611257 -935.422632703092 0
6367.918486815877 -296.25323802465573 0
32642.277736912365 97.2621352339047 0
32642.277736912365 424.34935068304185 0
33121.57325753706 147.62795162096154 0
-27466.875075244578 -1562.2175009632483 0
-27283.580426145345 -486.9108741795644 0
-28310.26986616268 -1079.6703013379592 0
-28310.26986616291 -1075.2832892660517 0
27114.677405268652 3014.4070333000273 0
27114.677405268652 3670.6085666031577 0
25912.85241904389 2320.5330509520136 0
26872.180759272538 3810.614071058575 0
25476.204217088874 2572.6320089932997 0
25476.204217088874 3004.6466351246927 0
-3637.6866668434814 1962.4298746488057 0
-10995.303960666992 -2285.492469098652 0
-7484.1012273086235 6947.138874332188 0
-9134.627462515025 5562.63003456546 0
-10995.303960666992 6636.892116342904 0
36477.906537565286 -1146.980100023211 0
37410.132412555686 -924.7890070051653 0
36986.68373158871 -1440.7227512347163 0
36986.68373158871 -1169.267218017194 0
37015.22025006998 -836.7618821124779 0
37015.22025006998 -696.7863626923645 0
29738.588848176412 3546.2378586363047 0
28761.428010282805 4828.027222824749 0
29919.499997063307 3650.6869596021716 0
29919.499997063307 4159.41404659464 0
28872.929559690645 4892.402672671946 0
28872.929559690645 4046.0264840540476 0
-37735.5924270596 -878.6634522854001 0
-37410.13241266046 -690.7590245420579 0
-37731.40325754648 -505.27321495319484 0
-37731.40325754648 -339.13596818892984 0
28413.535349298734 -4438.010893208673 0
28413.535349298734 -4183.298114626203 0
26172.532325687353 -5477.141819216777 0
29026.1557241641 -4791.707433093805 0
27164.61293760594 -5866.469666717807 0
27164.612937605707 -6049.919830068713 0
-25506.95171881374 -1409.1943761766888 0
-25176.42239759676 -343.2775900918059 0
-24189.156723819207 -648.3650777551811 0
-24189.156723819673 -913.2756950992625 0
-26354.39148417674 -1023.3783622975461 0
-26354.391484176274 -919.9247973849997 0
34344.849676213926 0 0
34344.849676213926 0 0
27335.127132606227 5262.737984403735 0
27335.127132606227 5048.257433282444 0
26597.17386071128 4622.199911242817 0
28787.187848783797 3357.794740174664 0
14932.02260219166 475.1798907686025 0
16735.42104366515 380.1847086127382 0
16735.42104366515 -566.0126894221175 0
37476.99462320161 220.20535823976388 0
30017.248541350506 1138.5954561699182 0
31355.880011526402 400.4338213345036 0
31949.898463477963 785.8218270097859 0
31379.07033760706 524.7564685428515 0
30101.222697629128 1853.1552827314008 0
30101.222697629128 1187.0779581144452 0
38144.44529682078 -35.43667710328009 0
38051.680492193555 71.67889321572147 0
38014.033002265205 28.207316127372906 0
-29146.924978628987 -3425.6989039650653 0
-29146.924978628987 -2915.0926634941716 0
-28436.70280873077 -3835.7458667317405 0
-28432.47085393849 -2502.6023804778233 0
-27773.1859248376 -3452.6642135302536 0
-27773.185924837366 -2883.2407134305686 0
-24213.784626802895 -2682.0260717428755 0
-24213.784626802895 -2436.061501447577 0
-20845.991116655525 170.76789190480486 0
-20845.991116655525 -986.8946913219988 0
-25000.479905215092 -2227.827338996809 0
-21274.87260532379 -739.2798473071307 0
24825.853914185427 6496.987007739022 0
24825.853914185427 5708.585283328779 0
21393.693244276103 7690.1441786619835 0
26204.346367853926 7292.860000418033 0
23389.1064947634 8842.196561010322 0
23389.1064947634 8918.239506083075 0
2.6868656277656555e-7 394.9247924659867 0
2.6868656277656555e-7 -402.48256729217246 0
-1328.6425667791627 364.60957980155945 0
-1414.491485252045 -421.7322510345839 0
-2776.012103012763 364.3420475721359 0
-2776.012103012763 -471.0296152115334 0
-32135.963896932662 864.3063301613438 0
-32135.963896932662 1484.2887275590328 0
-32371.7212798947 1620.403316669399 0
-31290.749428344134 1352.2911332547665 0
-34747.850269213086 3358.8796214782633 0
-34382.34981758578 2634.843224332144 0
-35144.11692042777 2558.6488997359993 0
-34926.05028834805 1893.1841570723918 0
-34926.05028834805 1885.0519591360353 0
-35618.43566430907 2284.800844080746 0
-34011.904462579696 2420.9664979658555 0
-37343.61564777582 135.2832637062529 0
-35494.7725370375 49.58292508858722 0
-36329.1807214173 -347.6306397453882 0
20324.588909828104 -422.7652356377803 0
23280.408243988175 1809.759057733696 0
23280.408243988175 1435.912509251386 0
19132.33077013865 -1591.6591504293028 0
19132.33077013865 322.3852765269112 0
19918.26603324432 -131.37466117553413 0
23828.32346466696 1119.5735077168792 0
36838.89833643443 2200.9703261297545 0
37461.59868033137 1853.9129088661866 0
37478.13062948262 1322.1491877106018 0
37799.354431420215 1514.513398600684 0
36608.28401992796 352.1552521807607 0
36622.43198645697 360.04051637114026 0
-1393.3689298923127 422.64826817112043 0
-1393.3689298923127 -391.01428449945524 0
-4226.244529641233 -343.0160099156201 0
-4226.244529641233 535.4683378390037 0
-2712.1016838047653 -338.72244561696425 0
-2851.374454712961 450.7656014142558 0
-37902.03395432618 173.64331856369972 0
-37716.08035865938 281.00367754959734 0
-37716.08035865938 358.2415735014365 0
-37844.70960650069 0 0
-37476.99462297969 220.2053590415744 0
10294.538343245164 817.1561469449662 0
10294.538343245164 -257.85483199357986 0
11835.846830216702 632.020041752141 0
13519.762270695996 -340.18899534945376 0
-15214.966037554666 -661.878954163054 0
-15214.966037554666 416.54176365886815 0
-11916.17890384281 248.78508717892691 0
-11916.178903843276 -888.3045481226873 0
-13761.662786277477 177.18607284268364 0
-13420.290927847847 -619.6143985665403 0
-31478.21139871073 -1986.6976626785472 0
-31478.21139871073 -2142.3585076606832 0
-30887.17068868666 -1645.460148153361 0
-30474.88848191104 -2721.627266290132 0
-29978.452678269707 -2435.009920170065 0
-29978.452678269707 -2170.1087383776903 0
15441.165378276259 835.9760021378752 0
15441.165378276259 -367.05415146495216 0
11972.004950544797 1111.1779214942362 0
11972.004950545263 -151.32965456834063 0
13944.917016702238 -27.883395966608077 0
13519.762270695996 742.2684547663666 0
-16273.734267220367 -498.52142117591575 0
-17592.736153149977 263.00467605516315 0
-14715.202969478443 401.29704704810865 0
-17592.736153150443 -387.49748232378624 0
-16125.110860239249 311.1541912222747 0
-14715.202969478443 -360.0215592805762 0
31847.42223405768 -2355.5224837954156 0
31847.42223405768 -2509.4871219845954 0
30673.360846976284 -3187.3317828234285 0
31478.21139865811 -2142.3585076578893 0
30474.88848186191 -2721.627266285708 0
30474.88848186191 -3072.743708897382 0
-37252.524222797714 140.23999564303085 0
-37331.933619466145 405.7894245223142 0
-38100.655578571605 377.5940645602532 0
-37723.579387291335 60.41505032964051 0
-11861.557419765275 -4158.785612107953 0
-11861.557419765275 -1315.8579254017677 0
-17732.49088364467 -4032.101456709206 0
-17732.49088364467 -783.4612116627395 0
-14335.955074730795 -2744.452083820943 0
-14906.735848058015 -2400.6510191196576 0
33712.420884158695 -13.21751767641399 0
29217.442016946385 -22439.606063468847 0
28946.230612003244 -13819.012040660484 0
22778.44935295079 -17641.819333913736 0
24577.237368508242 -16603.288584378548 0
24577.237368508242 -12535.690365772927 0
27873.123157078866 -14438.570921338163 0
14715.202969526406 -360.0215592831373 0
17592.73615319142 263.00467605143785 0
31948.249936566222 -402.3524552034214 0
36856.00244315865 1184.9470992878196 0
36856.002443160105 998.2590068349964 0
36358.52378732234 897.7276621706551 0
37329.94913858711 724.6257534541655 0
21779.073601962533 -769.9790126688313 0
21779.073601962533 -306.0747822248377 0
19126.010297660716 39.09154861466959 0
19126.01029766025 -622.2315678675659 0
20751.464759543072 -899.3650266099721 0
20324.58890982857 69.7681195368059 0
-8753.838702938054 -4176.463178665377 0
-8314.653848752845 -4430.026673560496 0
-8633.383165284991 -4576.157975515351 0
-4594.714903280139 -2282.318912637653 0
-4594.714903279673 -5085.9209163393825 0
-37289.91022342816 86.9047136111185 0
-36127.66980035021 757.9245376703329 0
-36127.66980035021 375.88809497468174 0
-37341.21771399118 242.32214557984844 0
-36631.97656623203 667.0497432830743 0
26212.46447201725 4.063630892895162 0
25176.422397596296 -489.13618833513465 0
27283.580426129512 -505.83283758373 0
27283.580426129745 -486.9108741770033 0
26354.391484168125 -1023.3783622905612 0
25176.422397596296 -343.27759008901194 0
35266.679620707175 -728.821930419188 0
34537.63571619522 -307.9082340586465 0
36329.18072132743 -115.38663128111511 0
36329.18072132743 -347.63063974445686 0
35494.7725369588 49.58292508451268 0
34537.63571619545 -406.05465820711106 0
32486.43324904563 2351.56836263719 0
32486.43324904563 2294.2255148955155 0
32417.050418187864 2311.510166389402 0
30968.378301915713 3170.6749510955997 0
31122.413021571236 3259.6069383418653 0
31122.413021571236 3058.9694190954324 0
306.9372408329509 35.97772345109843 0
117.56932940660045 -73.35389166371897 0
316.87859283946455 -331.64603972493205 0
421.3910900161136 -243.97795355832204 0
306.9372408329509 -177.8979926344473 0
-31931.93166005076 -1253.1849661347223 0
-31002.03161229001 -1790.0630113756051 0
-32221.86248431317 -2122.684067222872 0
-31491.884787296294 -2636.332616607251 0
-31931.93166005076 -1955.292427058157 0
32505.251036915462 -1393.736048466526 0
32505.251036915462 -1383.07305817632 0
34151.24819308822 -1145.1079702507704 0
34151.24819308845 -1015.5006697280332 0
33534.33342545875 -788.9320615362376 0
33000.688169835834 -1679.7768117743544 0
-31051.561196308583 633.0548862400465 0
-31051.561196308583 200.8701409122441 0
-32825.52631114377 154.09062023251317 0
-31898.031500617042 689.5800011022948 0
-16975.258670538664 -3528.836799376644 0
-24846.324369800277 -5347.268653979525 0
-25400.57251512492 3048.31261891569 0
-25400.57251512492 3805.875285762595 0
-25476.204217010643 3004.6466352818534 0
-27146.487683436368 4813.879882574547 0
-26872.1807593205 4972.251059745671 0
-26872.1807593205 3810.614071288379 0
-27196.70236589061 991.1095561122056 0
-27196.702365890378 -417.35328767448664 0
-28599.274793406716 181.33398398943245 0
-29551.631243126933 731.1772390024271 0
-29116.273138226476 101.44906084309332 0
-28314.30638429639 -976.5418615881354 0
-29599.477816540515 -234.5477859848179 0
-29477.843553738203 -97.14883466414176 0
-29242.684492395725 -308.10365694435313 0
-28314.30638429639 227.89569601905532 0
-33661.0722220008 0 0
-33661.0722220008 0 0
24080.207619211636 665.0195881319232 0
24080.207619211636 356.7497930829413 0
26278.90745869279 558.047294604592 0
26278.90745869279 716.5068482365459 0
25353.886288226582 1092.108518713154 0
25134.968263925053 56.05324331484735 0
37305.039471546654 -422.87319983076304 0
36434.72720063501 582.0768523393199 0
35521.60053541069 -472.3110042102635 0
-38068.294630110904 415.02783417818137 0
-37719.408778737125 757.5571891095024 0
-37891.75382464455 658.0537300294964 0
-37891.75382464455 313.1019521737471 0
-37996.443613218435 917.5033260704367 0
-37967.701824779215 876.4999727689428 0
-38113.50516242965 388.92552106117364 0
-6743.850606224034 1405.0658959716093 0
-6743.850606224034 3278.8268346600235 0
-11420.061172891874 2056.0114992836025 0
-9645.691316043958 3080.4444182529114 0
-11420.061172891874 5793.3173801921075 0
-7562.976253010667 2805.904419920873 0
-306.9372408152558 -177.89799261884764 0
-306.9372408152558 35.977723447140306 0
-117.56932939356193 -73.35389166558161 0
-316.8785928171128 -331.646039713989 0
-421.3910899988841 -243.97795354342088 0
-36113.777568324935 -420.77549665863626 0
-34938.788496199995 -1351.3393518435769 0
-36276.54989457782 -578.9824450034648 0
-35330.39043548284 -1227.4405633304268 0
-34938.788496199995 -1001.3490772824734 0
-28079.328905439936 5350.5882259469945 0
-28079.328905439936 6753.318722332129 0
-27642.642953428905 7367.598445381969 0
-27642.642953428905 5417.077616858529 0
-27329.00408656872 7186.518960379995 0
-27918.567430794472 5257.772544879466 0
-13254.760651862714 421.57062066090293 0
-13254.760651862714 -455.8644302908797 0
-14829.228828168474 453.15519910212606 0
-14688.671596751548 -406.2982529825531 0
-16193.075760501437 -334.26219785469584 0
-16193.075760501437 462.2698997238185 0
-13219.94478158094 -851.8366482728161 0
-14688.671596751548 844.1030033472925 0
-16126.367950250395 -816.005757318344 0
-36738.00745207118 0 0
-36602.46943513339 -598.460086878913 0
-37073.77605003276 -326.3510847114958 0
-36304.390425737074 -446.50172666006256 0
-36602.46943513339 -618.5977237255429 0
3532.03695854079 -794.7260900428519 0
3532.03695854079 62.60984470229596 0
2523.1915730368346 -519.8473127339967 0
1980.8915697257034 100.82812165515497 0
-34336.51625514543 911.6483647499699 0
-34336.51625514543 758.1383118235972 0
-32642.18049078691 1041.2275680801831 0
-32642.18049078691 1074.2878862875514 0
-33244.185886581196 1388.7955469144508 0
-33630.19832966151 503.85551855619997 0
35841.95849659882 -1823.4929819576791 0
35841.95849659882 -1668.081803280802 0
36477.90653756674 -1300.9170290344628 0
35218.416717681976 -1463.4909664775478 0
35949.28213699168 -1041.5256180524011 0
35949.28213699168 -995.715587727318 0
1445.3614284405485 -421.5924826525152 0
1414.4914841190912 401.38162823952734 0
0.0000020205043256282806 -415.27541328477673 0
0.0000020205043256282806 412.8873296135571 0
-35771.327319896955 -3046.462664238061 0
-35422.269686998334 -2483.054012483626 0
-35000.14292085543 -3339.3668268690817 0
-34503.14246141724 -534.2986922992859 0
-34732.08466380322 -998.7234987358097 0
-35048.85206243582 -487.43402627808973 0
-30144.92337760306 -64.35950609995052 0
-28251.278436584165 -45.16768160450738 0
-29218.258596621454 -505.4911104517523 0
-1130.9574743844569 283.9594223953318 0
-1130.9574743844569 -389.88155917753465 0
8.009374141693115e-8 -368.9991827821359 0
4.98257577419281e-8 263.07704598270357 0
1130.9574744775891 283.95942235691473 0
1130.9574744775891 -389.88155917357653 0
37602.052357333014 0 0
37857.7725736488 -163.42504158383235 0
37498.53871444793 -370.8288078021724 0
37498.53871444939 -417.74231596064055 0
37435.9580715216 -381.611364762648 0
23974.447029286297 3390.561061588116 0
26597.17386071128 3687.871963046957 0
23961.524825965753 5209.564649396343 0
23961.524825965753 3383.1004239900503 0
8698.28084878344 228.63043082877994 0
8698.28084878344 -833.1192604494281 0
11916.17890386749 248.7850915757008 0
10289.775428189896 -690.2193970205262 0
16125.11086028302 311.1541912171524 0
18921.619861505926 245.10733257047832 0
17592.73615319142 -387.49748232751153 0
37770.40663139708 -129.80956239439547 0
38019.658262937446 -811.3097649649717 0
37763.8602456986 -64.77092800149694 0
38060.573173552984 -404.8183000093559 0
24213.78462682618 -2682.026071745204 0
24213.784626825713 -2436.061501450138 0
27419.460154828615 -4532.823708859738 0
24029.13798722159 -2542.667288996745 0
26253.087806740776 -5206.22910094657 0
26253.08780674124 -3826.6653215715196 0
30115.299066209 -1073.3493199748918 0
28310.269866141258 -1075.2832892674487 0
28310.269866141258 -1079.6703013323713 0
29218.258596583502 -555.4427610994317 0
-4350.613660858013 -448.9575566314161 0
-4350.613660858013 409.6667090561241 0
-1445.3614400071092 -421.59249166422524 0
-1445.3614400071092 415.98249805974774 0
-2874.2887090980075 403.3990554031916 0
-2903.4571841312572 -425.8494759928435 0
-33398.56819083216 -2441.3860489381477 0
-33398.56819083216 -2121.200568357017 0
-32895.70715772861 -1830.8736142585985 0
-34391.589154384565 -1868.065125818248 0
-33806.54382390494 -1530.2890453007421 0
-33806.54382390494 -1305.0018175592413 0
-20751.46475951653 -359.78975622495636 0
-19771.073583737947 -925.8188679453451 0
-22477.57463934133 -1356.3597643477842 0
-22477.57463934133 -1047.2420050897636 0
30674.628372584702 3012.176391841611 0
30674.628372584702 2740.2221206652466 0
30968.378301915713 3181.772993356921 0
28787.187848783797 3829.9364199228585 0
29302.00003869459 4143.856936403317 0
29302.00003869459 4127.163377649384 0
-36071.7242306564 -2256.887604665826 0
-36466.76214335312 -2028.8123584308778 0
-36433.92099504417 -2629.8468541164766 0
-37019.93179357305 -2060.2722693787655 0
-36466.76214335166 -1740.8996215221123 0
13296.900427716784 487.6684567157645 0
13296.900427716784 -417.560310842935 0
16273.734267262276 318.26781938783824 0
16273.734267262276 -498.5214211791754 0
14932.02260219166 -456.369775000494 0
14715.20296952594 401.29704704135656 0
8633.383165456355 -4576.157975481823 0
8314.653848832007 -4430.026673632208 0
8753.838703089394 -4176.463178695063 0
4594.714903336484 -5085.920916320756 0
4594.71490333695 -2282.318912696559 0
5827.454946639016 -442.98809223552234 0
5827.454946639016 843.7715570931323 0
4350.613651622552 409.6666307183914 0
4363.461277172901 -846.7027286104858 0
2903.457217344083 -425.8495298230555 0
2903.457217344083 839.1647526766174 0
-16514.87123663351 46.48415949521586 0
-16514.871236633975 2034.0536616577301 0
-14609.103687095456 933.7582491105422 0
-13944.917016642168 1530.2479266966693 0
-12073.858847191557 2397.482546287123 0
-12073.858847191557 449.99198417458683 0
-32766.80317046994 0 0
-32895.92118192668 0 0
-32854.14725000446 -98.66450994304614 0
4277.413307678886 368.661667807959 0
4350.613651622552 -448.95753142796457 0
5789.79084320087 381.9518111720681 0
5789.79084320087 -504.50991325778887 0
2874.2887127203867 -441.43269833829254 0
2874.2887127203867 403.39907318353653 0
-30968.37830199185 3170.6749510297086 0
-30968.37830199185 3181.772993389517 0
-30674.62837265525 3012.176391871646 0
-32486.43324911571 2294.225514832884 0
-32358.474599558394 2220.3485537429806 0
-32358.474599558394 2040.0073152470868 0
37644.06627170392 762.5301470645354 0
37644.06627170392 515.0512738895486 0
37329.94913858711 581.1745349084958 0
37882.76447120734 377.2388035489712 0
37716.080356507155 281.00368463492487 0
37716.080356507155 358.2415713259252 0
25546.725675208494 -3000.365746452473 0
25546.725675208727 -4430.242021122249 0
25538.367366907187 -2995.54007488396 0
27867.269036968937 -3090.4756806888618 0
27616.10545162647 -1795.9574271233287 0
27616.10545162647 -2945.466316446895 0
33909.22602585051 1530.1185663582291 0
34031.572213409 1600.7551709883846 0
35433.634908276144 931.7781288137194 0
35472.18680840451 769.0159431339707 0
37086.61019113206 0 0
36486.41151411102 272.10375337454025 0
37086.61019112915 0 0
37476.91149705743 217.53153746540193 0
36964.27384658455 547.9977008668357 0
36964.27384658455 513.5030242585344 0
11916.17890386749 -888.3045495306142 0
12046.141836363357 -171.0184258762747 0
10259.438014274463 -1202.572363029234 0
10259.438014274463 68.21525323297828 0
17462.89596104459 -1286.875952737173 0
17462.89596104459 3843.095714766765 0
10995.303960648831 6636.892116318457 0
16648.59860701929 3372.9609161652625 0
-24524.10688433377 1422.4227324048989 0
-24524.106884334236 1303.9906387596857 0
-22162.8373213741 736.1880928000901 0
-22162.8373213741 1121.3143051255029 0
-23835.20352983987 1701.7291776607744 0
-23082.704556676093 590.2287068846636 0
-28309.817297408823 2221.3463527355343 0
-28309.817297408823 1151.5821629543789 0
-26276.336805463536 3502.6366019984707 0
-26276.336805463536 2061.5643738959916 0
-26505.009343212005 2193.5885256985202 0
-28402.706952069886 2274.976220094133 0
-29215.03190356004 662.323431013152 0
-29215.03190356004 200.29869364993647 0
-28280.366950421594 739.9277583053336 0
-28252.206088759238 -449.4520605606958 0
-27259.35402989853 696.9947513458319 0
-27259.35402989853 150.44567121868022 0
34595.919038047316 596.5739238345996 0
33716.81306865532 -418.53021675068885 0
32825.52632640279 154.09070526831783 0
32825.52632640279 610.6390688745305 0
-31355.880011616333 400.4338213359006 0
-30017.248541435925 1138.5954561738763 0
-30043.86872475664 484.6638281380292 0
-29708.695466288715 281.60666621662676 0
-30726.088667079603 1760.0416638539173 0
-31940.028890338 2502.7113833493786 0
-31379.18429616693 2193.444813914539 0
-31346.247040940216 1384.3326949689072 0
19353.20043085306 -13477.518847740255 0
12982.068660382181 -17155.893506538356 0
12887.70958683407 -17376.95676814625 0
15298.594682630617 -11136.591117316857 0
-29204.46603233693 2747.3166181396227 0
-29204.46603233693 2396.9657546966337 0
-28388.776294518728 1926.0270629343577 0
-28472.572055832716 3169.87580433907 0
-27658.98482515104 2700.1509956435766 0
-27658.984825151274 2347.372366067022 0
16035.850153437816 151.52778179757297 0
15214.966037399136 -661.8789553758688 0
17314.645762035623 550.3717041523196 0
17314.645762035623 -586.7852102913894 0
13761.662786381785 -1161.4749124976806 0
13761.662786381785 177.18607148015872 0
-1450.8481523087248 347.0524102540221 0
-4363.206369898282 355.2103787732776 0
-2898.458727317862 -342.07141158171 0
-34316.512477413926 1411.0842077279813 0
-34316.512477413926 1541.2673363112845 0
-35121.292828298465 1076.627182061202 0
-33814.67710971192 1121.3494218332926 0
-34594.40812214743 671.1715099401772 0
-34594.40812214743 772.4301537993597 0
-23857.908534302376 -9923.290786578553 0
-23857.908534302143 -10986.394991511712 0
-24577.237368526403 -16603.288584399736 0
-24577.237368526403 -12535.690365787363 0
-26479.97734195832 -11437.142925127875 0
-19353.20043087611 -13587.189439010806 0
2898.4587273900397 -342.07141158147715 0
1450.8481523804367 347.0524102537893 0
3.5390257835388184e-8 -343.61263524065726 0
3.585591912269592e-8 418.7035586941056 0
30887.17068864312 -1645.4601481538266 0
30887.17068864312 -1543.9886740467045 0
29232.75942329294 -1739.5825350228697 0
29232.759423293173 -1607.88288574107 0
29978.45267823059 -2170.108738375362 0
30115.29906620877 -1098.348383106757 0
15093.92722887895 -6075.90600082837 0
15093.92722887895 80.84878845745698 0
3637.6866668364964 1962.4298746369313 0
8689.803920020116 -6195.381626062386 0
6919.243407072965 -11031.89154658094 0
10995.303960648831 -2285.49246910261 0
15298.594682630617 -6194.070810862351 0
-11835.846830161288 -355.8712347801775 0
-11835.846830161288 632.02004176029 0
-10294.538343179971 -257.85483199125156 0
-10277.54706030991 543.8135607531294 0
-8757.47288075881 629.570330377901 0
-8757.47288075881 -333.8016798335593 0
-11799.266149313655 384.4657162318472 0
-11799.266149313655 -555.1377757184673 0
-8768.764327137731 -561.7890702197328 0
-8768.764327137731 367.48002400342375 0
-10289.77542820666 316.3671022602357 0
-10269.305197319016 -498.8576551117003 0
14829.228826252744 453.1552348539699 0
14829.228826252744 -432.68937043868937 0
13254.760655793361 -455.8643911634572 0
13420.290928314906 380.7613077615388 0
11799.266148894094 -555.1377890899312 0
11799.266148894094 384.4657578712795 0
-29741.70069854404 4056.761573142605 0
-29741.70069854404 4397.718231841223 0
-28761.42801033333 4828.027222710429 0
-28761.42801033333 5641.771484839963 0
-29919.4999971122 4159.414046481252 0
-28174.182638388826 5302.725209786557 0
35365.221759482054 505.26631969423033 0
35365.221759482054 317.7249453959521 0
34595.919038047316 61.109184444881976 0
34336.516257522395 911.6483464646153 0
33630.19832346123 503.8554953187704 0
33630.19832346123 618.6683014095761 0
16514.87123668939 2034.0536616612226 0
16514.87123668939 46.48415949800983 0
17785.49884405732 780.0813538576476 0
20294.083980761003 -147.8758429880254 0
20845.991116691846 170.76789190177806 0
20845.991116691846 -986.8946913222317 0
31868.926866799593 8007.835978968069 0
32252.554219790036 8926.89937116485 0
31271.081819866784 3245.724414866185 0
27445.894771187566 5454.197196772788 0
31868.926866799127 15265.4266989124 0
36294.50125159696 9860.699890444987 0
-33716.813094745856 -418.52995365066454 0
-32825.52631114377 610.6393797211349 0
-31948.249952724902 -402.3521080785431 0
-30115.299066248117 -1098.3483831046615 0
-30115.299066248117 -1073.349319971865 0
-30887.170688686892 -1543.9886740464717 0
-31033.558850594563 -543.1917839767411 0
-31835.567873430206 -996.4313017439563 0
-31835.567873429973 -1006.2319112266414 0
-3722.295524355024 1433.73357649846 0
-3722.2955243554898 574.2480526324362 0
-1694.4685131441802 527.5947880344465 0
-1694.4685131437145 -16.42103714798577 0
-3219.9164534942247 864.2967456970364 0
-1923.6428120145574 395.28094431199133 0
33671.73753495584 1526.0910837075207 0
33671.73753495584 1597.3449060653802 0
33909.22602585051 1663.205128453672 0
34901.05463025393 887.5983470743522 0
35304.86482699774 1120.7382738846354 0
35304.86482699774 857.4326873989776 0
-19015.071419629734 -136.12520612194203 0
-19015.071419629734 523.5416973012034 0
-21657.201677842066 595.8879711392801 0
-21657.201677842066 109.64399149664678 0
-20273.48283799691 -203.0024770195596 0
-20548.978916411288 749.4767039269209 0
18767.035405742005 11510.750560131855 0
15960.511858351529 18078.303488538833 0
23051.44128389214 13984.353458008729 0
18767.035405742005 9501.136418168899 0
15371.99034575373 15921.093192194006 0
11119.122503165796 13916.661010505399 0
33364.53526243422 -781.2258658770588 0
33364.535262432764 -1049.8080545687117 0
32895.70715765003 -1830.8736142353155 0
32895.707157648576 -1398.8563815903035 0
32595.237495617766 -1225.3801405779086 0
33806.54382377834 -1305.0018175621517 0
36127.669800952775 375.88809830881655 0
36127.669800952775 757.9245293061249 0
37289.91022753762 86.90470322174951 0
37341.21772093512 242.32214377610944 0
36631.976565694786 667.0497459592298 0
-32595.237495721085 -760.3594293046626 0
-32595.237495721085 -1225.3801406011917 0
-32470.443814633472 -688.3097636222374 0
-33364.53526255209 -781.2258658930659 0
-33078.613614453934 -616.1489246747806 0
-33078.61361445539 -337.1827644499717 0
-28787.187848846894 3829.93641992216 0
-28787.187848846894 3357.794740187237 0
-27335.127132671187 5262.737984403502 0
-27335.127132671187 5048.25743329525 0
-29302.000038759783 4127.163377649151 0
-26597.173860775307 4622.199911254924 0
-38017.60416968027 -210.44854267529445 0
-37906.373730018095 -157.4981518664572 0
-37975.745425400964 -230.37507425033255 0
-37975.745425400964 -677.4082485237159 0
-37735.5924270596 -538.7558496760903 0
-37906.373730018095 -440.15521801047726 0
31290.749428262643 432.19779921055306 0
31290.749428262643 1352.291133251856 0
32092.71468055813 839.3363833951298 0
32092.71468055813 258.91127056092955 0
31541.661519122135 577.0619630435249 0
32135.963896838075 864.3063301657094 0
28309.817297330592 1151.5821629534476 0
28309.817297330592 2221.3463527241256 0
28402.706952006323 2274.976220090408 0
26505.009343146812 2193.588525690604 0
26276.336805406492 2061.564373892732 0
26276.336805406492 3502.63660199102 0
-38144.445274172176 -35.436719888821244 0
-38014.0329801201 28.207181129255332 0
-38051.68050972716 71.67880402412266 0
-809.4370913924649 304.8550765905529 0
-809.4370913924649 138.6318788798526 0
-613.1109673827887 251.98081992100924 0
-252.48485621996224 -16.70144771784544 0
2.2817403078079224e-8 129.07075263699517 0
2.2351741790771484e-8 -101.99896370014176 0
-8640.167249375023 -137.99545357446186 0
-8640.167249374557 1003.3934997532051 0
-7182.7135044396855 703.4658620725386 0
-6863.533625728451 -22.34640559228137 0
-5558.98889391683 -233.99198299879208 0
-5558.988893917296 730.8328497800976 0
-27286.710950845387 -6506.221723464783 0
-27286.710950845852 -4741.787233099341 0
-27895.72600970138 -6154.606713757385 0
-25977.38055930659 -3985.8449757825583 0
-26253.08780673379 -5206.2291009484325 0
-26253.08780673379 -3826.6653215673286 0
-18808.791070377454 -816.8760396868456 0
-18808.791070377454 73.2724836205598 0
-21804.96814555442 -1044.4695564599242 0
-21804.96814555442 -1435.5715470330324 0
-21274.872605323326 -1350.520360645838 0
-19771.073583737947 -261.30196913331747 0
32675.854085693572 0 0
32810.068922588835 194.13642187428195 0
32877.893393620616 0 0
4335.0358944577165 -398.45417107502 0
4335.035894457251 463.6810174980201 0
2898.458727389574 430.9540466675535 0
2851.3744547837414 -392.91131782718 0
1438.620129966177 422.74277546978556 0
1438.6201299657114 -411.88416421227157 0
VECTORS electric_field_V_m double
8.280352962553707 1.1013727234901012 0
7.058567928702928 -4.276958229944995 0
5.408193086165738 -3.32411386617855 0
1.2260215524879072 -0.008448143251939655 0
10.738763166839092 0.2169182602932409 0
9.13875939005186 -0.1056667967369549 0
8.715854221396171 1.352809493613961 0
1.2115911842172977 -0.0061321000939642545 0
1.2178034922514485 0.0010412553689889137 0
1.2054260180839398 -0.048731528616003494 0
8.533575924929668 0.4338816786482269 0
8.533827166421059 0.4337366243049061 0
8.838610128054427 -1.1527626608238961 0
10.678406657144365 -0.6530973612794924 0
10.678406657144365 -1.0572918810487408 0
8.838610128054427 -0.8017401653510206 0
8.580334882961665 0.16407673012977853 0
8.580334882961665 0.02631421102717013 0
12.107860447452993 1.2647565326273877 0
1.1548029957372705 -0.04765988994901704 0
1.1798754040103745 -0.06213545167804568 0
1.1612473027226429 -0.0728903910179497 0
10.377121450932293 0.06884763962028728 0
7.438868833461697 -0.30990730977026715 0
7.540255309868201 -0.10906624713862811 0
9.122887183362359 0.3275565937455127 0
10.416538005673829 0.017109212385065575 0
10.416538005673829 0.008675813232656537 0
7.6121758735882565 -0.2543044205688716 0
7.727249187901521 -0.09915004551777429 0
6.516524368632096 -0.055979107861606536 0
6.425403719063393 -0.019318654589119966 0
6.391950879201764 -0.1617727609631725 0
6.497543825035955 -0.10080864499486708 0
1.1405076134395813 -0.09915004551777429 0
1.1631963793024909 -0.08111919331139461 0
4.216931539699317 -3.9846216810811583 0
8.114538027786008 -0.06804084204598038 0
9.964034122961777 -3.9327970042591005 0
10.518804433640213 -3.6125002146508507 0
9.591716511763053 4.916955731459893e-12 0
1.053122587482841 0 0
1.216174028199942 -0.0418627169691459 0
8.280352962553707 1.427081095995618 0
1.17987540400348 0.06213545167739687 0
7.390200221725365 0.24907657402431482 0
10.573512261856962 0.3704820071814723 0
1.179875404003481 0.04663310231013451 0
10.251301288888783 0.5731705736973112 0
10.251301288888811 1.0724978817907953 0
1.1189696742642354 0.07207026042937059 0
5.8748978361734885 -0.002501033204310943 0
5.56304438075847 0.1775476440140551 0
10.24565526664017 -0.07719244521973678 0
1.0318897556024331 0.0710646537076145 0
1.1144643947345025 0 0
6.8506069257483375 7.473048865382253 0
8.459945270673359 0.19458627674742957 0
6.224369145890806 -0.32458102408853406 0
6.2550581893909225 -0.3422993516919277 0
6.449156103742734 -0.19480021289527905 0
6.449156103742732 -0.38787984493184346 0
10.15805123585099 -0.1277706561989902 0
9.926263554705628 -0.19315082613860568 0
9.926263554705628 -0.10720844643464034 0
10.15805123585099 -0.24103112712353436 0
8.469295613654708 -0.9395388255878458 0
8.76670800776646 0.5681904413323302 0
9.041384916009847 0.4123176686215366 0
10.218878129132804 0.591890093792216 0
8.868118631745347 -1.5995953529942426 0
8.868118631745347 -1.1357259182000803 0
1.2022601426309905 -0.016306358848572566 0
10.377121450932293 0.14961411510307698 0
6.230823699388225 1.6862748453552001 0
10.270271247126075 0.3098630149350967 0
1.1548029957283212 0.05610265915540347 0
1.1548029957283212 0.047659889947244904 0
9.679913583986135 0.4514728557598673 0
1.2035134207116391 -0.0038827414045197184 0
1.203513420711639 -0.01558277840817901 0
1.2148357929664542 -0.049824400693182724 0
1.1885975905907071 0.04159734551407124 0
1.0944479618437413 0.0903497915679452 0
1.0941156580936422 0.09330347928187166 0
1.1189696742642354 0.0761921742391678 0
10.98143269711197 0.35702357953265107 0
10.573512261856962 0.592536553664246 0
6.899970827981633 2.0450183698168303 0
6.899970827981633 2.0726071218643085 0
8.484228065258208 -0.1522411506358594 0
10.796494706669847 2.2139183589537907 0
10.28632505306527 -0.4229121537896674 0
10.064674555587175 -0.29494217884546003 0
9.679913583986142 0.7708225542449156 0
10.411052389817314 0.08042242386092369 0
1.0571873122196358 0.08943610649598366 0
1.0579438274424917 0.08610697916369103 0
7.4596912758190115 1.7218636171748187 0
7.4596912758190115 1.5471304479927994 0
1.1885975905907071 0.02906075828623189 0
1.0620113085526555 -0.06043949493610512 0
9.905618555989605 0.41102959412141615 0
10.041388583442853 0.3326427318808385 0
8.362967432336866 -0.0355774317543851 0
7.099877354221196 0.26306100177053615 0
6.709862459423732 -2.525361678647897 0
6.709862459423732 -2.5725946998481106 0
7.41383820639868 -2.118921089852847 0
6.839462960095432 -0.3185429818061323 0
6.4084654012456514 0.019563757628048073 0
6.4215372988871735 -0.02278711536830169 0
6.391950879201763 -0.0057053879239283845 0
10.678406657109903 1.057291881030146 0
10.678406657109903 0.6530973612646633 0
7.118493427727003 0.11024242165717624 0
1.0609651281409924 0.11024242165717624 0
9.800577998834427 -0.5211384884287895 0
8.126466276741215 -0.5732543162383692 0
9.04138491605164 -0.6827617321898174 0
8.766708007794762 -0.3461743714805152 0
1.0951550540473831 -0.010430336845303922 0
1.0954044670711525 -0.012647248883374651 0
1.1404650325023908 0.059659909509946374 0
10.286325053090764 0.21906024989701223 0
1.0670242718327358 -0.029789804059277003 0
1.0501457497526872 -0.020044984750256845 0
1.2062630341368479 0.03925990691751968 0
1.0243253653497364 0.0842517457516303 0
1.0208115431814822 0.10308924170814304 0
7.389205391504561 0.24023400815065088 0
6.224369145917535 0.0017839728024569013 0
6.053344415086542 0.10052514761730436 0
4.83432492369667 -5.561125533240187 0
7.688507141980082 -6.547070615912105 0
1.08878704959749 0 0
1.1962286281994803 -1.3280805657428285e-14 0
1.193771013873044 0.002167256944221707 0
9.964034122961777 -2.468437937831766 0
7.294801183163003 -0.11048689347830987 0
6.837353467769951 -0.1030892417107907 0
10.277237464561779 -0.8847125036197383 0
9.901498726701107 -0.6428903119246456 0
9.901498726701135 -1.0397070880122214 0
10.223597342577733 -0.8537433646175714 0
10.427211512196749 0.07371340756536426 0
5.145928348768024 -0.5828785762727335 0
6.9674270585298075 2.3200473134777155 0
6.967427058529836 1.88548251243067 0
8.52679889730149 2.785786267246465 0
7.698547863650816 3.263977226570887 0
10.493997891025288 0.11227254152873911 0
12.99812972351583 -1.0807426363745805 0
7.773540938719179 2.549374310611114 0
9.693648266971366 0.5687083633685432 0
8.177760607073935 -0.9346329873336856 0
1.0288077428074303 0 0
1.2072607747242197 0.00875762697703708 0
1.2072607747242197 0.022349066852128452 0
1.2178034922442666 0.014844467801824912 0
1.2062630341368479 0.02292511265134589 0
1.2209219926601156 0.031388466337777476 0
11.490105104740195 -4.173280921025054 0
0.98161039813332 0.056289597850986084 0
1.193122921474232 0 0
9.478717843821869 2.1849848560572127 0
1.095404467076321 0.01264724888329738 0
1.0655124292134839 -0.0699523589438058 0
10.46557533388193 0.48908541970106967 0
0.9781397353705921 0.019563757628048073 0
0.9719218414680051 0.028557693781275706 0
13.057697315762042 1.1154075670877646 0
13.038455954512514 -0.7740707773613167 0
7.8098664644140285 -0.36844113689716096 0
10.817683626119234 3.090978120791135 0
9.783003854351279 2.4936054734253474 0
9.78300385435125 4.467438459174701 0
14.862284204369843 4.823287087111794 0
1.03768770661992 -0.008511257316968113 0
1.0378121164970366 -0.005455096789717118 0
1.025745436206023 -0.012421797934450751 0
1.0501457497526872 -0.015703911904608958 0
1.0320605912776273 -0.02614538306423242 0
1.0320605912776273 -0.016067854430929174 0
2.455409255212544 1.770181649645842 0
7.80870059743819 1.6605508905406765 0
1.203915758243458 -0.04526161804047257 0
1.1891456387826933 -0.06804084204598038 0
1.0553916900296794 -0.00947192222950688 0
1.193122921488765 0 0
10.277237464529335 0.8847125036037795 0
9.901498726666105 0.6428903119111666 0
1.1657711983517718 -0.06703728316569091 0
1.1657711983517713 -0.05432325296236895 0
1.1890475498500117 -0.06776186082435665 0
7.957104106850835 1.3140921996748034 0
6.738633715460509 0.6106079881318465 0
7.796237769801081 -5.9969806898152456e-12 0
9.122699065614938 -1.386209496686348 0
7.347713653790194 0.40614935666693874 0
1.2115554260271009 -0.007711075857088634 0
13.284918630684643 5.867912917323281 0
6.9363488887781415 -4.969399710261598 0
7.799502126402807 -0.5616345785795378 0
7.996272657050486 -1.0272836752206267 0
7.996272657050486 -0.8255747413213808 0
8.126466276741215 -0.7504074196176909 0
1.0438334984819748 0.03294247424018382 0
10.476682469779917 -0.003146386092225839 0
11.742855361379696 5.858749546577926 0
9.982311145657832 0.15275593016889388 0
9.982311145657832 -0.028929010835071267 0
10.428232687082442 3.0761533736309303 0
7.347713653827441 -0.3625357775001419 0
7.448733527083334 -0.7267740262581412 0
13.391904173881557 -6.1448725091850065 0
13.391904173881557 -3.075276711713542 0
11.742855361379725 3.051745613824778 0
10.676461548006387 3.6674283717284766 0
8.526798897301461 1.8337227692016143 0
9.726376558704828 1.4485296752816197 0
9.726376558704828 2.52629925795317 0
1.157020983439054 0.042868178662217815 0
1.1404650325023908 0.05242676143399194 0
1.2158839800894286 -0.024172085106970442 0
1.2147490575095328 -0.02482733296684625 0
1.225467561990532 -0.01021269122977575 0
1.215883980089429 -0.005650501162520971 0
9.985585285621454 -1.8843970902641303 0
10.396479063156534 0.13843799242569332 0
10.396479063156534 0.28265769753870984 0
10.46557533388193 0.24276494686108663 0
8.514957816258743 -0.9131757405074552 0
8.177760607073935 -0.7184948401638849 0
6.459406055292433 -6.746383762854862 0
10.076326094301571 -1.5958050554033179 0
10.10566620759883 -3.262387218192373 0
10.10566620759883 -1.8150683373329883 0
8.114538027815513 0.06804084204645733 0
5.419680479387466 -3.2136392215048204 0
7.698547863662611 -3.2639772265827958 0
7.698547863662611 -4.529343925013023 0
10.98143269711197 0.5332525800187113 0
11.28375102238509 1.1634581691536 0
11.28375102238509 0.7077961472588399 0
1.1162076418021023 0.015573159103391632 0
1.108495961359114 0 0
1.1003889608108686 0.016059524530036007 0
7.679835326374522 -0.29641397976180706 0
7.942911889192965 -0.47883691306640497 0
7.653390713999457 -0.3116817839018857 0
9.382213405865798 0.11495955705408534 0
5.896348070392076 -1.135860970924682 0
6.230823699364578 -1.3289705661931919 0
1.197213549410833 0.0015557800328735993 0
1.1930583885551833 -0.00954656275188559 0
1.1964017477511861 -0.007616273411640506 0
9.978497351516921 -1.8474111129762605e-12 0
8.104706821753325 1.5284904431119628 0
8.104706821753325 1.9195303486968385 0
7.773540938719179 2.1107290612484917 0
8.629375916820607 2.604845618396496 0
0.9897825828930422 -0.0009011116410420072 0
1.0103611166624091 0.017351919656988457 0
1.084711112516743 -0.0735452329225268 0
1.0840811282548657 -0.11048689347830987 0
1.0571873122255226 -0.08943610649919265 0
10.408512381246766 -0.031193595965604004 0
10.408512381246766 -0.08697120177031081 0
11.283751022425207 -0.7077961472741663 0
11.283751022425207 -1.1634581691471624 0
7.586084455609694 -1.0016688454113591 0
1.1883303988805218 -0.002956277948075292 0
9.504540621643933 1.0571568450347435 0
9.504540621643933 0.6695709267856103 0
9.242684270618604 0.9059740096206141 0
9.35107063628277 0.7581768645336098 0
1.1373347335157922 0.06618796509015379 0
8.068279547878902 -0.19960764456075708 0
6.8506069257289965 -7.473048865363346 0
5.780282428405904 -4.0749491872639005 0
6.224369145917592 0.324581024087081 0
6.449156103769553 0.1948002128937958 0
1.025134326774461 0 0
1.0238865289339771 -0.0011193656335352076 0
7.474133124593152 0.4962558938585744 0
7.6533907140278075 0.39276147589191623 0
8.196848604736338 1.8286582232308248 0
6.230823699388225 1.328970566194073 0
10.076134425056267 0.08610913290677047 0
7.116800354481214 -3.3033101994955736 0
5.942565466129665 -2.625365367651405 0
14.11471864166478 4.042591666653124 0
8.961328237244395 0.23428049230670212 0
8.961328237244395 0.4585384138591806 0
8.766708007766457 0.34617437148933305 0
10.51880443360512 6.193428520343389 0
8.241718756095565 4.878752485720419 0
7.792078088572623 1.1451754648322208 0
7.792078088572623 1.3552268313358127 0
10.381522742982739 0.0633734742374017 0
1.1883303988856255 0.0029562779483001123 0
1.1880546125146338 0.006253276801402308 0
6.460198704653294 -0.24312130289146694 0
9.717806860973909 -1.171832633637095 0
9.717806860973916 -1.802796232179233 0
1.039695001004978 -0.01849100626141087 0
1.0420057332965071 0 0
1.0553991020891589 -0.009424239233457254 0
9.242684270646066 -1.3519814915937047 0
9.718131607000686 -0.9338400316300124 0
7.356086641534361 5.589742668502254 0
10.443362421747906 7.890116584380166 0
10.345401717879469 4.776385218934735 0
6.824202841030626 -0.6964188735780681 0
1.0606711648678697 0.10339648215631314 0
7.118787390999993 0.10339648215631314 0
6.38695206940659 -3.652189661806915e-12 0
6.38695206940659 -1.1425527191022411e-11 0
5.145928348768024 -0.7165053823161145 0
7.553480048670934 -0.6734952458000407 0
7.228918890274375 -0.7119472017943096 0
6.902026304869526 -0.9006787247986292 0
10.416479456444264 -0.03579338899562856 0
9.982311145694808 -0.1527559300848793 0
9.982311145694808 0.028929010550086787 0
1.205676311262664 0.0006978069210390458 0
10.418165695289474 0.016060567976204254 0
1.1693747856544974 -0.039246863080990124 0
1.1693747856545542 -0.030499053855777447 0
1.0579438274486108 -0.08610697916583376 0
1.0208115431864826 -0.1030892417107907 0
6.224369145890805 -0.0017839728047945869 0
6.311556057643397 -0.052121359994934835 0
6.311556057643397 0.18740837680337208 0
6.0533444150599 -0.1005251476195923 0
11.543637143761458 1.31350349194458 0
11.543637143761458 2.308831048457691 0
9.829645225605134 0.675452300240579 0
10.117879589627762 0.5700301157781951 0
10.065060697084363 0.5395351138167257 0
10.065060697084363 0.8889701037537066 0
5.9425654661505405 2.625365367656599 0
6.053344415086542 -0.3420431225968059 0
6.316367853956535 -0.19018646869844247 0
1.0319424047222396 -0.08933402170522431 0
1.0606711648637677 -0.10339648215634867 0
10.084755880499301 4.2932218448882935 0
10.796494706669847 1.1286883359864248 0
10.984301904685907 1.2371188727905604 0
5.874897836148591 -0.5617850349307432 0
5.874897836148591 0.0025010332010335645 0
5.243956948141431 0.006677571890897127 0
5.2439569481414345 -0.9508275251938052 0
5.563044380734517 -0.17754764401679068 0
5.896348070392076 -0.574169333499519 0
5.298036468821124 1.8675155272119923 0
5.9425654661505405 2.2396345189467866 0
1.0150238417521678 -0.02590402639856393 0
6.449156103769553 0.3878798449314331 0
6.680719260042679 0.25418679373848363 0
6.611900283166904 0.4818402411261786 0
6.700834309938671 -1.7072680964995754 0
6.768187357378679 -0.9909578050117034 0
9.717806861002714 1.8027962321826294 0
7.829860677802799 -3.171992954346706 0
7.058567928702928 -3.6172990326094236 0
8.742594073726536 -3.2275982599524866 0
8.742594073726536 -4.58957198500994 0
1.1277577835996835 0 0
1.143621595154253 0.012607033952271696 0
9.513964359669274 0.06162413407091094 0
5.8540784618143284 1.5528201490687081 0
7.6006883458794725 -0.909868999177899 0
7.6006883458794725 -0.7988929656808068 0
7.228918890274375 -0.6952278029698569 0
7.799502126402809 -0.6841077754754501 0
3.7985908215308655 0.5811915188721315 0
4.136353044434401 -1.4068746168049984e-12 0
1.1373347335157922 0.07494097034632619 0
2.1244505904665374 1.9864303529190437 0
8.036557420204986 -0.08632275272367451 0
1.1908760220076147 -0.08632275272367451 0
1.1868671098449113 -0.06684039432684585 0
8.040566332367689 -0.06684039432684585 0
1.12775778360907 0 0
10.041388583442853 0.18084746894950854 0
10.166561469117454 0.1085788693942078 0
8.241718756095565 8.009054317898261 0
7.6885071419442355 6.547070615887037 0
10.235767392546649 0.05761396345172898 0
10.185880151800177 0.03386552820433053 0
1.0305212938512147 0 0
1.0362524216865405 -0.00993941244715113 0
1.0396950010049777 -0.011926986552042829 0
1.028778432468806 -0.0041164083981611865 0
10.40159079367234 0.008583740545390128 0
10.416538005615962 -0.00867581320858335 0
7.474133124593152 0.5536532981755045 0
7.168395493795572 0.377135593961782 0
10.75364211023141 -0.03618818222662412 0
10.573262406246613 -0.1403304533336751 0
6.463680647173703 0.8083113535827238 0
5.8748978361734885 0.5617850349292439 0
6.255058189416673 0.687863120911345 0
6.255058189416673 0.3422993516899169 0
5.89634807041557 0.5741693334971956 0
5.89634807041557 1.1358609709254495 0
8.533575924929668 0.2636609150609317 0
8.721600715456844 0.37221707896050127 0
10.418136214038725 0.00683036116518565 0
1.116089113152043 0.04558646584987969 0
1.114251333219272 0.023528492171834614 0
8.377160867641635 1.0454806531836596 0
1.0238981926047108 -0.021047278174129103 0
1.1736164094708101 0.010691354703055822 0
1.1782697638719242 0 0
7.058567928675842 3.617299032606873 0
8.742594073699742 4.58957198500752 0
8.156516194070718 0.13278168960744097 0
8.288687449536724 0.20909079986338952 0
12.041227675695083 -3.224010950577238 0
11.742855361348049 -5.858749546562549 0
11.742855361348049 -3.0517456138174452 0
6.316367853927995 0.19018646869570865 0
6.0533444150599 0.3420431225929832 0
10.474029496133653 0.3551749673533493 0
10.474029496133653 0.7017627646681746 0
9.425414304537043 1.2114367712408267 0
9.425414304537043 0.7235733144625414 0
1.0932155771544383 -0.06132303927784366 0
1.0932155771544383 -0.06079497732736816 0
1.0655124292134839 -0.0767893973183722 0
13.724129470486204 0.10138571118094575 0
12.975589553732817 1.4820929354812336 0
14.862284204330379 -4.82328708709899 0
9.229881790168001 0.521146390133719 0
9.229881790168001 0.265783228434497 0
9.5157474827163 0.5462541989340011 0
9.5157474827163 0.27663599259550864 0
9.382213405865798 0.35373192814803645 0
9.35107063628277 0.45117797690082284 0
6.631303318695884 0.14433400746274927 0
6.485974134636365 0.056289597850986084 0
6.460198704623584 0.24312130288866918 0
6.4684779579705065 0.10636953335070487 0
6.460198704623584 0.10158950418128398 0
1.0708343796749205 -0.008100398643250628 0
1.0719826383918303 -0.013153435732107255 0
1.0887870496040932 0 0
1.1666841019381025 0 0
8.870899842472944 3.1535208894991023 0
8.742594073699742 3.2275982599625976 0
9.515852043121754 -0.4021990978176291 0
1.1355678960574807 -0.08165324829411169 0
1.1189696742595814 -0.07207026042914899 0
1.1189696742595814 -0.07619217423921043 0
10.411052389855001 -0.08042242387159604 0
9.726376558717533 -1.4485296752890946 0
9.726376558717533 -2.5262992579644816 0
9.787392070310773 -1.4133023530920639 0
8.193098572771333 0.048731528616144715 0
11.120097373442476 0.8490596757178537 0
10.696447426866541 0.5733497119257862 0
10.430005223028402 -0.009333910761668562 0
10.416538005615962 -0.01710921239393315 0
10.432689702545275 -0.02643439900468536 0
3.844537244552612 5.124864803658966 0
3.8362621952805966 5.14425148596996 0
5.7802824284241865 4.007261795784359 0
1.9531099119673456 3.1422758192099423 0
4.330613827813181 1.7696232873985878 0
4.330613827813181 3.1702952353284104 0
1.0287776669899706 -0.06897474407063875 0
1.006851003454038 -0.08440343314456022 0
8.038713490447797 1.2629943416810825 0
8.038713490447797 1.014911877889439 0
8.377647443867126 1.7242739643333458 0
7.80870059743819 1.3957923479575811 0
8.670248192677093 0.46473372551861303 0
8.69410638180642 0.0804742534124614 0
10.573262406283675 0.05261406649020728 0
10.500687291259425 0.2630368449933371 0
7.698547863650816 4.529343924997249 0
5.4196804793804745 3.2136392214918175 0
10.382539923948627 -0.20544804945492956 0
7.884224564174218 -1.5220642588593734 0
9.122699065614938 -2.2370978487753064 0
8.72625600034172 -2.4659843602293705 0
10.540311651069715 -0.39344298751123574 0
10.696447426882543 -0.5733497119295947 0
10.573512261892546 -0.5925365536797358 0
10.573512261892517 -0.37048200719817714 0
1.1882463861291193 0.006956919263533035 0
8.364300325561771 -0.04209263754432868 0
8.377160867641692 0.7792738693995602 0
0.9686055632341777 0.011325446412996598 0
0.9781397353748673 -0.019563757628304757 0
0.9775158849393506 0.01931865458897164 0
8.34283551186955 0.1736784640990301 0
8.516132806486869 0.27373170423339666 0
1.0011441369277874 0.07146891952149792 0
1.0000709452805827 0.04510569156809252 0
1.0318897556024331 0.05371792822572008 0
1.0198695561941986 0.04677806283133612 0
15.264956667999627 -3.8574096516168765 0
11.490105104704341 4.173280921040394 0
11.490105104704341 2.2779243111627423 0
10.562079974067075 2.8137198724922854 0
10.51880443360512 3.612500214666639 0
9.964034122935772 2.4684379378450316 0
9.964034122935772 3.932797004269652 0
6.738633715462669 -0.6106079881426041 0
6.967427058536316 -2.320047313491031 0
6.883897000406137 0.21837314010468845 0
6.882484912397786 0.22745733419597514 0
7.168395493795515 0.38262842256489193 0
6.680719260042679 0.34394678840544657 0
8.696770705687932 -0.449420945406775 0
8.988560983979248 -0.8358700027017285 0
7.653390713999457 -0.3927614758913389 0
7.474133124565283 -0.4962558938577022 0
7.474133124565283 -0.5536532981742095 0
8.193098572741778 -0.048731528616003494 0
8.288687449507126 -0.2090907998629108 0
8.15651619404127 -0.13278168960710346 0
10.562079974094274 -2.813719872479709 0
11.490105104740195 -2.2779243111451706 0
11.543637143798264 -1.313503491936217 0
11.543637143798264 -2.308831048440709 0
1.0880775141222825 0.023167541620866205 0
5.56304438075847 -0.5841929894538112 0
5.490179939790437 -0.5421246846627241 0
6.017902333227312 -0.32158062700531787 0
6.017902333227312 -0.8092493987167586 0
1.0161077904254068 0.009877751397963985 0
1.000595699427484 -0.005341844131186768 0
7.6533907140278075 0.3116817839028272 0
10.46457151943855 -0.0165165481945877 0
7.796237769801081 -4.746425474877469e-12 0
10.40897329522656 -0.013584670650573116 0
10.416479456444264 -0.004917302213470975 0
10.418136214024088 -0.006830361091232362 0
10.396048994760747 -0.016218732196122687 0
10.30106336119394 0.06402686023405835 0
10.30106336119394 -0.01893184918954205 0
10.382461382854089 -0.013505000521817578 0
10.382461382854089 0.018115538281236354 0
10.344112266418122 0.030776745066674494 0
10.381522742982739 0.017573614296480855 0
7.829860677802799 -2.552476644895421 0
8.870899842493088 -3.153520889492853 0
5.419680479387466 -3.251433630705975 0
3.4448735215959516 -4.391588964366861 0
3.430176996686299 -4.42601979977735 0
3.7718958553694506 -2.3000847303053575 0
9.800577998792463 0.5211384884343389 0
10.06043589831738 0.22000037375563863 0
5.942565466129665 -2.239634518943781 0
5.2980364688007135 -0.9820503511405292 0
5.298036468800717 -1.8675155272092674 0
9.718131607000686 -1.4502935017404184 0
9.39526724091121 -1.2638876722523662 0
7.41383820639868 -1.8885247993076177 0
7.808700597462064 -1.6605508905380475 0
8.196848604756724 -1.8286582232204864 0
8.196848604756724 -2.3405960655534273 0
10.347944161891206 0.2253227452628721 0
10.185880151800177 0.1777084260462516 0
10.323066678549282 0.21095972349590397 0
10.323066678549282 0.0985037475523427 0
7.553480048674544 0.6734952457792929 0
6.459878986302414 1.3048861162850471 0
7.884224564185274 1.5220642588370197 0
7.884224564185274 2.1272324226883086 0
1.194637859956572 -0.025573407131503245 0
9.787392070301195 0.8046597683892713 0
9.787392070301195 1.4133023530827558 0
9.905618555989605 0.7364016747534379 0
9.679913584026593 -0.45147285575339424 0
9.679913584026536 -0.7708225542552327 0
1.1162076418106608 -0.015573159104519618 0
1.1003889608183215 -0.01605952453132886 0
1.1084959613671117 0 0
9.017005348217111 -0.034922661521179066 0
9.017005348217111 0.16662592938697074 0
9.260746821420575 0.18508832258753571 0
9.260746821420575 -0.035192156700020405 0
9.138759389983832 0.10566679667104495 0
9.122887183362359 0.10549502309643088 0
10.547364805839777 0.004342870833383472 0
10.547364805839777 -0.025666469910220258 0
10.46457151943855 -0.04345785556634496 0
10.6643918488206 -0.09323206497290926 0
0.9897825828930422 0.02897471787747463 0
1.0101374882557366 0.03749041364514483 0
1.0101374882557366 0.017222807735606693 0
0.976008008040111 0.021021963343429206 0
11.410531775667764 -0.6881151438086448 0
11.54085748984599 0.21026852393097073 0
10.30106336124976 0.018931849029684145 0
10.30106336124976 -0.06402686018563486 0
6.459878986299003 -1.4751151399115656 0
6.459878986299003 -1.3048861163056387 0
4.946160717841508 -2.349060793501792 0
7.884224564174218 -2.127232422704509 0
10.493997891002934 -0.11227254152892385 0
1.128833263671254 -0.022862565316188466 0
1.1090636816784922 -0.03427653885131576 0
8.533575924955926 -0.43388167864003435 0
8.316092518323444 -0.30831757472776644 0
6.611900283166904 0.6524238757215812 0
6.913458764538632 0.5298162124708767 0
6.913458764538632 0.4783190045644119 0
7.942911889221705 0.37070881560936186 0
7.942911889221762 0.47883691306762444 0
10.382539923937856 0.4079964967194485 0
10.218878129132804 0.3135063150197652 0
10.24501928651938 0.2984137106997622 0
1.000595699432381 0.005341844130981599 0
1.000595699432381 -0.01758202522299257 0
1.0150238417521678 -0.009251933334326168 0
1.0103611166624091 -0.00029622216015923186 0
10.117879589627762 0.32058004411123875 0
10.150416635421408 0.33936531634094536 0
10.150416635421408 0.15723355522914062 0
8.852684021204496 -0.3773478454928956 0
1.025745436206023 -0.00431345399078964 0
1.023541028788884 0 0
1.027039710160551 -0.0050607034102654325 0
1.0161077904303397 -0.009877751398192913 0
1.0161077904303397 0.003021621501233085 0
10.49399789102526 0.18018771823540192 0
10.698956304062989 0.06185492277828075 0
11.567617974095441 5.5878957377654785 0
10.940619657273047 7.66839755405447 0
1.1939453941729425 0 0
1.1939453941728289 0 0
14.06888645542844 -3.9030531858087727 0
15.231246466176714 0.13949162546366267 0
1.228907590826907 0.008575092101506792 0
1.2254675619952877 0.010212691229753545 0
1.2266415131846315 0.031088674722411724 0
10.076467306001064 -0.07979315892242766 0
10.166608459643982 0.024292880174130005 0
10.236157305017485 -0.05601520937329951 0
2.0366297328974383 -1.4640959383538963 0
1.6464969720906595 -2.529792905028401 0
3.7718958553694506 -1.3026932822697574 0
1.0319424047265215 0.08933402170529803 0
8.459945270673416 0.3382808152886696 0
8.455585299512165 0.3407980458232487 0
8.262434525320373 0.22424793279296296 0
8.262434525320373 0.34530816890125493 0
6.680719260015646 -0.25418679373905206 0
6.605906824724216 -0.21099381389606364 0
6.679182172855734 -0.08440343314456022 0
5.419680479380446 3.2514336306919347 0
8.804824813890264 0.8212461256520598 0
8.804824813890264 0.5461836929599357 0
9.041384916009847 0.6827617321950328 0
8.838610128027554 0.8017401653549996 0
9.130916355996746 0.9705032454962961 0
9.130916355996746 0.6310707309917802 0
1.071982638385969 0.013153435731666163 0
1.0708343796689825 0.008100398642957307 0
1.0880775141222825 0.022445816611206926 0
1.0501457497470719 0.020044984749733485 0
1.114251333219272 0.02181485978883302 0
1.1357570378333435 0.030591433889043174 0
1.1357570378333435 0.03423118419115667 0
1.126984484060257 0.08091668968177412 0
10.410467573173293 1.8434898083611273 0
10.410467573173278 0.9806031843116614 0
10.817683626119234 1.608383509547025 0
10.696447426866527 1.1457137305457934 0
11.165182346648479 1.8090119902643806 0
11.165182346648493 0.8750894972485099 0
1.0932155771590715 0.06132303927773819 0
1.1160891131520998 0.04811699705715 0
1.0938759534070073 0.03529222324274883 0
8.715854221396114 0.9711583541907771 0
8.712684382214036 0.9729884617038635 0
16.754865161020703 1.7718479860405836 0
9.64531008588105 -0.35143899673079204 0
9.64531008588105 -0.11418570387729687 0
9.759213984724852 -0.17994815082391824 0
9.800577998834427 -0.2617950249988894 0
9.894311719052268 -0.31591221383524726 0
9.894311719052268 -0.10194943720222227 0
6.605906824751003 0.21099381389535665 0
6.5165243686591054 0.05597910786133298 0
6.679182172882236 0.0844034331443595 0
0.9908086427989815 0.05597910786133298 0
10.24501928651938 0.15480254633953905 0
11.360704746929216 0.012837734326680561 0
10.942871521760253 -0.22839839175515664 0
9.387264358221557 -0.12193869014752323 0
9.255138180404813 -0.059041044749342575 0
10.357639897328085 -0.2198240865899379 0
1.1930583885551835 -0.0174636924762539 0
3.4448735215886472 4.391588964352934 0
10.27027124716156 -0.3098630149347059 0
10.060435898353688 -0.22000037377753756 0
7.118787390972649 -0.10339648215634867 0
7.168395493768314 -0.37713559396081653 0
9.618504670681403 2.6679294609887876 0
9.618504670681403 1.753369367621822 0
8.88690201888825 2.227060749387629 0
8.870899842472944 2.236299610288995 0
11.672868014191039 0.8395750423756851 0
1.0938759534021143 -0.034295367113725606 0
1.0738477813405267 -0.020127551562577062 0
1.073847781340527 -0.02273209653206154 0
1.0705964297431627 -0.04773580642356101 0
1.2016458575387219 -0.04192563508189551 0
1.201118216394434 -0.05889764581115742 0
1.1798754040104313 -0.04663310230927209 0
1.2062630341407612 -0.03925990691618608 0
1.1885975905980217 -0.041597345512968786 0
1.1885975905980786 -0.02906075828687449 0
7.7920780885447805 -1.1451754648296273 0
8.104706821725273 -1.9195303486926782 0
8.104706821725273 -1.528490443108577 0
8.280352962525036 -1.4270810959925626 0
1.0847111125102535 0.07354523291963355 0
1.0847111125102535 0.07657781180084 0
10.917172079519133 0.5546924245370661 0
10.984301904685907 0.5934498473371264 0
10.633399231693971 0.3921922466994232 0
10.633399231693971 0.796043600933686 0
10.390880955992145 0.012076162550357594 0
1.1315608463792723 0.04268379791354571 0
1.1488501308142822 0.03270182484727657 0
1.1288332636615048 0.021145081157785794 0
1.1288332636615048 0.02286256531445796 0
9.951760603770673 -1.3069058906089879 0
9.95176060377068 -0.8235562641091079 0
10.065060697056282 -0.8889701037526123 0
10.337339931692952 1.0842915608851627 0
1.1986315935572676 -0.03173458756169856 0
1.198631593557268 -0.04831243195781876 0
1.2022601426309905 -0.029639643768062385 0
1.1871145825052185 -0.020895350514208433 0
1.1700829147146123 0.027832896072681024 0
1.157020983439054 0.035374205643677215 0
6.838532333860343 2.730963115994143 0
6.838532333860343 3.441622060184528 0
8.726256000359143 3.820840887765513 0
4.4456900859701065 4.82313018216928 0
8.632154978074539 0.1341583841361853 0
8.632154978074539 0.2940115981070335 0
8.670248192677093 0.27201847030585213 0
9.400706847110683 0.4448907624413323 0
1.197927268272565 -0.013162082792888441 0
1.197927268272565 -0.005198505315576085 0
1.194637859956572 -0.015061223577902183 0
1.205676311262664 -0.009672417391414001 0
9.122887183407954 -0.10549502307148373 0
10.182116144522166 7.387867920963231 0
6.9363488887631775 4.9693997102476715 0
6.459406055278791 6.746383762836032 0
12.04122767572676 1.723346116065187 0
12.04122767572676 3.2240109505845282 0
14.11471864166478 2.026880378006638 0
13.038455954544276 1.4054998231634386 0
3.771895855366324 1.3026932822593835 0
3.771895855366296 2.300084730293534 0
4.216931539701974 3.9846216810817054 0
2.7481217639011106 3.2923524424488306 0
8.44574686138697 -0.2027837321884176 0
8.296733530256002 -0.03728944650508481 0
8.290566070818375 -0.11102081554007714 0
8.288687449507128 -0.11210543806457096 0
10.409235408040132 -0.022496022285196204 0
1.1142513332142634 -0.023528492172030346 0
1.1160891131473327 -0.04811699705731842 0
1.0938759534021143 -0.03529222324282144 0
9.997064909516268 0.048468701370623535 0
9.997064909516268 0.24577121584806605 0
10.759054836192917 -0.4673636427287917 0
10.384825914486683 -0.6834248123585951 0
10.40295074896909 -0.693889190471765 0
11.29301365987105 -0.4305530503314472 0
11.293013659871036 -0.6496481179507043 0
10.759054836192917 -0.7388343222653475 0
9.478717843821869 3.315432036168204 0
9.772751928612024 3.145671377421877 0
9.772751928612024 5.10700473036448 0
8.43866099363595 2.7149549311168073 0
9.487251329643904 -1.3049439322953162 0
9.065866724867888 -0.7912375121947264 0
5.457697137645283 1.4484043334424115 0
5.457697137645283 1.3267869019163214 0
6.738633715460537 0.708855252194212 0
4.335247615772857 0.6787403654796265 0
8.377160867612844 -1.0454806531816807 0
8.28035296252504 -1.1013727234880548 0
4.335247615774108 -0.3762155833708789 0
3.251218515791777 -1.00208007879003 0
3.251218515791777 -0.0037822208691693504 0
7.089756857206169 -0.21852465625147488 0
7.099877354260059 -0.2630610017748154 0
7.120554482725652 -0.525320172722985 0
7.120554482725652 -0.5372997658278962 0
6.839462960095432 -0.3630319057563156 0
7.347713653827441 -0.40614935667019836 0
10.331072064819637 0.0885887612167835 0
10.301247251366448 0.10580812536777273 0
10.301247251366448 0.21044491466800253 0
10.245655266645883 0.03927334958234496 0
9.99706490949022 -0.24577121584781736 0
2.7481217639007127 -3.2923524424493564 0
4.946160717841508 -2.02331405515676 0
3.798590821530013 -0.5811915188752721 0
3.798590821530013 -1.3607642637121558 0
10.981432697152854 -0.5332525800345138 0
10.981432697152854 -0.35702357954505715 0
11.0598988695167 -0.03151047513134131 0
10.738763166879664 -0.21691826030547645 0
11.553409464114054 -3.725774491587856 0
10.428232687059207 -3.0761533736305324 0
7.965661040599912 -0.496917181387289 0
8.316092518323444 -0.4566779364177478 0
8.263602704410005 -0.6689338819425927 0
8.263602704410005 -0.4869829447427776 0
1.0501457497470719 0.015703911904624945 0
1.0320605912724459 0.016067854430707018 0
1.0320605912724459 0.02614538306391534 0
10.43268970257418 0.0264343989790774 0
10.408512381269134 0.0869712017795905 0
10.428095653226393 -0.03757589946313544 0
10.428095653226393 -0.011333488282559756 0
10.41816569530269 -0.016060567977319806 0
10.420459882444703 -0.017152698028482405 0
10.286325053090764 0.4229121537995013 0
10.318642464414637 0.4042536875906251 0
1.1640567518970784 -0.01508373592753287 0
1.180065825650729 -0.017160239165605162 0
1.180065825650729 -0.024326579009056104 0
1.1760474552041842 -0.008160900115115055 0
9.006388715513538 -0.26525058751247954 0
8.8526840212045 -0.1765091404896495 0
5.854078461839833 -2.078507576315843 0
5.854078461839833 -1.5528201490786557 0
5.490179939790437 -1.3427232384976264 0
6.700834309938671 -1.5896328573417122 0
6.216043031994616 -1.3097384812967903 0
6.216043031994616 -0.9236459849874166 0
7.413838206375388 1.8885247993098666 0
8.196848604736338 2.3405960655573423 0
7.829860677780552 3.1719929543413237 0
7.829860677780552 2.552476644900505 0
10.278020516267588 0.3143370575795146 0
10.278020516267588 0.5410842467863191 0
10.06043589831738 0.43995959587354605 0
10.277237464529335 0.5406321516524741 0
10.000809931456416 0.7002276629809572 0
10.000809931456416 0.40553452770525666 0
10.07646730598141 0.07979315865739522 0
10.166608459596858 -0.024292880407358552 0
10.236157304997803 0.05601520917171854 0
10.521089765676763 0.07608868039615402 0
9.872041097987548 -0.10798532019758511 0
10.07613442503174 -0.08610913290715416 0
9.99706490949022 -0.048468701370310896 0
12.975589553773517 -1.482092935461992 0
12.975589553773517 -2.834917352676257 0
10.912982944518575 1.3594967644418716 0
10.290392369468663 -0.0639794297728713 0
10.399273922377375 0.00238479970440153 0
10.399273922377375 0.036527422662686604 0
10.408512381269134 0.03119359591133275 0
10.4089732952352 0.01358467081422532 0
10.416479456494727 0.0049173023287778506 0
10.416479456494727 0.03579338895757189 0
9.951760603799414 0.8235562641105787 0
9.951760603799414 1.3069058906112616 0
9.717806861002742 1.1718326336394398 0
6.230823699364581 -1.6862748453526422 0
6.8999708279571195 -2.0726071218612425 0
6.899970827957116 -2.0450183698123574 0
6.878357533046884 -1.3124210105330683 0
8.6969724236818 -1.8704351493241944 0
8.629375916793194 -1.9094620109431446 0
9.292656662438219 -1.5573356495359896 0
9.292656662438226 -2.2924073296630283 0
8.195553091660656 -0.15322111487319034 0
8.14824832486886 -0.18053253483373055 0
8.34283551188446 -0.1736784640995097 0
8.34283551188446 -0.2928775001289239 0
10.698956304062989 0.04445412773154089 0
9.693648266954312 -0.3274513257263436 0
10.064674555587175 -0.5416634542810357 0
10.105666207630264 1.8150683373264656 0
10.105666207630264 3.2623872181880245 0
9.12269906563779 2.2370978487597313 0
9.12269906563779 1.386209496670844 0
8.726256000359143 2.4659843602169076 0
9.985585285656327 1.884397090255618 0
9.515747482756638 -0.27663599261308036 0
9.515747482756638 -0.5462541989276133 0
9.351070636322277 -0.45117797689391637 0
9.38221340591889 -0.3537319281583109 0
0.9908086427945655 -0.055979107861606536 0
0.9906036771683582 -0.05633457679458109 0
1.0101374882514507 -0.017222807735618906 0
10.476252553645722 0.3143290882190257 0
10.476252553645722 0.19093965164827864 0
10.738763166839092 0.16276851436438733 0
10.411052389817314 0.15329631934625354 0
10.573901085787341 0.06758534707405772 0
10.573901085787341 0.059275580479919654 0
7.553480048670934 -0.5086821515476174 0
8.596466951260055 -1.1108509231501387 0
1.0445671601935942 0.04590116337575978 0
10.357639897328085 -0.10757437350528676 0
10.396048994760747 -0.06652550535079627 0
10.361770461982218 -0.04673478513720397 0
10.361770461982218 -0.10518959087990254 0
8.63215497804454 -0.13415838413596504 0
8.779096330336017 -0.21899501380726605 0
8.779096330336014 -0.04001544551162617 0
1.0609651281367363 -0.11024242165696041 0
1.0941156580893878 -0.09330347928173266 0
7.587332759672007 -0.10876624077823749 0
1.1222023132406957 -0.10876624077823749 0
1.0944479618395389 -0.09034979156778 0
7.389205391476681 -0.24023400815033646 0
7.390200221697502 -0.24907657402376326 0
7.118493427699681 -0.11024242165696041 0
1.0238981926098063 0.009536285180558934 0
1.1937710138876412 -0.0021672569444035616 0
1.1984742791631788 -0.004882688429177051 0
1.196228628214385 0 0
10.347944161866451 -0.3946148926752997 0
10.384825914486683 -0.4159085825718307 0
10.358078275182976 -0.009070889188222964 0
9.292656662466868 2.292407329667668 0
9.292656662466925 1.5573356495392545 0
9.162498490241035 1.6324825056395298 0
8.629375916820607 1.9094620109470952 0
8.696972423709951 1.3637109046384808 0
8.696972423709951 1.8704351493276477 0
1.1979272682630595 0.005198505316724944 0
1.198474279152348 0.004882688431164572 0
1.20567631125316 0.009672417392571964 0
1.20567631125316 -0.0006978069321537106 0
1.021644561578468 0.00017503482833869377 0
1.0216445615784682 -0.008235150695060311 0
1.0103611166575899 -0.017351919656665937 0
1.0103611166575897 0.00029622216000146917 0
1.0161077904254068 -0.0030216215012914827 0
1.0238981926047106 -0.009536285180401505 0
10.377881314892477 -0.0047248022866028805 0
1.1469313974897155 -0.099994904277799 0
1.1576966330150764 -0.07169913565679442 0
7.801525998556247 -0.09999490427779989 0
7.83951933668382 -0.1998580890882944 0
1.1709527466492151 -0.08534914768812385 0
7.950723893562009 -0.08534914768812385 0
9.400706847115487 -0.44489076244728665 0
9.27245157697078 -4.689582056016661e-12 0
10.0413885834474 -0.3326427318871765 0
9.016500470390383 1.550993432920663 0
9.016500470390383 0.9682278784132876 0
7.9571041068508634 0.9393506545798118 0
9.400706847110683 0.7464062224200916 0
8.690172464702783 0.5161134389900752 0
8.690172464702783 0.336179003675781 0
8.804824813924029 -0.8212461256441088 0
8.804824813923972 -0.5461836929500521 0
8.766708007794762 -0.5681904413255552 0
8.514957816258743 -0.653891335781509 0
8.533827166447054 -0.6429971113232966 0
8.533827166447054 -0.43373662429684146 0
9.92626355471387 0.19315082615318602 0
9.693648266971366 0.32745132573580804 0
10.064674555610196 0.5416634542939818 0
10.064674555610196 0.29494217885387286 0
2.036629732895321 1.464095938342922 0
1.6464969720884994 2.529792905017416 0
3.430176996679677 4.426019799761633 0
1.0747422569397713 0 0
1.0951550540525048 0.01043033684538841 0
1.074742256939885 0 0
1.0553916900349094 0.009471922229352003 0
10.391330033043829 0.018465157431819534 0
0.9775158849343608 -0.019318654589119966 0
0.9686055632297681 -0.01132544641366895 0
0.9897825828887532 0.0009011116405095443 0
0.9897825828887532 -0.02897471787745598 0
0.9760080080354809 -0.02102196334319295 0
1.1104799417484221 0.05943634902265016 0
1.1104799417484221 0.06170017123846816 0
1.109063681670413 0.03528391115698515 0
1.109063681670413 0.034276538848659 0
1.086894659505847 0.04808320212729944 0
1.1315608463792723 0.04726528300608157 0
1.1227884659822092 -0.016885943865683428 0
1.1142513332142632 -0.021814859788903407 0
1.2178034922442666 -0.0010412553737140229 0
1.2115911842117222 0.00613210008738907 0
1.2260215524863471 0.008448143253714235 0
9.82964522557672 -0.6754523002391508 0
10.065060697056282 -0.5395351138150772 0
10.117879589600946 -0.32058004411046426 0
10.117879589600932 -0.5700301157772927 0
7.3163620536984695 5.81477146295903 0
14.680054369569405 -4.541306224076976 0
10.182116144543187 -7.3878679209817335 0
8.72625600034172 -3.820840887773244 0
6.838532333853436 -3.4416220601874272 0
6.838532333853436 -2.730963116007956 0
4.445690085967719 -4.823130182169621 0
7.316362053690412 -5.814771462957353 0
10.940619657301795 -7.668397554075568 0
11.56761797413094 -5.587895737764029 0
10.518804433640213 -6.193428520342138 0
8.241718756129671 -8.009054317918753 0
8.241718756129728 -4.878752485718593 0
10.275292855199595 0.049148251596051296 0
10.275292855199595 0.15880322806003733 0
10.109844486105075 0.24852643533980512 0
10.109844486105075 0.07912452140926263 0
10.270271247126075 0.1559040012743509 0
10.166608459596858 0.1118972169282273 0
11.672868014142296 -0.8395750423719619 0
11.672868014142296 -1.8458828443716584 0
11.553409464114054 -1.7769134180544484 0
10.984301904634904 -1.2371188727881304 0
10.79649470662629 -1.1286883359882864 0
10.79649470662629 -2.2139183589532934 0
10.166561469117454 0.05711258061100466 0
10.26548336005925 -2.5721647034515627e-12 0
10.290392369464428 0.1286063845727483 0
12.266433091786098 0.6582973872199318 0
12.225075316168159 -0.6199843323850303 0
12.225075316168159 -1.0487833364563812 0
13.72412947053121 -0.18330401312300637 0
8.445746861417376 0.2027837321892605 0
8.445746861417433 0.08637229932190849 0
8.28868744953678 0.11210543806498663 0
8.290566070848115 0.11102081554037113 0
1.1332500866490123 0 0
8.430231738139128 0.7486333878978257 0
8.430231738139128 0.5318939917937939 0
8.21009863119798 0.5249691536873229 0
8.210098631197923 0.37552431159312505 0
8.455585299512165 0.5172561062461796 0
8.126466276770714 0.5732543162398542 0
1.0553991020942632 0.00942423923345359 0
1.0420057333016075 0 0
1.0362524216916427 0.009939412447124596 0
10.402950748997085 0.6938891904729019 0
10.402950748997114 1.1221719840829962 0
10.912982944518575 0.827704757416484 0
1.1614049348160052 0 0
1.1614049348158915 0 0
10.318642464378996 -0.40425368758666025 0
9.016500470397489 -0.9682278784212031 0
9.400706847115487 -0.7464062224293286 0
8.69017246470537 -0.5161134390010602 0
8.69017246470537 -0.33617900368369646 0
10.39604899475296 0.016218732195468988 0
10.420459882433022 0.017152698028077396 0
10.40923540803064 0.02249602228377512 0
10.39604899475296 0.06652550534802515 0
9.872252858448988 0.09815535321338587 0
11.360704746953274 -0.18595490930917435 0
11.360704746953274 -0.0128377343281727 0
10.381197903206584 0.0008951362368065929 0
10.377881314893557 0.004724802564282982 0
10.373789515982594 -4.3655745685100555e-11 0
10.373789515982594 1.382431946694851e-10 0
10.382539923937856 0.20544804945203055 0
10.35763989731987 0.10757437350251564 0
10.357639897319842 0.2198240865856036 0
10.445505878901699 0.2418014606590333 0
1.0531225874828407 0 0
1.0376877066144539 0.008511257317000642 0
15.231246466140675 -0.03565795314990794 0
15.231246466140675 -0.13949162546399663 0
13.038455954512514 -1.4054998231612927 0
16.807693445847917 -1.9058353723526693 0
14.114718641628627 -2.0268803780019056 0
14.114718641628627 -4.042591666643716 0
1.0312580134018443 -0.02529647271111002 0
1.0101374882514502 -0.037490413645401954 0
1.0166901066388379 -0.061995987817569764 0
1.016690106638837 -0.041273569651788966 0
12.107860447477094 -2.8314167901407217 0
14.06888645542844 -1.6992178916145804 0
13.057697315791046 -0.37781689916253924 0
13.057697315791046 -1.1154075670921344 0
10.401398579483129 0.0013754472608695778 0
9.138815000030391 -0.11441579539812352 0
9.006388715513545 -0.051375286525676245 0
8.904674069521565 -0.09979575732957002 0
0.9719218414722377 -0.02855769378174955 0
0.9957639782061847 -0.014792429660218431 0
14.068886455398498 1.6992178916096918 0
14.068886455398513 3.903053185798896 0
12.107860447452993 2.8314167901324936 0
11.68755874199428 2.58875548628464 0
11.68755874199428 5.53463450254273 0
14.680054369538318 4.541306224065806 0
1.0238865289391583 0.001119365633542202 0
1.0216445615834573 -0.00017503482851566332 0
1.0216445615835141 0.008235150695128368 0
8.595849058746012 -0.10641876145317042 0
8.595849058746012 0.03273986681455199 0
8.510929426911787 -0.06531687821200194 0
8.484228065258208 -0.04197435053418985 0
8.427558485079828 -0.07469254804803427 0
8.427558485079828 0.030951593627207785 0
8.666182355340482 -0.06581181355392118 0
8.88114940633642 -0.2805717621332917 0
2.6012112424486062 1.5865098166426783 0
4.593801757750249 2.2804412465931456 0
6.913458764511306 -0.5298162124705135 0
6.913458764511304 -0.47831900456430265 0
7.168395493768311 -0.38262842256446206 0
6.680719260015649 -0.3439467884054821 0
6.882484912370902 -0.2274573341959094 0
6.88389700037934 -0.21837314010451792 0
1.1666841019328769 0 0
7.310692022504043 1.077298455292464 0
7.600688345907713 0.9098689991797073 0
7.228918890301998 0.6952278029713455 0
7.228918890301998 0.7119472017948283 0
9.3872489688465 0.11087994167716886 0
9.696840808419324 0.5987776338936897 0
9.696840808419324 0.9707342772381935 0
4.60032775667861 -4.703415004055842 0
9.759213984685637 -0.03237069574929308 0
9.513091569412893 0.1905221003392512 0
9.513091569412893 -0.03443057758286727 0
9.63704473204372 0.10869820666619034 0
1.0525598260936135 0.03241815831131589 0
1.0938759534070073 0.034295367113827524 0
1.0738477813455347 0.022732096532251944 0
1.0738477813455347 0.02012755156229673 0
7.553480048674544 0.5086821515198778 0
8.596466951272077 0.7328437915978867 0
8.596466951272077 1.1108509231272166 0
8.434543376182518 -1.2818190953112207e-11 0
9.872041098014563 0.10798532019748563 0
9.636964172984136 0.12017724420974218 0
9.767308141252215 0.0581280058877951 0
1.1548029957372705 -0.05610265915834134 0
1.1373347335233461 -0.06618796509388858 0
1.1315608463880267 -0.04726528300921018 0
1.1315608463880267 -0.042683797916367894 0
10.337339931664047 -1.746501465325288 0
10.337339931664062 -1.0842915608829884 0
10.402950748969104 -1.1221719840813336 0
10.912982944490267 -0.8277047574150274 0
8.455585299482237 -0.5172561062453038 0
8.262434525290793 -0.22424793279246025 0
10.434326048812466 -0.1602889598984092 0
10.434326048812466 -0.07206767378734469 0
10.500687291226313 -0.12197527855960288 0
10.432689702545275 -0.07112292882533211 0
1.1507571891393922 0 0
1.1522429697637648 -0.02107327660662839 0
1.1381780688160066 -0.012952902222829521 0
1.1626275715664813 -0.011537446338109603 0
1.1522429697637646 -0.017532999010534844 0
3.251218515790839 0.003782220862149188 0
3.251218515790839 1.0020800787808923 0
4.335247615772857 0.37621558336192606 0
3.6836231136312847 -4.106937012693379e-12 0
4.946160717843583 2.0233140551553106 0
4.946160717843583 2.349060793496079 0
5.14592834876899 0.7165053823082275 0
5.14592834876899 0.582878576270474 0
3.7985908215308655 1.3607642637099673 0
6.459878986302414 1.4751151399050855 0
16.379444380222246 -4.026023644149177 0
15.842554637545888 -0.918280053369962 0
12.99812972351583 -2.560509550351256 0
15.045471995891688 -3.7178394706830318 0
13.284918630655326 -5.867912917311536 0
13.28491863065534 -2.726087203812412 0
9.255138180434244 0.29679788920464034 0
10.41046757318773 -1.843489808369597 0
10.41046757318773 -0.9806031843167489 0
10.817683626137608 -1.6083835095532777 0
10.696447426882543 -1.145713730551762 0
4.682521635513865 -1.0084264260877376 0
1.0840811282483838 0.11048689347451823 0
7.294801183123554 0.11048689347451823 0
1.1015533104605133 0.08630165936365986 0
1.1130450906306377 0.10906624713414548 0
8.427558485054375 0.07469254803379854 0
5.408193086165738 -2.750630301335491 0
4.593801757770507 -2.280441246606131 0
4.593801757770507 -0.9572039805663053 0
3.182939180245114 -4.035381248548248 0
1.0670242718269933 0.03460091177082303 0
1.0670242718269933 0.029789804058683034 0
1.0620113085468503 0.053673966930750217 0
1.0620113085468503 0.06043949493354028 0
1.0438334984819748 0.04317900335065472 0
1.086894659505847 0.04607308549624367 0
10.372881901072901 -0.04031959275909003 0
1.2147490575143252 0.024827332966907534 0
10.454699156995702 1.3260240894609723 0
10.454699156995702 0.6928710642515625 0
10.318642464414637 0.7714234326815586 0
9.985585285656327 1.0551810683790563 0
9.992680532825318 1.051084625498163 0
9.992680532825318 0.5832292229105178 0
9.242684270618604 1.3519814915953674 0
8.88690201888825 1.588750759317179 0
9.39526724088931 1.263887672250867 0
9.39526724088931 1.882255558368712 0
8.039176681713265 -0.31513031149045645 0
8.039176681713267 -0.21641019224909996 0
8.210098631168353 -0.5249691536858982 0
8.21009863116835 -0.37552431159246424 0
7.942911889192967 -0.37070881560840974 0
8.262434525290793 -0.3453081689005515 0
9.637044732114077 -0.10869820693505972 0
9.759213984724852 0.03237069544445603 0
9.872252858478532 -0.0981553535070816 0
1.1859497192434065 0 0
7.773540938692882 -2.549374310605643 0
7.773540938692882 -2.1107290612433687 0
7.116800354481214 -2.9285436653449324 0
8.629375916793194 -2.6048456183907263 0
8.438660993610014 -3.6917202645121137 0
8.438660993610014 -2.7149549311101744 0
10.739353495361854 -0.278526124627021 0
10.739353495361854 -0.5981215422242627 0
10.6643918488206 -0.23524699762839418 0
11.120097373463125 -0.37829896074958924 0
10.92390235541211 -0.08541853613552064 0
10.92390235541211 -0.2650257137691767 0
10.476252553681093 -0.19093965164793758 0
10.476252553681093 -0.3143290882356098 0
10.411052389855001 -0.1532963193472483 0
10.738763166879693 -0.16276851437800133 0
10.573901085824644 -0.05927558048117021 0
10.573901085824644 -0.06758534708578168 0
6.824202840997987 0.6964188735674455 0
7.120554482689217 0.5372997658240948 0
7.120554482689217 0.5253201727145438 0
9.696840808390633 -0.5987776338921336 0
9.696840808390633 -0.9707342772366943 0
9.3272130456267 -0.5943607702376852 0
9.3272130456267 -0.9421258814959117 0
9.515852043121754 -0.7032715466970387 0
9.487251329643904 -0.8497277347341736 0
9.721865912542967 0.1481662310184646 0
9.721865912542938 0.25946948875105136 0
9.978497351516921 -3.126388037344441e-12 0
9.27245157697078 -3.097966327914037e-12 0
9.721865912545184 -0.1481662310234526 0
9.721865912545184 -0.25946948875849785 0
1.1891456387871813 0.06804084204645733 0
1.1778064471816947 0.03628902803689016 0
1.1778064471816947 0.0473746987831305 0
8.33609544331744 0.009524444717881053 0
1.2250894480803218 0.009524444717881053 0
1.225852517753796 0.010197360736876604 0
1.2199361438184857 0.02998204347566702 0
8.331507332907588 0.02998204347566702 0
8.32762377705877 0.01699521721901842 0
10.722425526722972 1.0827061873617367 0
10.722425526722972 1.7876302421752754 0
10.562079974067075 1.6950546937814863 0
10.039790333635786 1.9965987595971484 0
10.333345676023526 -0.039180326562473056 0
10.333345676023526 -0.01749334248434309 0
10.26548336005925 -1.4495071809506044e-12 0
10.30124725134965 -0.21044491465529802 0
10.396479063129789 -0.2826576975303112 0
10.39647906312976 -0.13843799243100818 0
10.286325053065298 -0.21906024988933837 0
7.612175873553863 0.254304420566859 0
7.347713653790194 0.362535777499156 0
7.809866464384456 0.368441136897923 0
7.6565106738605255 0.540819820940798 0
7.6565106738605255 0.45698114422561087 0
7.54025530983263 0.10906624713414548 0
7.43886883342424 0.30990730976943226 0
10.401398579466715 -0.0013754472616653857 0
10.428095653211216 0.011333488282389226 0
10.428095653211216 0.03757589946097539 0
1.1144643947395139 0 0
1.122788465987128 0.01688594386564546 0
1.1332500866539448 0 0
8.904674069551845 0.0997957573297299 0
9.006388715543437 0.05137528652599599 0
8.779096330366372 0.04001544551175584 0
8.779096330366372 0.21899501380769948 0
8.881149406306744 0.08818946441124709 0
8.881149406306744 0.280571762134155 0
8.721600715456844 0.1884562821205833 0
1.1972135494057365 -0.001555780033051457 0
1.201995753527851 -0.00460521513331158 0
1.1964017477511861 -0.0019422319341455552 0
8.26360270438574 0.4869829447529881 0
8.51495781622993 0.6538913357923519 0
8.51495781622993 0.9131757405254035 0
8.533827166421055 0.6429971113324626 0
15.842554637601154 0.91828005338742 0
13.72412947053121 -0.10138571116843309 0
16.411827041443757 -4.1223681337147795 0
15.897928010609206 -1.147704450586005 0
3.4641453153734005 0.38809931501907613 0
3.4641453153734005 -0.12671556646253634 0
3.4641453153730026 -0.3880993150224725 0
3.4641453153730026 0.1267155664558146 0
4.136353044434401 -1.5916157281026244e-12 0
3.6836231136312847 -3.467448550509289e-12 0
7.921116703360951 -0.1386585101118385 0
7.898280763391995 -0.23506951680633392 0
8.14824832486886 -0.2697930135039428 0
7.8098664644140285 -0.2861155363445391 0
8.070323331475777 -0.3147830296126415 0
8.070323331475777 -0.43649037931211865 0
1.1808479958186808 0.010414018909017386 0
1.180847995818624 0.014866513045831198 0
1.1700829147146123 0.021081735546260916 0
1.1871145825102758 0.030914973575818294 0
5.563044380734517 0.5841929894480309 0
5.490179939766271 0.5421246846568284 0
5.490179939766271 1.342723238488455 0
6.017902333200297 0.321580627001282 0
9.654956109105754 -0.4825108681098129 0
9.829645225576712 -0.38165405925006723 0
9.920870759197953 -0.2017805024736674 0
9.920870759197953 -0.4343231458734138 0
6.878357533072631 1.3124210105343934 0
6.878357533072631 1.386230422844534 0
6.463680647173703 1.0730071977877174 0
7.310692022504043 1.1366219879005826 0
6.902026304895969 0.8199282131977554 0
6.902026304895912 0.9006787247999171 0
10.606670405948506 -0.37938445052241576 0
10.606670405948506 -0.24523922535534126 0
10.942871521760253 -0.18527864495843005 0
10.493997891002934 -0.18018771823697932 0
1.1908760220016537 0.08632275272219392 0
1.1612473027170336 0.0728903910166161 0
1.163196379296557 0.0811191933086115 0
1.1405076134340835 0.09915004551455464 0
7.7272491878680345 0.09915004551455464 0
8.03655742019049 0.08632275272219392 0
8.961328237280327 -0.4585384138547397 0
8.961328237280327 -0.2342804923022186 0
9.122887183407954 -0.32755659374663537 0
9.041384916051584 -0.41231766861375263 0
9.229881790209447 -0.2657832284380106 0
9.229881790209447 -0.5211463901257503 0
10.420459882444703 -0.06742956752961504 0
10.450131802664288 -0.05029847632860651 0
10.407471497792699 -0.13634466157340341 0
10.407471497792699 -0.05993072012167033 0
1.1986315935617995 0.031734587561800254 0
1.2054260180889287 0.04873152861620156 0
1.216174028204783 0.04186271696943322 0
1.1986315935617995 0.04831243195792467 0
1.2039157582482858 0.0452616180403993 0
11.410531775720074 0.26985106988341556 0
11.410531775720074 0.6881151438144144 0
12.266433091786098 0.19396028642455576 0
11.0598988695167 0.06741306621552212 0
11.540857489894677 -0.21026852394226125 0
11.540857489894677 -0.22495098447545558 0
8.715854221366968 -1.3528094936116126 0
8.715854221366968 -0.971158354188649 0
9.162498490212293 -1.1174477922100472 0
9.162498490212293 -1.6324825056362435 0
8.696972423681792 -1.3637109046355747 0
9.065866724867888 -1.1732381681877087 0
9.787392070310773 -0.8046597683951404 0
9.90561855599671 -0.736401674760728 0
9.90561855599671 -0.41102959412626205 0
10.251301288900152 -1.0724978817976876 0
1.1939453941673426 0 0
1.1939453941673426 0 0
7.996272657079146 1.0272836752227477 0
7.996272657079146 0.8255747413232655 0
7.799502126431719 0.6841077754769458 0
7.799502126431719 0.5616345785805947 0
7.600688345907713 0.7988929656826826 0
8.126466276770657 0.75040741961908 0
10.450131802650688 0.050298476327341746 0
10.450131802650674 0.11705627962943765 0
10.40747149778258 0.059930720120220826 0
10.407471497782609 0.13634466156955227 0
10.445505878901685 0.11438550129602731 0
10.420459882433036 0.06742956752725604 0
1.043833498487345 -0.04317900335146874 0
1.043833498487345 -0.03294247424057062 0
1.0620113085526555 -0.05367396693173987 0
1.0318897556074376 -0.07106465370915771 0
9.515852043150346 0.7032715466986019 0
9.205844885016745 0.6644327107617016 0
9.205844885016745 0.3850066359603943 0
9.327213045655753 0.5943607702395184 0
1.1436215951650297 -0.012607033953429436 0
1.1448275915678323 -0.00751544028906892 0
1.148850130824428 -0.0273969480380174 0
1.148850130824428 -0.032701824849311834 0
1.128833263671254 -0.021145081159545498 0
1.1640567518970784 -0.01861740122996025 0
5.243956948163088 -0.006677571894982748 0
5.243956948163088 0.9508275251925511 0
4.132266981163298 1.6551076815919714 0
4.132266981163355 -0.0002224157883006228 0
4.682521635513865 0.3174672584120799 0
5.298036468821124 0.9820503511385255 0
10.676461547976785 -2.1835257746171663 0
10.676461547976785 -3.6674283717199643 0
9.772751928583418 -3.145671377413933 0
10.076326094301571 -2.530014141860903 0
9.478717843793511 -3.3154320361601464 0
9.478717843793511 -2.184984856052388 0
1.1964017477562265 0.007616273411798602 0
1.2019957535333106 0.004605215133324236 0
1.1964017477562265 0.0019422319339810201 0
16.754865161059 -1.7718479860438947 0
16.807693445889015 1.9058353723580694 0
15.231246466176714 0.035657953149325294 0
8.306244864965606 0.008575092101546417 0
8.41374719309556 0.104847316522239 0
8.308510942607995 0.031088674722411724 0
8.29673353028581 0.03728944650492849 0
9.992680532793003 -1.0510846255042878 0
9.992680532793003 -0.5832292229029434 0
10.454699156951477 -1.3260240894631892 0
10.454699156951477 -0.6928710642470435 0
10.318642464378996 -0.7714234326720941 0
9.985585285621454 -1.055181068386645 0
1.0257454362009373 0.004313453990791916 0
1.0257454362009373 0.012421797934264456 0
1.0378121164915795 0.005455096789793612 0
9.515852043150403 0.402199097819107 0
9.513964359669274 0.30697507027809934 0
9.375737572741741 0.22716979728753017 0
9.375737572741741 0.48309422538039826 0
9.718131606970267 0.933840031621223 0
9.718131606970267 1.4502935017340164 0
9.901498726666098 1.0397070880007817 0
10.039790333635786 1.2645837484949567 0
10.223597342547961 0.8537433646031403 0
10.223597342547961 1.370704775033083 0
1.0174184528299293 -0.551787005809274 0
3.052511661695405 0.6231746112896133 0
2.124450590474794 -1.986430352934292 0
2.601211242461204 -1.5865098166543135 0
3.052511661695405 -1.8470682363231674 0
1.1570209834340308 -0.03537420564348004 0
1.1871145825052183 -0.030914973575671745 0
1.1778064471768608 -0.04737469878307521 0
1.1778064471768608 -0.03628902803663636 0
1.170082914709677 -0.027832896072394808 0
1.170082914709677 -0.02108173554619741 0
8.838610128027554 1.1527626608335595 0
8.377647443867126 1.316421679422561 0
8.469295613634102 0.9395388256010975 0
8.469295613634102 1.263508583705633 0
8.868118631725054 1.599595352999529 0
8.868118631725054 1.1357259182059742 0
1.2022601426357937 0.02963964376806416 0
1.187114582510219 0.020895350514308575 0
1.1930583885605301 0.0174636924762126 0
1.1930583885605301 0.009546562751921783 0
7.310692022476896 -1.0772984552900269 0
7.310692022476896 -1.1366219878988613 0
6.878357533046884 -1.3862304228419973 0
7.7920780885447805 -1.3552268313329776 0
7.4596912757921885 -1.5471304479893675 0
7.459691275792185 -1.7218636171716923 0
9.829645225605162 0.38165405925138884 0
9.767308141252187 0.2904399216861293 0
9.920870759225096 0.43432314587400356 0
9.920870759225096 0.20178050247454848 0
9.65495610913419 0.2255734454153071 0
9.65495610913419 0.4825108681111203 0
1.0747422569348442 0 0
1.0747422569348442 0 0
7.240735869189798 1.3326363003633013 0
7.240735869189798 1.3955557845406297 0
6.768187357349305 1.1227297728321481 0
7.165391166233718 0.8934040458474577 0
10.547364805820308 0.02566646990727861 0
10.698956304040934 -0.04445412773334567 0
10.698956304040934 -0.06185492277971605 0
1.1759793650876995 0.00597072601072457 0
6.629154458412798 0.1971213112314807 0
6.833839645567027 0.0842517457516303 0
7.089756857167158 0.2185246562469123 0
6.83735346773528 0.10308924170814304 0
6.839462960061101 0.3630319057490965 0
6.839462960061101 0.31854298180159635 0
1.197204065126235 0.0011263375493875127 0
1.198474279152348 -0.000340379276831726 0
1.201920524488669 0.0036390020857937078 0
9.06586672489675 1.1732381681896413 0
9.06586672489675 0.7912375121963748 0
9.162498490241035 1.1174477922120332 0
9.327213045655753 0.9421258814976454 0
9.487251329672972 1.3049439322975616 0
9.487251329672972 0.8497277347359216 0
11.717745260225456 1.5365834555812512 0
11.717745260225456 0.8948670228044477 0
12.050512649349912 0.2036814416719892 0
12.050512649349912 0.21230587056905392 0
13.038455954544276 0.7740707773625672 0
11.29301365989852 0.6496481179508464 0
6.700834309911453 1.7072680964880291 0
6.700834309911453 1.5896328573315444 0
5.8540784618143284 2.078507576304645 0
7.413838206375388 2.1189210898436173 0
6.709862459397598 2.5725946998366247 0
6.709862459397598 2.525361678640312 0
10.111954030132893 6.0680349633912556e-12 0
10.111954030132893 7.73070496506989e-12 0
9.92626355471387 0.10720844644535532 0
10.245655266645912 0.07719244523516977 0
10.158051235864605 0.1277706562098615 0
10.158051235864605 0.24103112713737573 0
1.019869556199012 -0.028701700951017983 0
1.019869556199012 -0.04677806283200425 0
1.0318897556074376 -0.05371792822649013 0
0.9957639782061847 -0.042619062954997844 0
1.113045090637229 -0.10906624713862811 0
1.1015533104668975 -0.08630165936773437 0
1.1269844840667531 -0.08091668968634735 0
1.1104799417557842 -0.06170017124205174 0
1.1104799417557842 -0.059436349026555035 0
1.1373347335233461 -0.07494097035026925 0
1.084711112516743 -0.07657781180495249 0
8.362967432366986 0.035577431754774125 0
8.51270150848211 0.058510556031563965 0
8.41374719309556 0.011404119270537194 0
10.185880151776374 -0.03386552820436606 0
12.225075316123124 0.6199843323942886 0
12.225075316123124 1.0487833364731145 0
12.266433091736744 -0.6582973872057494 0
12.266433091736744 -0.19396028641705954 0
11.54085748984599 0.22495098448260364 0
13.724129470486204 0.18330401313970413 0
1.1868671098397436 0.06684039432881228 0
1.2011182163893368 0.05889764581304835 0
1.201645857533694 0.04192563508389613 0
1.2148357929589697 0.04982440069378136 0
8.0405663323524 0.06684039432881317 0
8.195553091647643 0.15322111487648238 0
10.166561469119927 -0.10857886939932371 0
10.166561469119927 -0.05711258061471369 0
10.245019286525945 -0.1548025463428928 0
10.245019286525945 -0.29841371070483547 0
10.0413885834474 -0.1808474689534023 0
10.290392369468663 -0.12860638457746632 0
1.1882463861423957 -0.006956919265348915 0
1.1877129979814072 -0.007264871065018497 0
1.1877129979814072 -0.012745142142620125 0
1.1859497192560866 0 0
1.1759793651004955 -0.005970726010730232 0
10.540311651055148 0.3934429875069725 0
10.540311651055148 0.18706532234631368 0
10.521089765676777 0.17596756160028804 0
10.664391848802424 0.09323206497072078 0
10.753642110274768 0.14530694803076472 0
10.753642110274768 0.03618818221841025 0
10.643241700695114 0.18073301797183206 0
10.643241700695114 0.3978747988515323 0
10.917172079519133 0.23972102020712782 0
10.573262406283675 0.14033045332911342 0
8.696770705717597 0.44942094540817834 0
8.696770705717597 0.6857803371472073 0
8.920229544453889 0.5784349666691355 0
8.712684382214036 0.6765925716980519 0
8.988560984008416 0.8358700027031603 0
8.988560984008416 0.538983791475772 0
10.923902355390624 0.26502571376622086 0
10.923902355390624 0.08541853613407113 0
10.739353495344687 0.5981215422197721 0
10.739353495344673 0.27852612462423565 0
11.120097373442476 0.37829896074711655 0
10.664391848802424 0.23524699762504042 0
10.427211512196749 0.036464748988976226 0
10.321411746826556 0.09754827227256158 0
10.400008366731697 0.020759005563320443 0
10.321411746826556 0.016843630767723994 0
10.343768301172076 0.027486295611140577 0
10.400008366731697 0.0007136472291762175 0
8.430231738109654 -0.53189399179265 0
8.43023173810965 -0.7486333878963372 0
8.377160867612847 -0.7792738693976915 0
8.696770705687932 -0.6857803371459639 0
8.712684382184783 -0.6765925716965526 0
8.71268438218479 -0.9729884617017639 0
8.331507332921575 -0.029982043474547027 0
8.327623777075985 -0.016995217228469528 0
1.2250894480789043 -0.009524444719602343 0
8.336095443343424 -0.0095244447195455 0
11.553409464152224 3.7257744915968516 0
11.553409464152224 1.7769134180580863 0
12.998129723560965 2.560509550374533 0
12.998129723560965 1.0807426363863613 0
11.672868014191039 1.8458828443813786 0
13.284918630684643 2.726087203826552 0
8.694106381775878 -0.08047425341234948 0
10.443362421719371 -7.890116584359539 0
10.345401717851196 -4.776385218921995 0
7.356086641513908 -5.589742668487602 0
7.880034165454042 -5.287241423177619 0
7.880034165454042 -4.014243615533903 0
9.772751928583418 -5.107004730351896 0
10.400008366713593 -0.0007136472291264795 0
10.321411746805396 -0.09754827227361318 0
8.90461203488659 0.09485795845892397 0
1.1693747856447685 0.0392468630796452 0
1.1693747856447683 0.030499053855455482 0
1.1488501308142822 0.02739694803645687 0
1.1800658256408443 0.024326579008831395 0
10.150416635395786 -0.15723355522864324 0
10.150416635395771 -0.33936531634083167 0
10.32306667852643 -0.21095972349640135 0
10.323066678526416 -0.09850374755240665 0
10.347944161866451 -0.22532274526228946 0
10.185880151776374 -0.17770842604684844 0
11.209816377542523 5.234358953322783 0
10.428232687082442 5.6856065093760435 0
10.621600188492039 7.186174160566452 0
7.96230995035927 4.261905347306666 0
7.962309950359298 7.5218312446219215 0
8.275360293568838 -0.11008203086726098 0
8.343283310852257 -0.07086665838312456 0
8.343283310852257 -0.17341992724379907 0
8.255467622892525 -0.049824400693182724 0
8.193492426239922 -0.08693811931271966 0
9.636964172956098 -0.12017724420957165 0
9.767308141224369 -0.058128005887557066 0
9.51396435964034 -0.061624134070367376 0
9.51396435964034 -0.3069750702775593 0
9.654956109105747 -0.22557344541446867 0
9.767308141224362 -0.2904399216856106 0
8.445746861386969 -0.08637229932168822 0
8.580334882931474 -0.16407673012966661 0
8.413747193065126 -0.10484731652201695 0
8.413747193065127 -0.011404119270313373 0
8.512701508452102 -0.05851055603155331 0
8.580334882931474 -0.026314211027266055 0
7.965661040571401 0.4969171814036635 0
7.965661040571401 0.6354691924461822 0
8.26360270438574 0.6689338819613724 0
7.812627378671905 0.7238232187250304 0
8.177760607048175 0.9346329873393611 0
8.177760607048175 0.7184948401835953 0
2.4505751590400564 0.4660338804270907 0
0.8441521251053814 -0.46143489470046006 0
1.7717963086687973 -1.6636028455603693 0
2.263278858784936 -1.2513331580435931 0
2.4505751590400564 -1.3594687278866786 0
1.0166901066433525 0.04127356965165063 0
0.9906036771726576 0.05633457679448384 0
1.0287776669941877 0.06897474407043092 0
1.006851003458337 0.0844034331443595 0
1.0166901066432956 0.06199598781751092 0
8.67024819264681 -0.464733725517565 0
8.670248192646813 -0.2720184703050048 0
8.459945270643306 -0.19458627674638507 0
8.459945270643306 -0.3382808152878898 0
8.63215497804454 -0.2940115981060316 0
8.455585299482237 -0.34079804582238893 0
9.017005348236978 0.03492266151096146 0
9.017005348236978 -0.1666259293769201 0
8.793045494869375 -0.13905628163124106 0
8.88114940633642 -0.0881894644067529 0
15.045471995917922 3.71783947069855 0
16.3794443802783 4.026023644171573 0
10.722425526752033 -1.0827061873772266 0
10.722425526752033 -1.7876302421714172 0
10.223597342577733 -1.3707047750481252 0
10.562079974094274 -1.6950546937765694 0
10.039790333658402 -1.9965987595949173 0
10.039790333658402 -1.2645837485058564 0
6.311556057671396 -0.18740837680579148 0
6.311556057671339 0.05212135999329348 0
6.460198704653294 -0.10158950418269797 0
6.46847795799998 -0.1063695333519945 0
6.408465401274498 -0.0195637576283616 0
6.39195087922991 0.16177276096249216 0
6.497543825062877 0.10080864499491327 0
6.425403719090127 0.01931865458897164 0
6.421537298915609 0.02278711536666833 0
6.391950879229967 0.005705387922148475 0
1.053122587488133 0 0
1.0531225874882466 0 0
9.89431171901522 0.10194943728622974 0
9.89431171901522 0.31591221381376755 0
9.64531008583404 0.35143899670931944 0
9.64531008583404 0.11418570395807137 0
9.800577998792463 0.2617950249745178 0
9.759213984685637 0.17994815090916916 0
8.364300325553234 0.04209263756279569 0
8.427558485054375 -0.030951593589250592 0
8.51092942690286 0.06531687826906207 0
1.2178034922514485 -0.014844467801651717 0
1.2062630341407612 -0.022925112654434088 0
1.2072607747317647 -0.02234906685313831 0
1.2072607747317647 -0.008757626977029531 0
1.2209219926658648 -0.03138846634197989 0
1.2199361438205187 -0.02998204347460387 0
1.225852517754447 -0.010197360740420436 0
9.783003854367479 -2.4936054734346556 0
9.783003854367479 -4.467438459189182 0
11.687558742017501 -2.5887554862923565 0
10.817683626137608 -3.090978120801651 0
11.687558742017501 -5.534634502556479 0
10.084755880520115 -4.29322184490016 0
2.450575159040369 1.3594687278838506 0
2.450575159040369 -0.46603388043446614 0
0.8441521251051256 0.46143489469335464 0
1.771796308670389 1.663602845555765 0
2.2632788587847443 1.2513331580404952 0
7.950723893590634 0.08534914768807766 0
8.039176681742788 0.21641019224975366 0
8.068279547908276 0.19960764456152447 0
7.8395193367124705 0.1998580890882522 0
8.039176681742788 0.3151303114909183 0
8.886902018908302 -1.588750759312063 0
8.886902018908302 -2.2270607493771024 0
9.618504670702123 -2.66792946097857 0
9.618504670702123 -1.7533693676184612 0
8.870899842493088 -2.236299610278479 0
9.39526724091121 -1.8822555583646476 0
10.430005223061727 0.009333910766955 0
10.430005223061727 0.018516140932533176 0
10.476682469779917 -0.008432980142998758 0
10.38246138291413 -0.01811553826053114 0
10.38152274301666 -0.06337347424586426 0
10.38152274301666 -0.017573614260683712 0
10.401590793690417 -0.008583740567303266 0
10.38246138291413 0.01350500045151648 0
10.344112266437293 -0.03077674518416984 0
1.1507571891447697 0 0
1.152242969768622 0.017532999010768435 0
1.1626275715717327 0.011537446338081736 0
1.1381780688210767 0.012952902223105411 0
1.152242969768622 0.02107327660678493 0
9.425414304514533 -1.2114367712561318 0
9.425414304514533 -0.7235733144743364 0
9.693648266954312 -0.5687083633771977 0
8.596466951260055 -0.7328437916192172 0
8.516132806501673 -0.13382093961007513 0
8.516132806501673 -0.2737317042338532 0
8.72160071548177 -0.3722170789536392 0
8.72160071548177 -0.18845628211701637 0
8.53357592495587 -0.2636609150547429 0
8.666182355340482 -0.22045208740252065 0
1.1404650324976453 -0.059659909509843345 0
1.1404650324976453 -0.052426761433807645 0
1.157020983434031 -0.042868178662225365 0
1.1160891131473325 -0.04558646584969628 0
1.1357570378282387 -0.034231184191152675 0
1.1357570378282391 -0.03059143388903962 0
10.358078275182976 -0.025634104934340485 0
10.24565526664017 -0.039273349588853534 0
10.313678703211451 -1.6058265828178264e-12 0
10.313678703211451 7.37543359718984e-12 0
1.1469313974943276 0.09999490427804858 0
1.135567896062014 0.08165324829428755 0
1.1222023132451113 0.10876624077855013 0
7.587332759699848 0.10876624077855013 0
7.679835326402724 0.29641397976286044 0
7.801525998584964 0.09999490427804858 0
9.138815000060106 0.11441579539834379 0
9.387264358250889 0.12193869014785719 0
9.255138180434244 0.05904104474967653 0
9.150166501493658 0.25492901839915305 0
9.150166501493658 0.41316520583032457 0
9.591716511763053 -4.604316927725449e-12 0
8.434543376182518 -1.1880274541908875e-11 0
9.150166501485558 -0.2549290184129944 0
9.150166501485558 -0.4131652058493813 0
1.1782697638665738 0 0
1.1880546125095244 -0.006253276801569285 0
1.1808479958135187 -0.010414018909136402 0
1.1808479958135185 -0.014866513045886487 0
1.173616409465446 -0.010691354702913713 0
6.017902333200297 0.8092493987099196 0
6.768187357349305 0.9909578050024201 0
6.216043031967029 1.3097384812864394 0
6.216043031967029 0.9236459849802134 0
10.465575333846644 -0.24276494685759076 0
10.465575333846658 -0.489085419697318 0
10.64324170065413 -0.18073301797409158 0
10.5006872912263 -0.2630368449910634 0
10.343768301152366 -0.02748629561185112 0
10.235767392524153 -0.05761396345236136 0
10.321411746805396 -0.016843630767709783 0
8.308510942578817 -0.031088674722240306 0
1.2266415131795405 -0.031088674722240306 0
8.306244864936438 -0.008575092101644088 0
1.2289075908219171 -0.008575092101644088 0
11.717745260196054 -1.5365834555786435 0
11.717745260196054 -0.8948670228032682 0
12.041227675695083 -1.7233461160612507 0
10.912982944490281 -1.3594967644400526 0
10.960317338963193 -2.3474099926703644 0
10.960317338963193 -1.3868252899503375 0
9.10344268339282 -0.20921645278659184 0
9.37573757271251 -0.48309422537926494 0
9.37573757271251 -0.22716979728681608 0
9.255138180404813 -0.2967978892040364 0
10.378017671338512 0.06833020652521782 0
10.378017671338512 0.024255120349806703 0
10.358078275187836 0.025634104951848258 0
10.358078275187836 0.009070889098154566 0
10.331072064819637 0.04122614784583334 0
10.381197903206584 0.022419012616666123 0
1.0655124292179607 0.0767893973186915 0
1.0655124292179607 0.06995235894376606 0
1.0445671601935373 0.05785960218145192 0
1.0932155771590715 0.06079497732764594 0
1.070596429747809 0.04773580642384445 0
1.070596429747809 0.04283159633180844 0
10.347944161891235 0.39461489267512206 0
10.60667040597329 0.24523922535519205 0
10.384825914513385 0.41590858257276864 0
10.384825914513385 0.683424812358993 0
7.4487335270503205 0.6607800131073365 0
7.4487335270503205 0.726774026256356 0
7.812627378671905 0.870874227215598 0
7.165391166233718 0.8903618152615032 0
7.58608445558184 1.0016688454162122 0
7.58608445558184 1.1332492001742978 0
1.1576966330196115 0.07169913565695651 0
1.165771198356424 0.06703728316583124 0
1.1709527466535974 0.08534914768813451 0
1.1890475498543935 0.06776186082447566 0
1.165771198356424 0.05432325296251861 0
10.464571519421554 0.04345785556398596 0
10.464571519421554 0.016516548193486358 0
10.42721151217647 -0.07371340756676403 0
10.42721151217647 -0.03646474898950203 0
10.547364805820322 -0.004342870834321388 0
10.400008366713593 -0.020759005565068378 0
10.621600188475156 -7.186174160559801 0
10.428232687059207 -5.685606509372093 0
11.209816377526039 -5.2343589533149455 0
7.962309950349066 -7.521831244614589 0
7.962309950349066 -4.261905347310233 0
10.399273922339944 -0.0365274227256549 0
10.399273922339944 -0.002384799507524349 0
10.37801767132521 -0.024255120426687427 0
10.390880955988479 -0.012076162314542671 0
10.38119790318612 -0.022419012697710627 0
10.38119790318612 -0.0008951359816649074 0
11.814666630782966 -0.44804992628542095 0
11.814666630782966 -1.0954810028990636 0
12.107860447477094 -1.2647565326319068 0
11.120097373463125 -0.8490596757222306 0
11.165182346668217 -1.809011990271415 0
11.165182346668217 -0.8750894972523326 0
1.025134326779721 0 0
1.0305212938563386 0 0
1.028778432473871 0.004116408398118665 0
10.301247251349679 -0.10580812537358497 0
10.37801767132521 -0.06833020651095012 0
10.377121450910096 -0.06884763961112128 0
10.377121450910096 -0.14961411510576283 0
10.331072064807785 -0.08858876121973935 0
10.331072064807785 -0.04122614783238987 0
7.8126273786993465 -0.7238232187203266 0
7.8126273786993465 -0.870874227210976 0
7.448733527083334 -0.6607800131059207 0
7.965661040599912 -0.6354691924407803 0
7.656510673893592 -0.4569811442228229 0
7.656510673893592 -0.5408198209393049 0
1.1946378599481509 0.025573407131494807 0
1.1946378599481509 0.015061223576360305 0
1.180065825640844 0.017160239164766278 0
1.1979272682630595 0.013162082791974061 0
1.1877129979693057 0.007264871062529599 0
1.1877129979693057 0.012745142143095967 0
6.4636806471482195 -0.8083113535831181 0
6.4636806471482195 -1.073007197786545 0
6.2550581893909225 -0.6878631209115937 0
6.90202630486953 -0.819928213197116 0
6.611900283140502 -0.48184024112678614 0
6.611900283140502 -0.6524238757209719 0
8.07032333145323 0.43649037932497947 0
7.809866464384456 0.2861155363534138 0
7.921116703338642 0.13865851011384756 0
7.8982807633689465 0.23506951681143917 0
1.1614049348041036 0 0
1.1448275915568853 0.007515440288697883 0
1.1614049348041036 0 0
1.1760474551913964 0.008160900114562941 0
1.16405675188544 0.018617401229193753 0
1.16405675188544 0.015083735926281983 0
10.64324170065413 -0.3978747988537066 0
10.984301904634904 -0.5934498473376095 0
10.633399231650728 -0.7960436009297069 0
10.633399231650728 -0.39219224670027586 0
4.682521635493465 -0.3174672584154479 0
4.682521635493465 1.0084264260796587 0
3.052511661682125 1.8470682363111557 0
4.593801757750249 0.9572039805583046 0
10.00080993149362 -0.40553452770251397 0
10.00080993149362 -0.7002276629957009 0
10.278020516300955 -0.5410842468043029 0
10.278020516300955 -0.3143370575779443 0
10.277237464561779 -0.5406321516699109 0
10.060435898353688 -0.43995959587027755 0
6.589031553888219 -0.46312962222532406 0
6.589031553888219 -0.31750298340273275 0
6.456668129646971 -0.8111020942371283 0
6.456668129646971 -0.5559278469356457 0
6.316367853956535 -0.4749254446444411 0
6.824202841030626 -0.5989058287559033 0
9.26074682144531 0.035192156584116674 0
9.26074682144531 -0.1850883225505413 0
9.38221340591889 -0.11495955700064542 0
9.387248968916253 -0.11087994184504169 0
9.513091569439212 0.03443057736501487 0
9.513091569439212 -0.19052210027044225 0
8.595849058741397 -0.032739866762362624 0
8.693915485596154 0.08049748961857972 0
8.793045494855544 0.13905628162653194 0
8.793045494855544 -0.033967985942986445 0
6.833839645601479 -0.08425174575262417 0
6.62915445844402 -0.19712131123426957 0
6.631303318727134 -0.14433400746457892 0
6.485974134666094 -0.056289597851844064 0
0.9816103981375335 -0.056289597851844064 0
1.0243253653551534 -0.08425174575262417 0
1.001144136932794 -0.07146891952220358 0
1.0000709452855858 -0.04510569156849442 0
5.780282428405904 -4.007261795776472 0
3.844537244541904 -5.12486480364668 0
3.8362621952692137 -5.144251485959167 0
4.330613827797833 -3.170295235322204 0
9.13091635603007 -0.9705032454960758 0
9.13091635603007 -0.6310707309914108 0
9.351070636322277 -0.7581768645367788 0
9.242684270646066 -0.905974009623776 0
9.504540621677734 -1.0571568450415896 0
9.504540621677734 -0.6695709267921188 0
11.410531775667764 -0.2698510698896257 0
10.75364211023141 -0.14530694803818278 0
11.059898869470572 0.03151047512235294 0
11.059898869470572 -0.06741306622529208 0
10.917172079472408 -0.5546924245400504 0
10.917172079472408 -0.23972102021262742 0
10.378433853045408 -0.007040103029069655 0
10.391330033049826 -0.018465157433297463 0
10.372881901072901 -0.009683066839897947 0
1.0868946595123248 -0.04607308549833533 0
1.0868946595123248 -0.048083202130385416 0
1.1090636816784922 -0.035283911159126546 0
1.0670242718327358 -0.03460091177248614 0
1.0880775141292247 -0.02244581661213374 0
1.0880775141292247 -0.023167541622427734 0
7.1168003545044485 2.92854366535218 0
7.116800354504505 3.303310199502107 0
7.88003416547798 5.287241423190295 0
7.88003416547798 4.014243615543791 0
8.438660993635892 3.6917202645208818 0
5.7802824284241865 4.074949187273262 0
10.372881901068894 0.009683066839414778 0
10.378433853043362 0.007040103027605937 0
10.363645033865481 -2.5579538487363607e-13 0
10.363645033865481 -1.5774048733874224e-12 0
8.920229544424345 -0.578434966667821 0
8.920229544424345 -0.33835041930894505 0
9.205844884987336 -0.664432710760078 0
9.205844884987336 -0.3850066359591544 0
8.988560983979248 -0.5389837914742799 0
9.103442683392828 -0.4441285748737158 0
4.132266981147438 -1.6551076815913923 0
4.132266981147438 0.0002224157823498274 0
1.0174184528260177 0.5517870057994578 0
2.4554092552035485 -1.7701816496475749 0
1.953109911961043 -3.142275819204446 0
3.052511661682125 -0.6231746112940613 0
4.3306138277978405 -1.769623287398332 0
10.521089765692835 -0.0760886803979588 0
10.521089765692835 -0.17596756160369864 0
10.540311651069715 -0.18706532234890005 0
10.450131802664288 -0.11705627963269194 0
10.445505878914076 -0.24180146066288444 0
10.445505878914076 -0.11438550129857106 0
10.47690627734869 0.04559447736870936 0
10.47690627734869 0.10824530371199614 0
10.43432604884299 0.1602889598952828 0
10.43432604884299 0.07206767379192058 0
10.500687291259425 0.12197527855497015 0
10.43268970257418 0.07112292882897009 0
10.47668246974115 0.008432980137342838 0
10.47668246974115 0.0031463860901226326 0
10.430005223028402 -0.018516140935048497 0
10.573262406246613 -0.05261406649327682 0
10.476906277312253 -0.10824530371473884 0
10.476906277312253 -0.04559447736943412 0
8.038713490470059 -1.0149118778857655 0
8.038713490470059 -1.262994341672993 0
8.377647443888122 -1.3164216794177719 0
8.377647443888122 -1.724273964322606 0
8.469295613654708 -1.2635085837010251 0
7.808700597462064 -1.395792347948543 0
8.484228065245166 0.04197435051280607 0
8.484228065245166 0.15224115063790933 0
8.595849058741393 0.10641876143668227 0
8.516132806486869 0.13382093961309138 0
8.666182355321045 0.22045208740285638 0
8.666182355321045 0.06581181354597554 0
11.814666630758822 1.0954810028945658 0
11.814666630758808 0.44804992628306195 0
11.360704746929216 0.1859549093068864 0
13.057697315762042 0.37781689916086236 0
12.050512649322087 -0.20368144167299107 0
12.050512649322087 -0.21230587056913208 0
13.391904173834291 3.0752767117354693 0
16.411827041411946 4.122368133725104 0
15.897928010579022 1.1477044506056586 0
12.975589553732817 2.83491735270195 0
13.391904173834305 6.144872509182846 0
15.264956667946393 3.8574096516222767 0
8.693915485614468 -0.08049748958234204 0
8.793045494869375 0.03396798597407269 0
8.904612034921342 -0.09485795845210987 0
9.103442683422543 0.44412857487478163 0
9.103442683422543 0.20921645278741607 0
8.920229544453832 0.33835041930984744 0
9.006388715543437 0.265250587513151 0
8.852684021234438 0.3773478454935173 0
8.852684021234438 0.17650914049033872 0
8.526798897311267 -2.7857862672595104 0
8.526798897311267 -1.8337227692112208 0
7.957104106855525 -1.3140921996870247 0
7.957104106855525 -0.9393506545895463 0
9.016500470397489 -1.5509934329318185 0
6.967427058536288 -1.8854825124418255 0
8.316092518304039 0.45667793642511434 0
8.316092518304043 0.3083175747399416 0
8.07032333145323 0.3147830296182157 0
8.342835511869552 0.2928775001384878 0
8.148248324849513 0.18053253484068144 0
8.148248324849515 0.2697930135076696 0
10.275292855231754 -0.15880322807390712 0
10.275292855231754 -0.04914825153394986 0
10.109844486135643 -0.07912452132896419 0
10.109844486135643 -0.24852643535840002 0
10.166608459643982 -0.11189721685747145 0
10.27027124716156 -0.15590400129013915 0
5.40819308614266 3.3241138661653125 0
4.8343249236766255 5.561125533220572 0
7.058567928675842 4.276958229929463 0
5.40819308614266 2.750630301320875 0
4.600327756657741 4.703415004033349 0
3.1829391802305924 4.035381248528701 0
1.052559826088582 -0.025918516518964596 0
1.052559826088582 -0.03241815831149264 0
1.044567160189334 -0.057859602181619785 0
1.0445671601893345 -0.04590116337564387 0
1.031258013401844 -0.03821712386162357 0
1.0705964297431625 -0.04283159633223699 0
8.34328331083673 0.17341992724365607 0
8.34328331083673 0.07086665838373474 0
8.27536029355646 0.11008203086603885 0
8.255467622880582 0.04982440069378136 0
8.193492426226902 0.08693811931410522 0
1.031258013406557 0.02529647271057911 0
1.031258013406557 0.038217123862011704 0
1.0238981926098063 0.0210472781738531 0
1.0525598260936135 0.02591851651914112 0
1.0396950010098749 0.018491006261598386 0
1.0396950010098749 0.01192698655188451 0
7.1653911662660335 -0.8903618152636739 0
7.1653911662660335 -0.8934040458579204 0
7.240735869217531 -1.332636300362907 0
7.240735869217531 -1.395555784551874 0
7.586084455609694 -1.133249200173907 0
6.768187357378679 -1.122729772844309 0
1.2115554260318504 0.007711075857116612 0
1.2035134207166607 0.003882741404765966 0
1.2158839800942474 0.00565050116256316 0
1.2158839800942474 0.0241720851070113 0
1.2022601426357937 0.01630635884862386 0
1.2035134207166607 0.015582778408059994 0
0.9957639782015844 0.01479242965993488 0
0.9957639782015844 0.042619062954775355 0
1.0150238417470898 0.02590402639827083 0
1.0150238417470898 0.009251933334015083 0
1.000595699427484 0.017582025222547593 0
1.0198695561941986 0.02870170095095048 0
6.589031553857518 0.3175029833993879 0
6.589031553857518 0.4631296222186023 0
6.824202840997987 0.5989058287481512 0
6.316367853927995 0.47492544463985453 0
6.456668129617253 0.5559278469303983 0
6.456668129617253 0.811102094227623 0
1.1972040651436942 -0.001126337552420864 0
1.2019205244990303 -0.0036390020959515823 0
1.1984742791631788 0.00034037926604923996 0
5.457697137648694 -1.326786901928017 0
5.457697137648694 -1.4484043334539507 0
6.73863371546264 -0.7088552522064617 0
4.335247615774108 -0.6787403654900572 0
5.510860408803808 -5.5848659030743875e-12 0
5.510860408803808 -5.5138116294983774e-12 0
10.474029496146954 -0.3551749673568736 0
10.474029496146954 -0.7017627646735463 0
10.382539923948627 -0.4079964967244507 0
10.251301288900152 -0.5731705737015602 0
10.218878129141501 -0.31350631502361637 0
10.218878129141501 -0.5918900937979856 0
10.076326094330796 2.530014141866218 0
10.076326094330852 1.5958050554064869 0
10.676461548006387 2.1835257746222965 0
10.337339931692952 1.7465014653282651 0
10.96031733899278 2.3474099926754945 0
10.960317338992752 1.3868252899529239 0
10.942871521784468 0.1852786449578332 0
10.942871521784468 0.22839839175355792 0
10.759054836219775 0.7388343222660296 0
10.759054836219775 0.46736364272911146 0
11.29301365989852 0.43055305033175273 0
10.60667040597329 0.37938445052151337 0
1.0235410287836906 0 0
1.0270397101551492 0.005060703409926481 0
1.0288077428019582 0 0
10.361770461976107 0.04673478513539919 0
10.361770461976107 0.10518959087590929 0
10.372881901068865 0.04031959275607733 0
10.290392369464428 0.06397942976997228 0
10.333345676021395 0.0391803265583377 0
10.333345676021395 0.017493342482410412 0
VECTORS current_density_A_m2 double
94867.75111498266 12618.393671067117 0
80250.64174534772 -48625.81845751302 0
61745.510095663296 -37951.512272794615 0
98081.72419903259 -675.8514601551724 0
117453.8979505467 2372.516723971272 0
103886.14849061993 -1201.1823561404824 0
99383.89922956859 15425.623120231214 0
96927.29473738381 -490.56800751714036 0
97424.27938011588 83.3004295191131 0
96434.08144671518 -3898.5222892802794 0
98949.37800516863 5030.988486861602 0
98480.53836362604 5005.329430345464 0
100711.59302749869 -13135.160649941254 0
117856.92969017758 -7208.196153277199 0
117893.80451076823 -11672.917724273693 0
100654.67124166887 -9130.26953281984 0
99943.78113990743 1911.1665255403182 0
99936.77708694519 306.48657395216094 0
131439.70867303055 13729.86011131522 0
92384.23965898165 -3812.7911959213634 0
94390.03232082995 -4970.836134243655 0
92899.78421781142 -5831.231281435976 0
111975.06439662969 742.9053342480652 0
88190.64721164879 -3674.0701894514073 0
89539.07786937252 -1295.1406542806506 0
103727.76917800141 3724.337927880016 0
112959.05167196116 185.53577060041272 0
112959.2768119667 94.08246655297236 0
90223.06424383761 -3014.1347829450124 0
91900.70983969448 -1179.1983592282727 0
77462.60225695548 -665.4294715532661 0
76500.84173472006 -230.00785660599965 0
75534.1903237276 -1911.681542414033 0
77122.24912145121 -1196.5428232947781 0
91240.6090751665 -7932.003641421943 0
93055.71034419927 -6489.535464911569 0
45444.22797144288 -42940.7151504095 0
96295.00228150014 -807.4388237035022 0
111729.40510684148 -44099.514741648105 0
117568.53400576222 -40376.86573710939 0
103331.03453569976 5.29700937131429e-8 0
84249.80699862727 0 0
97293.92225599536 -3349.0173575316717 0
94941.50884698037 16362.73636082305 0
94390.0323202784 4970.83613419175 0
87629.37563641739 2953.4280550673448 0
116294.12102298766 4074.793532460025 0
94390.03232027848 3730.648184810761 0
110698.33943872333 6189.363568135891 0
110688.46783921437 11580.300290744246 0
89517.57394113883 5765.620834349647 0
68334.6818216333 -29.091111540629917 0
64488.68001433323 2058.19195721751 0
110387.93837044429 -831.6808114093913 0
82551.18044819465 5685.17229660916 0
89157.1515787602 0 0
77598.71085407774 84649.28208384178 0
98566.56422999683 2267.1187734261634 0
72938.82106257595 -3803.5271818559586 0
73001.66597401242 -3994.914544155235 0
75877.51274716624 -2291.9208962137204 0
75860.66444670329 -4562.58497835668 0
109476.00667019961 -1377.0181785389077 0
106945.3383705481 -2081.0026193745043 0
106945.78353950713 -1155.0661780051748 0
109475.06039882824 -2597.633796797443 0
96962.44294223865 -10756.500177087046 0
100669.4458660172 6524.61754453556 0
102844.26372867831 4690.045545635403 0
110255.1000107784 6386.11212129093 0
100719.76887994673 -18167.424337140204 0
100642.96096338137 -12889.184729818511 0
96180.81141047923 -1304.5087078858053 0
111973.95117488959 1614.4056614198298 0
71802.22112459046 19432.146561122692 0
112932.67076957788 3407.2768875628603 0
92384.2396582657 4488.212732432277 0
92384.2396582657 3812.7911957795923 0
108289.47817468936 5050.640125667351 0
96281.07365693113 -310.6193123615775 0
96281.07365693111 -1246.6222726543208 0
97186.86343731634 -3985.952055454618 0
95087.80724725657 3327.787641125699 0
87555.83694749931 7227.983325435616 0
87529.25264749138 7464.278342549733 0
89517.57394113883 6095.373939133424 0
120448.09063418867 3915.956109934601 0
116312.98075241526 6518.1456317097 0
79080.73273211859 23438.005053575584 0
79181.21071134107 23784.381895157894 0
99354.02316455639 -1782.810491482652 0
116804.20784045215 23951.753524343116 0
110987.18792081872 -4563.129246305976 0
108519.9219583035 -3180.142790881728 0
108320.19461257657 8625.660587063785 0
113848.75717906628 879.4493258769307 0
84574.98497757086 7154.888519678692 0
84635.50619539934 6888.558333095282 0
85777.5877506952 19799.38606785393 0
85689.31990823279 17771.85556291901 0
95087.80724725657 2324.8606628985513 0
84960.90468421244 -4835.15959488841 0
106801.82136191078 4431.697933620719 0
108216.47585989015 3584.905002472115 0
99021.9651946837 -421.255641302257 0
84202.35014467036 3119.8221427474455 0
76663.10878558562 -28853.36000013331 0
76780.23497678165 -29437.924659237367 0
84960.6073449855 -24282.270222004852 0
80775.24962504301 -3762.048134746657 0
76186.11447067393 232.58090428907926 0
76225.94870742578 -270.4912245164983 0
75539.21418186359 -67.42550569006653 0
117893.80451040546 11672.917724070152 0
117856.92968981511 7208.196153114624 0
84701.44328271398 1311.7511900725262 0
84877.2102512794 8819.393732574099 0
109214.3750217124 -5807.393637424148 0
94328.21881457068 -6654.06792289233 0
102876.43449973383 -7768.731590649312 0
100640.60488809415 -3974.0342796381733 0
87612.40432379064 -834.4269476243138 0
87632.3573656922 -1011.7799106699721 0
91237.20260019126 4772.79276079571 0
110990.37786580542 2363.6799134732355 0
85361.94174661886 -2383.1843247421602 0
84011.65998021497 -1603.5987800205476 0
96501.04273094783 3140.7925534015744 0
81946.02922797891 6740.139660130424 0
81664.92345451858 8247.139336651444 0
87600.45089351309 2848.020364699579 0
72947.6542569236 20.9076017418947 0
70669.85167477315 1173.582202591063 0
54913.09801672065 -63168.82632220591 0
87000.22775036399 -74084.16538654294 0
87102.96396779921 0 0
95698.29025595842 -1.0624644525942628e-9 0
95501.68110984351 173.38055553773657 0
111559.65441607308 -27637.20797156209 0
86793.12240848619 -1314.5666659606402 0
81375.02259871445 -1226.9205348887751 0
113798.36817238803 -9796.293951638014 0
110395.39996010982 -7167.81722387262 0
110436.37154521586 -11596.373583352166 0
113628.19763729755 -9488.765697205881 0
113751.49403745389 804.1469410440138 0
55434.592073400505 -6279.068404001216 0
75082.55925891292 25001.351063218608 0
75089.72028825445 20320.32101340555 0
91938.69715517697 30037.246456519508 0
83041.2961833263 35207.27602241206 0
114760.48565083867 1227.7924509696288 0
141402.01188610602 -11757.013229217433 0
88693.79744702745 29087.6050572718 0
104464.68570041461 6128.749341660795 0
94541.26284410786 -10805.083098403888 0
82304.61942459442 0 0
96580.86197793757 700.6101581629664 0
96580.86197793757 1787.9253481702763 0
97424.27937954133 1187.557424145993 0
96501.04273094783 1834.0090121076714 0
97673.75941280925 2511.077307022198 0
127784.38462570611 -46412.119776292035 0
78528.83185066559 4503.1678280788865 0
95449.83371793857 0 0
106497.19994923518 24549.1819606429 0
87632.35736610569 1011.7799106637904 0
85240.99433707871 -5596.188715504464 0
113147.66227313044 5287.704700943793 0
78251.17882964737 1565.100610243846 0
77753.7473174404 2284.6155025020566 0
142416.28775450817 12165.407207454205 0
143127.57218575815 -8497.238587926808 0
92075.66362049917 -4343.795420763652 0
116994.45836159006 33429.274098600676 0
105663.07847477477 26932.630789722014 0
105622.90917592606 48233.022663338175 0
164833.98219185806 53493.9048998568 0
83015.01652959359 -680.900585357449 0
83024.96931976292 -436.4077431773694 0
82059.63489648185 -993.7438347560601 0
84011.65998021497 -1256.3129523687167 0
82564.84730221018 -2091.6306451385935 0
82564.84730221018 -1285.428354474334 0
28118.156807116866 20271.26235520932 0
89691.15959966712 19073.17780831744 0
96313.26065947664 -3620.929443237806 0
95131.65110261546 -5443.26736367843 0
84431.33520237435 -757.7537783605503 0
95449.83371910121 0 0
113798.36817204322 9796.293951462547 0
110395.39995974163 7167.81722372377 0
93261.69586814175 -5362.982653255272 0
93261.6958681417 -4345.860236989516 0
95123.80398800093 -5420.948865948531 0
85737.1595136172 14159.238213575227 0
72595.22046545096 6578.072557155987 0
83985.71071043957 -6.460304318858227e-8 0
98395.38230384758 -14951.344157978447 0
86702.72482331756 4792.546030981538 0
96924.43408216807 -616.8860685670907 0
143951.59124497866 63583.03164797928 0
74825.05436187956 -53606.81958599297 0
91035.2022125874 -6555.356560195006 0
92504.2072000458 -11884.044732022126 0
92446.98070035483 -9544.683560826737 0
94371.42719078073 -8714.36818319891 0
83506.67987855799 2635.3979392147053 0
114038.39520265505 -34.24832447488744 0
130776.68784592826 65247.1513138244 0
110430.09576508435 1689.8743939246183 0
110427.18619427246 -320.02100708813566 0
112736.86378619862 33255.48002952266 0
86676.21407480254 -4276.599516641322 0
87063.30770604512 -8494.779743537194 0
148778.16076592388 -68266.82883832579 0
148398.97834228937 -34077.896332934215 0
130597.00321539979 33939.68668404252 0
119147.29190572607 40927.807100215585 0
91953.66362063763 19775.00920609644 0
104992.18149092514 15636.274170985864 0
104971.67176180874 27265.020522017916 0
92561.6786751243 3429.454292977425 0
91237.20260019126 4194.140914719355 0
97270.71840715429 -1933.7668085576354 0
97179.92460076262 -1986.1866373477 0
98037.40495924256 -817.01529838206 0
97270.71840715432 -452.0400930016777 0
107791.31383795639 -20341.485485530196 0
112284.71764142821 1495.1668536949478 0
112282.05141677281 3052.705241417768 0
113153.22151837184 2624.761174871708 0
97901.94998690464 -10499.36918133745 0
94489.37479165215 -8301.799416748288 0
69654.43223557809 -72749.03088960616 0
112589.24022933232 -17830.95118801242 0
109150.09152651485 -35236.65398653998 0
109182.02261114812 -19610.071040982508 0
96295.00228184716 807.438823709136 0
58414.08049201326 -34637.05671786942 0
83041.2961834501 -35207.27602253906 0
83016.99939686447 -48842.00872034439 0
120464.91921658609 5849.7129423635515 0
124221.89040233118 12808.415649155839 0
124182.01070229124 7789.5682525755465 0
89296.61134416818 1245.8527282713305 0
88679.67690872913 0 0
88031.11686486949 1284.7619624028805 0
91015.22017466332 -3512.859649245222 0
93153.66380933562 -5615.750677025332 0
90232.6527508775 -3674.6946845597686 0
105748.71340854645 1295.7310526410984 0
68278.54012223249 -13153.04455413567 0
71872.29681025293 -15329.621185601472 0
95777.08395286664 124.46240262988795 0
95444.67108441466 -763.7250201508472 0
95712.13982009489 -609.3018729312405 0
107498.72038141727 -1.9902228127882177e-8 0
92571.31841775084 17458.296594767693 0
92666.60461430615 21947.291096381745 0
88573.43114756243 24050.110065858382 0
97868.13863920892 29542.2745019191 0
79182.60663144337 -72.08893128336058 0
80828.88933299272 1388.1535725590766 0
86776.88900133944 -5883.618633802143 0
86726.49026038926 -8838.95147826479 0
84574.98497804182 -7154.888519935412 0
112418.32842836886 -336.9100009374313 0
112417.57282314166 -939.3360982252999 0
124182.01070271451 -7789.568252743076 0
124221.89040275411 -12808.415649083037 0
87814.03113760355 -11594.99076173297 0
95066.43191044175 -236.50223584602338 0
106843.55603121714 11883.835432197682 0
106798.00095110493 7523.649939781459 0
104354.51982528294 10228.898876128962 0
105487.00421549447 8552.796702746326 0
90986.77868126337 5295.037207212303 0
95573.77133961066 -2364.4762511858385 0
77598.71085386761 -84649.28208363737 0
65733.96294978664 -46340.7389198697 0
72938.82106288517 3803.527181838688 0
75877.5127474777 2291.920896196146 0
82010.74614195689 0 0
81910.92231471818 -89.5492506828166 0
87720.16564725467 5824.307446366255 0
90257.99861256464 4631.916240882068 0
93275.58731952369 20809.115552039457 0
71872.29681051901 15329.62118561021 0
111111.31088666664 949.5405909624953 0
81107.26638747183 -37646.47692305128 0
68010.80383829949 -30046.485821803602 0
155758.9842216778 44610.8766038175 0
102362.04810131309 2676.1022906211765 0
102383.21469455141 5238.8034037998395 0
100640.60488775656 3974.0342797389008 0
117839.67699293645 69383.51415532206 0
92817.20912646328 54943.90225442363 0
89770.98246554282 13193.338850670452 0
89843.63869663642 15625.935520985811 0
113250.81624892227 691.333811387839 0
95066.43191085005 236.50223586400898 0
95044.36900117071 500.2621441121846 0
76330.03539543974 -2872.583105179741 0
108895.84947314695 -13131.328076989354 0
108973.06950500686 -20216.108626483165 0
83175.60008039823 -1479.2805009128695 0
83360.45866372056 0 0
84431.9281671327 -753.9391386765803 0
104416.42277372762 -15273.600923147773 0
108834.59997768282 -10458.194064009644 0
83078.52973618254 63129.70810875456 0
117245.96014779828 88581.07736328927 0
115843.06018721496 53483.769454608904 0
79846.03410957391 -8148.392776359432 0
84853.69318942958 8271.718572505051 0
84714.1763182834 1230.4269447847264 0
68802.88771778514 -3.934289665785817e-8 0
68803.08495163056 -1.2308085443548935e-7 0
55435.132735610736 -7718.640502249221 0
81374.39660481992 -7255.631694272682 0
84540.94336639707 -8326.09813173227 0
80387.74088148015 -10490.184294935525 0
112631.91037782627 -387.02882277372447 0
110430.09576570702 -1689.8743929984691 0
110427.1861947417 320.0210039357301 0
96454.10490101312 55.82455368312367 0
112801.85452777363 173.89451324472086 0
93549.9828523598 -3139.74904647921 0
93549.98285236434 -2439.9243084621958 0
84635.50619588887 -6888.558333266701 0
81664.92345491861 -8247.139336863256 0
72947.654256615 -20.907601769292985 0
74272.52803860625 -613.348774260829 0
74268.75836698651 2205.254508656889 0
70669.8516744673 -1173.5822026178598 0
127559.93655745882 14514.526055680875 0
127647.16862715766 25530.579530851734 0
109564.98472134327 7528.849643838416 0
111980.55427276519 6308.860246019116 0
111795.5580266947 5992.773510209417 0
111828.63290376171 9876.970878465729 0
68010.80383853128 30046.485821859904 0
70663.75216350472 -3992.842433378443 0
74015.69520183527 -2228.6199955690818 0
82555.39237777916 -7146.721736417945 0
84853.69318910141 -8271.718572507893 0
108977.84496675714 46393.39515642963 0
116832.85896249594 12213.95357971611 0
119061.17546359556 13409.393556435964 0
68321.35787513731 -6533.205766444761 0
68334.68182134927 29.091111502511 0
60597.39079466743 77.16375962537101 0
60578.56089872035 -10984.026701353265 0
64488.68001406123 -2058.1919572494025 0
68317.86721433785 -6652.596457379201 0
60947.587408769 21483.53762791532 0
68111.48716506734 25669.86239539081 0
81201.90734017342 -2072.3221118851143 0
75860.6644470147 4562.584978351608 0
78920.9628327812 3002.770468323875 0
77434.21010400224 5642.994732227994 0
77129.23700080201 -19651.3269166372 0
78579.36181819253 -11505.123572219658 0
108973.06950531613 20216.108626518715 0
89060.55980119808 -36079.756693556934 0
80073.862397616 -41035.392435675305 0
98509.72950341151 -36367.90509227827 0
98708.85085937715 -51818.87352384151 0
90220.62268797468 0 0
91489.72761234024 1008.5627161817356 0
106794.77988097338 691.7343375130429 0
67336.75007123304 17861.370148258662 0
88413.0585259707 -10583.817861561563 0
88360.2392534904 -9287.365877033419 0
84497.5256269882 -8126.392063559382 0
91076.31522643204 -7988.460596367746 0
40921.2949384696 6261.034861848798 0
44557.63560448804 -1.5155139284145074e-8 0
90986.77868126337 5995.277627706095 0
24318.337658841985 22738.43612783182 0
95555.7379911913 -1026.3890258786257 0
95270.08176060917 -6905.820217893961 0
94949.3687875929 -5347.231546147668 0
95595.94283013903 -794.6791619753421 0
90220.62268872559 0 0
108217.79767569127 1949.0247431723799 0
109535.627736338 1169.8404277713819 0
92907.5849189801 90284.79570605587 0
87000.22774996981 74084.16538626903 0
112218.50927402324 631.643221653214 0
111986.2719302247 372.3266123331128 0
82441.70350809718 0 0
82900.19373492325 -795.1529957720904 0
83175.60008039822 -954.1589241634263 0
82302.27459750448 -329.31267185289494 0
112996.36077964955 93.24837544040405 0
112959.27681184867 -94.08246629234166 0
87754.94302309371 6500.528265421287 0
84588.4853721614 4450.274639669226 0
117052.7837984149 -393.9063088402818 0
114857.2409452481 -1524.4082735504064 0
75097.51658141032 9391.270793238113 0
68321.35787542138 6533.205766426801 0
72974.75118604729 8024.967726678264 0
73001.66597430766 3994.914544131478 0
68317.86721460415 6652.596457351703 0
68278.54012249864 13153.044554143416 0
98925.75647139408 3056.4977336341703 0
100594.57287389011 4293.136007480865 0
112801.3660504363 73.95507739787047 0
89287.12905216344 3646.917267990375 0
89140.10665754176 1882.2793737467691 0
96376.90119166157 12027.963554917585 0
81911.85540837687 -1683.7822539303281 0
93889.31275766481 855.3083762444658 0
94261.58110975393 0 0
80073.8623973191 41035.39243565169 0
98708.85085908805 51818.87352382124 0
96604.62905501446 1572.647631000791 0
97622.86633414947 2462.6387870259186 0
133279.3838453 -35685.24776512293 0
130776.68784559208 -65247.15131366128 0
130597.00321506383 -33939.68668396521 0
74015.69520150573 2228.619995537194 0
70663.75216319898 3992.8424333341154 0
113239.35222119285 3839.9532141019063 0
113231.38797868395 7586.533139368008 0
101609.29112707631 13059.715742341643 0
101615.32019750011 7800.8384204485155 0
87457.24617235507 -4905.8431422274925 0
87457.24617235507 -4863.5981861894525 0
85240.99433707871 -6143.151785469776 0
150169.3763839191 1109.362095062149 0
142982.9562063637 16331.74572994341 0
164833.9821914408 -53493.90489972143 0
104516.04079895 5901.284394721361 0
104493.76283338827 3008.997327215073 0
106860.19999284358 6134.340266073896 0
106838.7398852203 3105.950521436555 0
105761.4369445253 3987.459610618564 0
105454.02237987875 5088.03048592104 0
78700.58695415534 1712.9620768120296 0
77217.2104766544 670.142315507324 0
76330.03539509216 2872.5831051468135 0
76780.67191314216 1262.6037059755165 0
76340.20683227401 1200.4837801098668 0
85666.75037399364 -648.0318914600502 0
85758.61107134641 -1052.2748585685804 0
87102.96396832746 0 0
93334.7281550482 0 0
100268.29061200972 35644.427804879 0
98509.72950312316 36367.90509239721 0
106862.84882664517 -4516.688699396631 0
90845.43168459846 -6532.259863528935 0
89517.57394076651 -5765.6208343319195 0
89517.57394076651 -6095.373939136834 0
113848.75717952383 -879.4493259939879 0
104992.18149105724 -15636.274171065801 0
104971.67176194098 -27265.02052213873 0
105576.46367358671 -15245.273048132942 0
97397.3267566469 579.307153919922 0
120765.38393738329 9220.874087730592 0
115784.34211534601 6206.258634115249 0
113304.95686635788 -101.39768232428719 0
112959.05167280801 -185.53577069899615 0
112958.42028574183 -286.2145849160787 0
43752.945323306674 58323.776121961564 0
43758.871263044835 58678.6374498111 0
65886.40967550046 45676.676810065124 0
22346.86235659894 35952.92041072176 0
49615.98915181212 20274.633879026656 0
49542.03894834183 36268.04334703154 0
82302.21335919765 -5517.9795256511 0
80548.08027632305 -6752.274651564818 0
92607.0279968051 14549.859563828173 0
92539.27187868458 11683.362805816998 0
95682.23408128537 19693.164003503727 0
89605.66424468337 16016.864640375306 0
100027.54709136309 5361.573692148741 0
100738.30476727993 932.452343020382 0
114859.48134387267 571.5572125464095 0
113686.93373597269 2847.7995332522896 0
83016.99939674034 48842.0087201761 0
58414.08049193951 34637.05671773023 0
112131.77368777257 -2218.8457116294016 0
84980.02596729576 -16405.55252947818 0
98381.92430292936 -24125.534519275803 0
94156.83078876532 -26608.12061034721 0
114111.18973482607 -4259.480068900524 0
115784.34211551104 -6206.258634156036 0
116312.98075278575 -6518.1456318789205 0
116294.12102336346 -4074.793532643221 0
95059.71089032954 556.5535410826428 0
99037.73693125189 -498.3990772208163 0
96320.9980918386 8960.128386383187 0
77488.44505873421 906.0357130397279 0
78251.17882998938 -1565.1006102643805 0
78201.27079514804 1545.4923671177312 0
97722.37360103517 2034.3529164625788 0
99220.33434605108 3189.211797456233 0
80091.530954223 5717.513561719834 0
80005.67562244662 3608.4553254474017 0
82551.18044819465 4297.434258057607 0
81589.56449553589 3742.2450265068896 0
169074.43310047718 -42724.61195062781 0
127784.38462532607 46412.11977646944 0
127611.94209321387 25299.189401653774 0
117713.82445182613 31358.759632609854 0
117568.53400538694 40376.865737291686 0
111559.65441579801 27637.207971714604 0
111729.40510656568 44099.51474177266 0
72595.22046547366 -6578.072557271826 0
75082.55925898143 -25001.351063361555 0
81659.30309425121 2590.4220290338562 0
81657.88998267833 2698.6889485323054 0
84613.80254451926 4516.4424623123605 0
78902.53336138227 4062.1783209803175 0
99868.22823290603 -5160.866609852959 0
102317.80237465116 -9514.802413842313 0
90257.99861223459 -4631.916240875481 0
87720.16564693268 -5824.307446356357 0
87754.94302277148 -6500.528265406451 0
97397.32675629825 -579.3071539182591 0
97622.86633380581 -2462.638787020405 0
96604.62905466925 -1572.6476309968518 0
117713.82445211185 -31358.759632465044 0
127611.9420935933 -25299.189401454896 0
127559.93655784662 -14514.526055586311 0
127647.16862754583 -25530.57953066019 0
87046.2011297826 1853.4033296692965 0
64479.818971397464 -6771.230935102746 0
63419.889452861324 -6262.360787448002 0
69982.38994500258 -3739.6719972647834 0
69954.91134284709 -9407.09350314822 0
81288.62323403254 790.2201118371188 0
80047.65595419872 -427.34753049494145 0
90232.65275120735 3674.6946845706893 0
113680.63080068024 -179.42556118258577 0
83985.98676143744 -5.11314866051577e-8 0
112423.79453723355 -146.72342590948855 0
112632.2065894093 -53.17022906694061 0
112801.3660487233 -73.95507659612919 0
112180.73653357643 -175.01161492397765 0
112641.21314967053 700.1280312572331 0
112640.35404558614 -207.01651088577464 0
113011.59974458333 -146.99998942856516 0
113011.74542361405 197.1852843904374 0
112840.52081172954 335.73339623236063 0
113249.62738787354 191.70648855727052 0
88917.04713988455 -28986.29943710687 0
100268.29061222402 -35644.42780480361 0
58404.9387127343 -35038.925754414246 0
37128.17780602912 -47331.69299187187 0
36963.761652462665 -47695.0143115348 0
40638.97721772645 -24781.46124333128 0
109214.37502118664 5807.393637482898 0
111310.34655584575 2434.120955857532 0
68111.48716483507 -25669.862395358996 0
61002.81781063905 -11307.554978960121 0
60947.5874085402 -21483.53762788607 0
108895.88809293504 -16251.168975080165 0
105737.32689430956 -14224.194004477855 0
84856.9657558987 -21615.58962612655 0
89691.15959993153 -19073.177808285152 0
93275.58731974378 -20809.115551919156 0
93387.45253591845 -26666.626958412086 0
113787.81667778744 2477.6885949703146 0
111990.37204965657 1953.8451712257117 0
113187.10651917281 2313.0646578310902 0
113181.66631365703 1079.9909206515679 0
81374.39660485799 7255.631694049091 0
69601.02302816436 14059.304953121577 0
84980.02596741184 16405.55252923664 0
84972.13429332952 22926.221548139558 0
95571.02879652576 -2045.8725705202596 0
105586.23164876738 8680.656919977515 0
105576.46367348741 15245.273048033114 0
106797.77456390612 7939.540534926601 0
108289.47817514687 -5050.640125595165 0
108320.19461298197 -8625.660587175524 0
89296.61134485286 -1245.8527283615695 0
88031.11686546572 -1284.761962506309 0
88679.67690936894 0 0
102968.9348558914 -398.7963986158267 0
102973.50860017588 1902.855317273834 0
104817.69315787271 2094.920785352999 0
104812.95343944547 -398.3041489808364 0
103886.14849112071 1201.1823554059733 0
103715.01515146687 1199.3371943483878 0
114808.4562321176 47.27230973562104 0
114808.27951739299 -279.38004477154396 0
113679.97992859631 -472.0965535325608 0
115847.90138067443 -1012.7852784866211 0
79182.60663144337 2317.9774301979705 0
80810.99906045893 2999.233091611586 0
80810.99906045893 1377.8246188485355 0
78080.64064320888 1681.7570674743365 0
124176.77584718025 -7488.513388305755 0
126243.91383118162 2300.099575781648 0
112640.35404589 207.0165091371926 0
112641.21314941386 -700.1280307223374 0
69598.12313264207 -15892.750523676405 0
69601.02302812893 -14059.304953343704 0
53295.58648143964 -25311.46475257856 0
84972.134293213 -22926.221548314872 0
114760.4856506062 -1227.7924509717775 0
90306.66109370031 -1829.0052252950773 0
88725.09453427937 -2742.123108105261 0
98949.37800543866 -5030.988486764855 0
96929.68624032885 -3593.649988247906 0
77401.89949699979 7637.569396896208 0
81238.07317501483 6225.718515714707 0
81269.22638473944 5622.744966015945 0
93123.84579466571 4346.243677507549 0
93153.66380966769 5615.750677039294 0
112127.91510714195 4406.22399560382 0
110259.54332594067 3382.6671271605865 0
110467.01944330584 3217.648718865329 0
80047.65595459047 427.3475304785279 0
80047.65595459047 -1406.5620178394056 0
81201.90734017342 -740.1546667460934 0
80828.88933299272 -23.69777281273855 0
111961.31141845712 3547.4391482258798 0
111951.05414345315 3742.930587845568 0
111941.0668940675 1734.00684484973 0
101606.30604585427 -4330.993920381473 0
82059.63489648185 -345.0763192631712 0
81883.28230311073 0 0
82163.17681284409 -404.8562728212346 0
81288.62323442718 -790.2201118554331 0
81288.62323442718 241.7297200986468 0
114765.3380520045 1970.5840053380148 0
116720.72813357289 674.808964551534 0
129273.0528275105 62447.11249286088 0
122727.20588074825 86020.81370832007 0
95515.6315338354 0 0
95515.63153382631 0 0
152947.51168148677 -42431.38038118256 0
166669.5790289781 1526.4023562171674 0
98312.60726615255 686.0073681205433 0
98037.40495962302 817.0152983802836 0
98131.32105477052 2487.093977792938 0
111113.52752747649 -879.8817175887868 0
111772.17260458907 267.07706967014866 0
112221.84159479852 -614.1103312381299 0
21942.059194010082 -15773.745824366157 0
17739.546178107754 -27256.27730904181 0
40636.76841773113 -14034.651872896176 0
82555.39237812173 7146.721736423842 0
98585.22064255291 3942.045456249334 0
98046.4790118653 3951.7132479311213 0
96797.9536947152 2627.1604268824344 0
96818.43259368143 4046.288726689473 0
78920.96283246527 -3002.7704683307206 0
78398.20036229509 -2504.0521666333034 0
79505.33589071243 -1004.692360355013 0
58404.938712660005 35038.92575426376 0
100696.88437585573 9392.228455067549 0
100655.47664166107 6243.892537425126 0
102876.43449931114 7768.731590712647 0
100654.67124137272 9130.269532866052 0
103505.43387667563 11001.344836309194 0
103460.07894250138 7150.501121810396 0
85758.61107087752 1052.2748585332931 0
85666.7503735186 648.0318914365846 0
87046.2011297826 1795.665328896554 0
84011.65997976575 1603.5987799786787 0
89140.10665754176 1745.1887831066415 0
90860.56302666749 2447.314711123454 0
90860.56302666749 2738.4947352925337 0
90158.75872482055 6473.3351745419295 0
112499.3371914269 19921.428130106637 0
112519.38027663136 10598.646201095366 0
117033.24258618223 17400.614027012347 0
115769.08089035259 12400.212917009523 0
120994.51814385052 19603.847683167438 0
121022.59214566849 9485.344352504435 0
87457.24617272572 4905.843142219055 0
89287.12905216799 3849.359764572 0
87510.07627256057 2823.3778594199066 0
99316.68579223272 11066.296735538728 0
99695.5463222285 11133.493651257619 0
182689.34745823476 19319.627418906788 0
107862.32072525471 -3930.0992340544144 0
107850.76457405447 -1276.7879266649963 0
108713.9772190355 -2004.5547930293242 0
109195.75525874588 -2916.85913638316 0
109839.58388558547 -3507.0318277137703 0
109830.21848926097 -1131.673357452072 0
78398.20036261044 2504.0521666248314 0
77462.60225727438 665.4294715499958 0
79505.33589102591 1004.6923603525986 0
79264.69142391853 4478.328628906638 0
110468.7427421102 1669.1859906899144 0
123944.78263213513 140.0591095406835 0
119695.17571033603 -2498.26433388428 0
105798.96477294769 -1374.3074330359352 0
104754.53809910409 -668.2577019433973 0
111762.34059538164 -2371.974183314774 0
95444.67108441469 -1397.095398100312 0
37128.1778059514 47331.69299172306 0
112932.6707699183 -3407.2768875570614 0
111310.34655621299 -2434.120956099071 0
84714.17631796017 -1230.4269447851807 0
84588.48537184358 -4450.274639658035 0
108061.34955793216 29973.48007311316 0
107944.7941554449 19677.392894897035 0
100657.25533426752 25224.743337957872 0
100126.33179695894 25241.236036183873 0
126748.83592681543 9116.453571217706 0
87510.07627216914 -2743.6293690980483 0
85907.82250724213 -1610.204125006165 0
85907.82250724215 -1818.5677225649233 0
85647.71437945301 -3818.864513884881 0
96131.66860309776 -3354.0508065516406 0
96089.45731155472 -4711.811664892593 0
94390.0323208345 -3730.648184741767 0
96501.0427312609 -3140.7925532948866 0
95087.80724784173 -3327.787641037503 0
95087.80724784629 -2324.860662949959 0
89770.98246523054 -13193.33885064182 0
92666.60461399534 -21947.29109633653 0
92571.31841744052 -17458.296594730928 0
94941.50884666143 -16362.736360789706 0
86776.88900082029 5883.618633570684 0
86776.88900082029 6126.2249440672 0
118575.02880753724 6024.698496984978 0
119080.3585062613 6433.565026671741 0
115112.10018653597 4245.685900693354 0
115101.47448304959 8616.792262173623 0
112044.62993109491 130.21698253238912 0
90524.86771034179 3414.7038330836567 0
91908.01046514258 2616.1459877821258 0
90306.66109292039 1691.6064926228635 0
90306.66109292039 1829.005225156637 0
111052.08447859835 -14583.813774066908 0
110999.53928679835 -9185.748083432723 0
111828.6329034636 -9876.970878454797 0
114949.00308701945 12057.089619089813 0
95890.5274845814 -2538.7670049358844 0
95890.52748458144 -3864.9945566255005 0
96180.81141047923 -2371.171501444991 0
94969.16660041748 -1671.6280411366747 0
93606.63317716899 2226.631685814482 0
92561.6786751243 2829.936451494177 0
73722.15710376683 29440.892000325002 0
73709.18193085908 37095.55416084402 0
94131.5649583809 41216.04181765177 0
47922.34808077849 51990.9662975052 0
100036.21647077981 1554.733110203154 0
100050.82599404675 3407.735764378025 0
100003.4631642013 3137.486779004688 0
101307.37262867672 4794.396313246665 0
95834.1814618052 -1052.9666234310753 0
95834.1814618052 -415.8804252460868 0
95571.02879652576 -1204.8978862321746 0
96454.10490101312 -773.7933913131201 0
103715.01515223343 -1199.3371940676423 0
109968.42394555977 79790.11239459911 0
74825.05436172133 53606.81958584502 0
69654.43223543352 72749.03088940577 0
133152.99181014235 19056.91823608997 0
133279.3838456341 35685.247765199194 0
155660.9890807059 22352.992815418635 0
143179.46828805277 15434.244519525018 0
40636.76841769799 14034.6518727846 0
40638.97721769312 24781.461243204292 0
45444.22797147034 42940.71515041428 0
29610.41681496203 35474.384506266804 0
98914.84742099587 -2374.9612980448023 0
98244.38154943277 -441.55673999327234 0
98177.91399525585 -1314.722298413686 0
97611.09402393278 -1320.2011201623604 0
112426.81785291212 -242.9723318505484 0
89140.10665714108 -1882.2793737624277 0
89287.12905178661 -3849.359764585474 0
87510.07627216914 -2823.377859425715 0
110593.68057880997 536.1905845334599 0
110600.14555279286 2719.031284833206 0
118355.91253903325 -5141.27414209798 0
114590.8293676206 -7541.216068854335 0
115192.58994150964 -7683.48278403424 0
123885.22497594455 -4723.199945637856 0
123906.57935497031 -7127.918065458649 0
118380.19160109534 -8129.278079057184 0
106642.53944545222 37301.04614583864 0
109591.59789300407 35275.54523190606 0
109811.26892913927 57384.72376716605 0
95392.6282179418 30690.495395870184 0
106709.19721877268 -14677.540901192533 0
102770.99517804105 -8969.497238184294 0
58799.90327998107 15604.756469404241 0
58797.79131266325 14293.96637588232 0
72594.30770167931 7636.393142377715 0
46701.20380689571 7311.691268776587 0
96376.90119133974 -12027.963554895992 0
94867.7511146641 -12618.393671044985 0
46700.89375256035 -4052.7336715745296 0
35024.44428068208 -10795.12118729909 0
35024.126355265405 -40.74441043623566 0
84098.41076217339 -2592.1306856129977 0
84202.35014512835 -3119.822142798088 0
83669.09838160266 -6172.702606240757 0
83635.37759856593 -6310.922682728463 0
80753.45233721906 -4286.313102275121 0
86702.72482375287 -4792.546031019769 0
111342.08877872153 954.756452603283 0
111076.06557194125 1140.9055607160499 0
111074.86059077906 2269.1562476268195 0
110388.12032384679 423.13655167861634 0
110600.14555251805 -2719.031284830783 0
29610.41681495834 -35474.384506273185 0
53291.48531059186 -21799.819577265025 0
40921.29493846082 -6261.034861882693 0
40922.10894901937 -14659.47401808647 0
120464.91921701898 -5849.7129425361445 0
120448.09063461766 -3915.956110070043 0
120661.5507513514 -343.773739626037 0
117453.89795096355 -2372.5167241045533 0
125110.39000228362 -40345.93434526567 0
112736.86378595678 -33255.48002952111 0
92933.7568725889 -5797.432289107362 0
96956.22153641842 -5324.347591919303 0
95917.31560127267 -7764.451482696629 0
95879.14889071601 -5650.260780484331 0
84011.65997976575 1256.3129523699956 0
82564.84730179567 1285.4283544565615 0
82564.84730179567 2091.6306451132273 0
112958.42028571502 286.21458463795136 0
112417.57282379224 939.3360983289432 0
113084.25042020022 -407.48019254491436 0
113084.75480386475 -122.90304827700835 0
112801.85452790925 -173.8945132567879 0
112675.29576679983 -185.4702523075632 0
110987.1879210744 4563.129246411284 0
111432.7409338642 4365.60299440522 0
93124.54015176627 -1206.6988742026297 0
94405.26605205832 -1372.819133248413 0
94405.26605205832 -1946.1263207244883 0
94083.79641633474 -652.8720092092044 0
102862.57035682656 -3029.444773263517 0
101588.75199324785 -2025.5261855945694 0
67259.81189027625 -23880.791743194528 0
67336.75007151932 -17861.3701483712 0
63380.744688720435 -15500.912483767946 0
77210.7833292933 -18316.644233284987 0
71921.98045499914 -15154.172030041636 0
71975.77521959215 -10694.928502867975 0
84856.965755642 21615.58962615481 0
93387.4525356977 26666.626958459972 0
89060.55980095625 36079.75669350026 0
88917.04713964333 28986.29943716833 0
113370.67804476217 3467.2634965050906 0
113388.1429583081 5969.2951410234655 0
111324.44772635377 4868.403270749331 0
113766.86189377852 5984.6844587044025 0
111080.11178301925 7777.5067830091 0
111054.82995688287 4503.292065805056 0
111113.5275272301 879.8817146660307 0
111772.17260419745 -267.07707223457646 0
112221.8415939619 614.1103290247441 0
114090.54494990078 825.10454755707 0
109578.19721295497 -1198.6210951985643 0
111111.31088640926 -949.5405909668382 0
110593.6805785352 -536.1905845300663 0
142982.95620679128 -16331.74572972899 0
143093.13704397363 -31263.104891975465 0
120534.96483620138 15015.774837184952 0
110903.88825079252 -689.5332340224769 0
112215.40550157128 25.73364908617259 0
112215.21340877296 394.1556458615499 0
112418.32842831414 336.91000035038036 0
112423.79453869 146.72342767881955 0
112632.20658946675 53.17023031351026 0
112631.91037695463 387.028822357353 0
110999.53928710498 9185.748083447981 0
111052.0844789051 14583.813774090446 0
108895.84947345642 13131.328077013983 0
71802.22112432476 -19432.146561095044 0
79181.21071106775 -23784.38189512511 0
79080.73273184577 -23438.00505352674 0
79520.66656714582 -15172.894557007221 0
98871.10349139734 -21263.950052228643 0
97747.40752944829 -21629.021976251963 0
104670.73928998639 -17541.53625609289 0
104773.74373130768 -25846.655785393614 0
97068.31565031967 -1814.7543401236203 0
95982.13109896555 -2126.5794481439752 0
97722.3736012101 -2034.3529164682031 0
97739.34285678521 -3431.1661016642956 0
116722.50702908682 484.9816271000406 0
104466.76916487934 -3528.8862475031333 0
108516.90206804343 -5840.192814721773 0
109182.02261147911 19610.071040910487 0
109150.0915268461 35236.653986490346 0
98381.92430317066 24125.53451910658 0
98395.3823040887 14951.344157810412 0
94156.83078894766 26608.12061021114 0
107791.31383832576 20341.485485436973 0
106838.73988558295 -3105.950521631219 0
106860.19999338973 -6134.340266007511 0
105454.0223803359 -5088.030485843715 0
105761.43694474352 -3987.4596107200473 0
79264.69142356524 -4478.328628928522 0
79248.29417346866 -4506.766143566488 0
80810.99906011605 -1377.8246188495125 0
114882.22137812723 3446.921856212456 0
114873.22506052752 2093.6736170166578 0
117447.47026240459 1780.1631299122957 0
113852.54401380094 1676.4084255875377 0
115355.42426686801 737.3188308363046 0
115353.47013727871 646.6529095823423 0
81375.42299864464 -5480.152855018331 0
92631.1463189914 -11969.963356379141 0
83565.37281548753 3672.0930700607823 0
111764.00398279713 -1160.780141815249 0
112180.294144262 -717.8545197419734 0
111730.40949120844 -503.93865604551576 0
111729.81873125199 -1134.247662071617 0
100036.21647044051 -1554.733110200731 0
101226.63863353545 -2525.1037568197808 0
101217.81222034678 -461.3545286789528 0
84877.21025093891 -8819.393732556833 0
87529.25264715102 -7464.278342538612 0
90252.13646222341 -1293.7860927065615 0
89776.18505925566 -8701.299262258999 0
87555.8369471631 -7227.9833254224 0
87600.45089318561 -2848.020364695951 0
87629.37563609 -2953.428055060906 0
84701.44328239108 -1311.7511900699922 0
81911.8554087845 762.9028144447147 0
95501.68111101129 -173.38055555228493 0
95877.9423330543 -390.6150743341641 0
95698.2902571508 0 0
113799.66181020062 -4339.706576423763 0
114567.9862914682 -4588.407083466144 0
111599.79759848637 -97.73139095399418 0
104773.74373161777 25846.65578544276 0
104670.73929029681 17541.536256127503 0
103589.83861378493 18456.603237549614 0
97747.40752974722 21629.021976294145 0
98781.15440171462 15489.176102611076 0
98871.10349170597 21263.950052265445 0
95834.18146104476 415.8804253379955 0
95877.94233218784 390.6150744931658 0
96454.1049002528 773.7933914057571 0
96454.1049002528 -55.82455457229685 0
81731.56492627744 14.002786267095502 0
81731.56492627745 -658.8120556048249 0
80828.88933260718 -1388.1535725332749 0
80828.88933260717 23.697772800117534 0
81288.62323403254 -241.7297201033186 0
81911.85540837685 -762.9028144321204 0
111813.21441808903 -50.905894481264724 0
91754.51179917724 -7999.59234222392 0
92615.73064120612 -5735.930852543554 0
92615.87144812326 -1187.090218218073 0
92887.44447280793 -2368.041502973484 0
93676.2197319372 -6827.9318150499075 0
94539.97347913655 -1014.8643402691702 0
101307.37262872653 -4794.396313310741 0
99890.89113353706 -5.052024556081706e-8 0
108216.4758599369 -3584.9050025403453 0
97192.93871681542 16718.86006894584 0
97200.16947474226 10437.74291156522 0
85740.70967274677 10121.84717878567 0
101304.7061893308 8043.486972832884 0
93623.30767093548 5560.3323740623855 0
93624.33821497178 3621.8540965389275 0
100696.8843762422 -9392.228454976645 0
100655.47664202611 -6243.892537310879 0
100669.44586629584 -6524.617544454758 0
97853.4313947779 -7514.48361181068 0
98515.39556111838 -7422.826069846917 0
98480.53836390904 -5005.329430251534 0
106945.33837063625 2081.00261953158 0
104466.76916506026 3528.886247605033 0
108516.90206828956 5840.192814861245 0
108519.92195854422 3180.1427909722174 0
21942.059193987596 15773.745824248157 0
17739.546178084773 27256.2773089239 0
36963.76165239214 47695.01431136651 0
85979.3805551817 0 0
87612.40432420038 834.4269476310728 0
85979.3805551908 0 0
84431.33520279275 757.7537783481603 0
112049.73640350453 199.10983640258178 0
78201.27079474887 -1545.4923671295974 0
77488.44505838145 -906.0357130935159 0
79182.60663110025 72.08893124076354 0
79182.60663110025 -2317.9774301964785 0
78080.64064283848 -1681.757067455436 0
88838.39533987376 4754.907921812012 0
88838.39533987376 4936.013699077453 0
88725.09453363303 2822.7128925588117 0
88725.09453363303 2742.12310789272 0
86951.57276046777 3846.656170183955 0
90524.86771034179 3781.2226404865255 0
89823.07727857673 -1350.8755092546742 0
89140.10665714105 -1745.1887831122726 0
97424.27937954133 -83.30042989712183 0
96927.29473693778 490.56800699112557 0
98081.72419890777 675.8514602971388 0
109564.98472104009 -7528.849643823428 0
111795.55802639654 -5992.773510191842 0
111961.31141817391 -3547.439148217738 0
111980.5542724818 -6308.860246009892 0
78902.69847887928 62708.91955565827 0
159178.27056445382 -49242.13852713179 0
109968.42394578071 -79790.11239479453 0
94131.56495819788 -41216.041817737314 0
73709.18193078708 -37095.55416087649 0
73722.15710369522 -29440.89200047505 0
47922.348080754426 -51990.966297510684 0
78902.69847879604 -62708.9195556431 0
122727.20588105348 -86020.81370854464 0
129273.05282788868 -62447.112492835724 0
117839.67699331282 -69383.51415529818 0
92907.58491935188 -90284.79570627453 0
92817.20912683522 -54943.9022543955 0
112653.6058316158 538.8389256285674 0
112657.20304390627 1741.1014712378105 0
111492.8682314236 2740.786482467592 0
111486.3471572234 872.5459500990514 0
112923.9051841533 1714.1989957335734 0
111774.01219068645 1230.2235242701104 0
126748.83592630185 -9116.453571178406 0
126715.44261125474 -20038.079874602547 0
125166.17330001517 -19250.547079989632 0
119061.1754630579 -13409.39355641133 0
116832.85896203661 -12213.95357973751 0
116804.2078399914 -23951.753524339885 0
109535.90838944972 615.3386685060916 0
110590.99790378816 -2.7710167300487236e-8 0
110903.36840649783 1386.0386208423624 0
133804.49509538803 7180.828270164269 0
134159.13687520576 -6803.766910042833 0
134195.0694214493 -11512.530516493985 0
150160.53630303676 -2005.5937956685666 0
98914.84742134575 2374.961298054525 0
98904.13720391925 1011.4650465996011 0
97611.09402427702 1320.2011201671885 0
98177.91399560444 1314.7222984171194 0
90660.00693192099 0 0
97362.90827751656 8646.158983937004 0
97321.8003093189 6140.386464217008 0
95753.05601590412 6122.630559958233 0
95722.10849505398 4378.263954132638 0
98075.28524545638 5999.589427354599 0
94328.21881490535 6654.067922909023 0
84431.92816754106 753.9391386762873 0
83360.4586641286 0 0
82900.19373533141 795.1529957699677 0
115192.58994180545 7683.482784045882 0
115233.56494488481 12430.307643206363 0
120486.23144641463 9138.383838625197 0
92912.39478528041 0 0
92912.39478527132 0 0
111432.74093349125 -4365.602994362871 0
97200.16947481614 -10437.742911650259 0
101304.70618938067 -8043.4869729322745 0
93623.30767096247 -5560.33237418068 0
93624.33821499877 -3621.8540966241717 0
112180.73653349682 175.01161491693065 0
112675.29576668004 185.47025230319457 0
112426.81785281505 242.9723318352115 0
112180.29414418248 717.8545197121 0
109578.58941198497 1089.4904438304452 0
123942.11367505687 -2028.7160894849874 0
123944.78263238462 -140.059109556948 0
111883.12354649475 9.647310368935507 0
111813.21441843109 50.90589747319197 0
111757.75426432288 -4.7030721907211554e-7 0
111757.75281676836 0.000001489306174437965 0
112131.77368766197 2218.845711598206 0
111764.0039827131 1160.780141785395 0
111762.34059529731 2371.9741832681034 0
112939.99544080358 2614.4311420637773 0
84249.80699862726 0 0
83015.0165291563 680.9005853600514 0
166676.63148000764 -390.2075598153275 0
166669.57902860237 -1526.4023562209923 0
143179.46828772075 -15434.244519503261 0
184694.22192312297 -20942.598836915186 0
155660.98908032605 -22352.992815369154 0
155758.98422129778 -44610.8766037191 0
82500.64107214754 -2023.7178168888015 0
80810.99906011602 -2999.233091632156 0
81335.20853110703 -4959.679025405581 0
81335.20853110695 -3301.8855721431173 0
131387.9090546742 -30724.993348961416 0
152996.35908222853 -18478.65867195917 0
142441.05714036402 -4121.449381210912 0
142416.28775480963 -12165.407207500593 0
112994.5378089577 14.94203172149547 0
103889.3270436145 -1300.6697243604788 0
102852.55356790885 -586.7034586622862 0
102166.49841738526 -1144.9922819938859 0
77753.74731777902 -2284.615502539964 0
79661.11825649478 -1183.3943728174745 0
152996.3590819176 18478.65867190778 0
152947.51168117597 42431.38038107922 0
131387.9090544241 30724.993348874803 0
126563.55425704725 28033.40737611628 0
126507.27721166676 59907.42435908872 0
159178.27056413013 49242.13852701482 0
81910.92231513266 89.54925068337616 0
81731.56492667658 -14.002786281253066 0
81731.56492668114 658.8120556102695 0
100117.39555335235 -1239.4783996194553 0
100114.24513474564 381.315100992379 0
99654.76583888738 -764.797576979326 0
99346.82535289037 -491.50240183863446 0
99224.64922499511 -879.4174366049613 0
99223.07872438178 364.4130641815915 0
100420.05054351028 -762.5994206517236 0
101914.59456360304 -3219.668544637806 0
29777.53434693289 18161.673987058723 0
52721.669723646046 26171.932653433396 0
81238.07317469818 -6225.71851571078 0
81269.22638442257 -5622.744966014963 0
84613.8025442019 -4516.4424623074865 0
78902.53336106647 -4062.178320980913 0
81657.88998236204 -2698.6889485316137 0
81659.30309393603 -2590.422029031918 0
93334.72815463015 0 0
84692.2475727365 12480.190275353036 0
88413.0585262925 10583.817861581794 0
84497.5256273055 8126.392063576246 0
84540.94336671464 8326.098131737797 0
105796.23331586736 1249.639827244188 0
108511.63963180617 6700.56816568994 0
108551.36812763702 10866.893245386364 0
52427.048874382715 -53601.86954856741 0
108710.12313709606 -360.58460511894157 0
106784.63586517716 2138.6142412851054 0
106780.14006872704 -386.4676241282768 0
107749.99046011678 1215.334270719942 0
84204.78608748908 2593.4526649052714 0
87510.07627256057 2743.629369106202 0
85907.82250764278 1818.5677225801555 0
85907.82250764278 1610.2041249837384 0
81375.42299868257 5480.152854719421 0
92634.4992042783 7897.0370053698725 0
92631.14631911855 11969.963356131833 0
90862.94008618321 -1.3808673032315756e-7 0
109578.19721324128 1198.6210951973117 0
107751.440893003 1343.7085573537224 0
108804.50187098267 647.526281951032 0
92384.23965898165 -4488.212732667307 0
90986.7786818677 -5295.037207511086 0
90524.86771104214 -3781.2226407368144 0
90524.86771104214 -3414.7038333094315 0
115017.8947510554 -19432.36103768251 0
114949.00308671265 -12057.089619067154 0
115233.56494458881 -12430.307643189484 0
120486.23144611678 -9138.383838610229 0
98075.28524511735 -5999.589427344936 0
96797.9536943747 -2627.1604268767087 0
112821.46616817197 -1733.1292295938938 0
112823.24812445068 -779.2462113436585 0
113690.39308803757 -1320.6199729469936 0
112957.5423419581 -770.0671134033146 0
92060.57513115137 0 0
92179.43758110119 -1685.862128530271 0
91054.24550528053 -1036.2321778263617 0
93010.2057253185 -922.9957070487682 0
92179.43758110117 -1402.6399208427874 0
35024.12635525558 40.74441036061047 0
35024.444280672265 10795.121187200742 0
46700.89375254708 4052.733671478104 0
39680.567615163585 -4.424057152327603e-8 0
53291.48531061323 21799.819577249003 0
53295.586481460785 25311.464752516426 0
55435.132735620755 7718.640502164202 0
55434.59207341055 6279.068403976834 0
40922.10894902807 14659.474018062721 0
69598.12313267772 15892.750523606335 0
178403.19142806903 -43851.02755673157 0
172755.40203560347 -10013.400201583727 0
141346.3465931366 -27843.903550540235 0
163259.13833483198 -40342.45443523998 0
143951.59124467528 -63583.03164785832 0
144094.14001828598 -29568.355077597196 0
104764.95446395059 3359.649174472065 0
112499.3371915763 -19921.428130196993 0
112519.38027678082 -10598.646201149719 0
117033.24258637297 -17400.614027078795 0
115769.08089051775 -12400.212917073246 0
53948.40493158005 -11618.311972266436 0
86726.4902598707 8838.951477961458 0
86793.12240801909 1314.5666659155618 0
88124.26483684106 6904.132749092789 0
89043.60725045102 8725.299770731639 0
99224.64922446392 879.4174364353005 0
61857.06423897173 -31460.769343204138 0
52721.66972387282 -26171.93265357959 0
52774.71965670376 -10996.593756624035 0
36372.34354966125 -46113.43943893857 0
85361.94174615947 2768.0729416658423 0
85361.94174615947 2383.184324694643 0
84960.90468374803 4293.917354460017 0
84960.90468374803 4835.159594683223 0
83506.67987855799 3454.3202680523777 0
86951.57276046777 3685.8468396994936 0
111793.60178694472 -434.5438943689572 0
97179.92460114602 1986.1866373526027 0
112997.61887990925 14332.078086266758 0
113012.34883254704 7489.740759950965 0
111425.54434911872 8330.192290957004 0
107807.47825629279 11392.062341015795 0
107801.35639793803 11339.134474029264 0
107808.86882289962 6292.333931810772 0
104416.42277343565 15273.60092316923 0
100553.62279458866 17976.41565389749 0
105737.32689407877 14224.19400446309 0
105821.41846330477 21200.34991981379 0
94734.74209179658 -3713.5380855933167 0
94715.00155120438 -2549.675483709069 0
95753.05601556551 -6122.630559942059 0
95722.10849471611 -4378.26395412525 0
93123.84579433453 -4346.2436774966545 0
96818.4325933408 -4046.28872668148 0
107749.99045994175 -1215.3342737152727 0
108710.12313775421 360.5846017240259 0
109578.58941178606 -1089.490447085128 0
94875.97753947253 0 0
88693.79744673712 -29087.60505721256 0
88573.43114727268 -24050.110065802695 0
80962.22795765931 -33315.732914767046 0
97868.1386389095 -29542.274501857126 0
95556.45886526332 -41803.75486881583 0
95392.62821766004 -30690.495395798873 0
116445.64615886941 -3020.0285862949368 0
116436.53622696649 -6484.859693779719 0
115844.09759511406 -2555.417743322618 0
120780.19830417838 -4108.869011042702 0
118904.79427272854 -929.7660429232703 0
118900.2319828147 -2884.6485279094536 0
114873.22506088445 -2093.6736170123545 0
114882.2213785183 -3446.9218563944128 0
113852.54401410666 -1676.4084255968494 0
117447.47026283816 -1780.1631300610304 0
115353.47013764386 -646.6529095957507 0
115355.42426729639 -737.3188309643435 0
79846.0341091977 8148.3927762357225 0
83635.3775981431 6310.922682684199 0
83669.09838117962 6172.702606141945 0
108511.63963149858 -6700.568165673359 0
108551.36812732933 -10866.893245370931 0
105220.02318546304 -6704.966823317254 0
105262.01697258059 -10632.336802345102 0
106891.7831815796 -7899.86533488099 0
106652.06021024403 -9552.315036075353 0
104743.02505786218 1596.3375125626064 0
104742.392856584 2795.49783647971 0
107498.59122956637 -3.368065328998714e-8 0
99891.1374357167 -3.3374062691409706e-8 0
104743.02505788501 -1596.337512616331 0
104742.39285660716 -2795.49783655991 0
95131.6511029745 5443.267363716586 0
94224.51577453557 2903.1222429512127 0
94224.51577453557 3789.97590265044 0
99084.31048523849 113.20924095015533 0
98007.15584642574 761.9555774304843 0
98068.20142030368 815.7888589501283 0
97594.89150547885 2398.5634780533615 0
98845.03737342547 355.707087501263 0
98605.64908216412 201.23680776625662 0
118820.32031045422 11997.98456644072 0
118888.2048077984 19820.902446249216 0
117598.64279874312 18872.810274848238 0
112176.75200889495 22308.430402797854 0
111333.43621713923 -422.13630754955966 0
111333.53413526392 -188.476772546135 0
110591.04808437542 -1.561568147593106e-8 0
111074.86059057333 -2269.156247489328 0
112282.05141644874 -3052.705241326105 0
112284.71764117824 -1495.1668537528715 0
110990.37786552939 -2363.679913390407 0
90223.06424343328 3014.134782921269 0
86676.21407436748 4276.599516629905 0
92075.66362015497 4343.795420772847 0
89857.52064663221 6347.11166696415 0
89823.75782089758 5361.158023037281 0
89539.07786895291 1295.1406542274603 0
88190.64721120794 3674.0701894416434 0
112994.53780878859 -14.942031730141863 0
113084.75480370854 122.90304827516817 0
113084.25042004403 407.4801925215207 0
89157.15157916112 0 0
89823.07727897023 1350.8755092516367 0
90660.00693231558 0 0
102166.49841772256 1144.9922819956068 0
102852.5535682394 586.7034586658759 0
101217.81222068751 461.35452868040556 0
101226.63863387614 2525.103756824546 0
101902.86549470444 1011.8914476956775 0
101914.59456361437 3219.6685446588294 0
100576.1240963103 2173.24812676846 0
95777.08395245892 -124.46240264411657 0
96159.66028222807 -368.4172106649264 0
95712.13982009489 -155.3785547316444 0
95879.14889044121 5650.2607806031965 0
97853.43139445492 7514.48361193591 0
97901.9499865875 10499.36918154533 0
98515.3955608182 7422.826069952726 0
172755.402036184 10013.400201772816 0
150169.37638439078 -1109.3620949250821 0
180627.39344722984 -45370.488547222594 0
174656.3815656261 -12608.807028962963 0
37316.76595414349 4180.717027446404 0
37316.704873084185 -1365.0141567454586 0
37316.7659541394 -4180.717027483013 0
37316.70487308005 1365.0141566730558 0
44557.575526266606 -1.7145184961701887e-8 0
39680.55338195078 -3.735188781895126e-8 0
93841.70984725727 -1642.6915750713695 0
93585.53310701951 -2785.303119318654 0
95998.94755891911 -3178.5783057298518 0
92052.36974033112 -3372.35127643335 0
94589.26325202145 -3689.455010949877 0
94615.88496875389 -5117.381525209728 0
94467.83966549447 833.1215127213909 0
94467.83966548991 1189.3210436664958 0
93606.63317716899 1686.5388437008733 0
94969.16660082206 2473.1978860654635 0
64479.8189711256 6771.230935036353 0
63419.88945258829 6262.360787380502 0
63380.7446884477 15500.912483663597 0
69982.38994469427 3739.6719972181622 0
107988.73781087605 -5396.786794097072 0
109539.65825054396 -4253.078749109423 0
110135.26534113084 -2240.0401859887434 0
110149.6208604246 -4822.2107726289 0
79520.66656743642 15172.894557021196 0
79449.76085895859 16011.914917312035 0
75048.80951424227 12458.522812291596 0
84755.8840880771 13177.330020457483 0
80436.74746584364 9555.506703636407 0
80387.74088178154 10490.184294949751 0
116325.06200411043 -4160.7703493515755 0
116313.6779202471 -2689.314853735311 0
119687.85732879904 -2026.4885665303557 0
114765.3380517725 -1970.5840053554746 0
95270.08176013229 6905.820217775514 0
92899.78421736269 5831.231281329287 0
93055.71034372455 6489.53546468892 0
91240.60907472667 7932.003641164371 0
91900.70983929824 1179.198359190007 0
95555.73799102035 1026.3890258610363 0
102383.21469506786 -5238.803403754522 0
102362.04810163002 -2676.1022905675177 0
103727.76917812547 -3724.337927878621 0
102844.26372916704 -4690.0455455474985 0
104493.7628337586 -3008.9973272520037 0
104516.04079952843 -5901.284394637288 0
112674.6271887693 -729.104230389962 0
113146.7888330217 -544.597062242279 0
112405.40919248408 -1472.584140981756 0
112406.6564969337 -647.286122451474 0
95890.52748494396 2538.7670049440203 0
96434.0814471143 3898.5222892961247 0
97293.92225638265 3349.017357554658 0
95890.52748494396 3864.994556633974 0
96313.26065986286 3620.929443231944 0
124190.12465538114 2937.0093056065725 0
124176.77584773173 7488.51338836747 0
133818.4235139757 2115.9745102293546 0
120661.19040013512 735.462495096348 0
126243.91383169677 -2300.0995759048365 0
126252.06427722138 -2460.867936033983 0
99383.8992292466 -15425.623120206146 0
99316.68579191164 -11066.29673551571 0
103514.46336882123 -12624.505060149482 0
103589.83861347247 -18456.603237514686 0
98781.15440140627 -15489.176102579866 0
102826.55849456429 -13307.061176874613 0
105586.2316488666 -8680.656920040492 0
106797.77456397959 -7939.540535004967 0
106801.82136198411 -4431.697933672831 0
110688.4678393313 -11580.300290818088 0
95515.63153338741 0 0
95515.63153338741 0 0
92504.20720036929 11884.044732045628 0
92446.98070067796 9544.68356084768 0
91076.31522676334 7988.460596384661 0
91035.20221291843 6555.356560206879 0
88360.23925381186 9287.365877054506 0
94371.427191115 8714.368183214337 0
113146.78883288204 544.5970622286214 0
113145.30434446388 1267.3876879470515 0
112406.65649683 647.2861224358505 0
112405.40919238076 1472.584140940236 0
112942.71067181586 1236.8006612319505 0
112674.62718864967 729.1042303644967 0
83506.6798789876 -3454.320268117499 0
83506.6798789876 -2635.3979392456495 0
84960.90468421244 -4293.91735453919 0
82551.180448595 -5685.172296732617 0
106891.78318188763 7899.8653348975795 0
104275.06722747596 7526.062675200561 0
104245.35277179566 4359.746778972652 0
105220.02318577812 6704.966823337128 0
91489.72761320238 -1008.5627162743549 0
91586.20732542659 -601.2352231255136 0
91908.01046595426 -2191.755843041392 0
91908.01046595426 -2616.1459879449467 0
90306.66109370031 -1691.6064927636398 0
93124.54015176627 -1489.39209839682 0
60597.39079491208 -77.1637596725759 0
60578.56089896491 10984.026701337763 0
47476.23682309135 19015.781075417613 0
47500.83260419967 -2.5566922894281765 0
53960.35168572076 3658.423013508935 0
61002.81781086813 11307.55497893595 0
118992.97121606972 -24336.173411105865 0
119147.2919054107 -40927.807100125734 0
109591.5978926969 -35275.54523182136 0
112695.71725002481 -28296.20197891019 0
106642.5394451463 -37301.04614575258 0
106497.1999489298 -24549.181960591748 0
95712.13982049812 609.3018729438882 0
96159.66028266484 368.4172106659389 0
95712.13982049812 155.3785547184816 0
182689.3474586333 -19319.627418940876 0
184694.22192355283 20942.59883697206 0
166676.63148038334 390.20755980890783 0
98729.94898510964 101.92552946508879 0
99066.47705263911 1234.5099083562648 0
98758.86685452175 369.5346023857376 0
98244.38154978215 441.55673999140527 0
107801.3563975972 -11339.13447409616 0
107808.86882255676 -6292.333931729392 0
112997.6188794429 -14332.078086292195 0
113012.34883207812 -7489.74075990272 0
111425.54434873787 -8330.192290855104 0
107807.4782559245 -11392.062341098594 0
82059.63489607499 345.07631926335324 0
82059.63489607499 993.7438347411564 0
83024.96931932635 436.40774318348895 0
106862.84882695382 4516.688699412675 0
106804.69742760161 3446.1322598447136 0
105689.36974078075 2560.8046847709415 0
105708.67397429692 5446.744810570511 0
108834.59997735577 10458.194063912519 0
108895.88809261317 16251.16897501126 0
110436.37154483356 11596.37358322546 0
112094.05778544747 14119.052198074898 0
113628.19763698247 9488.765697046809 0
113681.17269242159 15241.535931033446 0
11659.893701268764 -6323.629982906325 0
35023.88793470286 7150.176696601705 0
24318.337658933848 -22738.436128003887 0
29777.534347073823 -18161.673987189915 0
35010.74732467829 -21184.927849688393 0
92561.67867472247 -2829.936451478403 0
94969.16660041746 -2473.1978860537397 0
94224.51577414887 -3789.9759026460165 0
94224.51577414887 -2903.122242930909 0
93606.63317677415 -2226.6316857915845 0
93606.63317677415 -1686.5388436957928 0
100711.59302720916 13135.160650053538 0
95596.29973213417 15021.525109902266 0
96962.44294201492 10756.500177240112 0
97027.66381883775 14475.26355021175 0
100719.76887972801 18167.42433720237 0
100642.96096316517 12889.184729887205 0
96180.8114108635 2371.171501445133 0
94969.16660081752 1671.628041144686 0
95444.67108484241 1397.095398097008 0
95444.67108484241 763.7250201537427 0
84692.24757242913 -12480.19027532585 0
84755.88408776942 -13177.330020438621 0
79449.7608586684 -16011.914917284184 0
89843.63869632377 -15625.935520954581 0
85689.31990793324 -17771.855562881363 0
85777.58775039518 -19799.386067819934 0
109539.65825084744 4253.078749123625 0
108813.03567572396 3235.6560377786564 0
110149.62086071247 4822.210772634857 0
110135.2653414186 2240.040185998249 0
107971.09554473516 2522.581330457783 0
107988.73781118075 5396.786794111028 0
85979.38055478754 0 0
85979.38055478754 0 0
83554.02924461603 15377.875180724051 0
83628.83232284657 16118.348025804458 0
78522.40933362239 13025.56240521947 0
83450.70215301879 10404.902286933475 0
114808.27951719175 279.38004473955004 0
116722.50702885815 -484.9816271197799 0
116720.72813334405 -674.8089645672604 0
94078.34920701596 477.65808085796556 0
78663.58382948185 2339.102051085349 0
81340.97754290917 1002.8212124613917 0
84098.41076171355 2592.1306855589655 0
81375.02259830383 1226.9205348572943 0
80753.45233681757 4286.31310219009 0
80775.24962464132 3762.048134693262 0
95776.3252100988 90.10700395100102 0
95877.94233218784 -27.230342146538078 0
96153.64195909353 291.1201668634966 0
102826.55849487967 13307.061176894984 0
102770.99517835624 8969.497238201935 0
103514.46336913349 12624.5050601704 0
105262.0169728958 10632.336802363388 0
106709.19721908648 14677.540901215978 0
106652.06021055764 9552.315036093823 0
129057.45627272366 16923.695448577484 0
129002.78942735358 9851.753860887726 0
131839.4183122461 2228.3900753785265 0
131830.56936363716 2322.59030057704 0
143127.57218609008 8497.23858793954 0
123906.57935525749 7127.918065459381 0
77129.23700049697 19651.326916506398 0
77210.7833289877 18316.644233169733 0
67259.81188999051 23880.791743068457 0
84960.60734472839 24282.270221901876 0
76780.23497649147 29437.92465910934 0
76663.10878529615 28853.360000050085 0
108936.49821498292 6.537119116523892e-8 0
108936.43153682888 8.328315275654901e-8 0
106945.78353959342 1155.0661781205913 0
110387.93837051504 831.6808115757353 0
109476.00667034739 1377.0181786560838 0
109475.06039896458 2597.633796946368 0
81589.56449592096 -2296.1360760814387 0
81589.56449592096 -3742.24502656034 0
82551.180448595 -4297.43425811921 0
79661.11825649478 -3409.5250363998275 0
89043.60725097831 -8725.29977109025 0
88124.2648373518 -6904.13274941875 0
90158.75872534025 -6473.335174907788 0
88838.39534046274 -4936.013699364139 0
88838.39534046274 -4754.907922124403 0
90986.7786818677 -5995.27762802154 0
86776.88900133944 -6126.224944396199 0
99021.96519503671 421.2556413068478 0
99676.47586973078 685.1087190821327 0
99061.76843053983 134.26980825609667 0
111986.27192997567 -372.32661233354554 0
134159.13687473125 6803.766910145435 0
134195.0694209741 11512.53051667931 0
133804.49509486716 -7180.828270010505 0
133818.42351345587 -2115.9745101478698 0
126252.06427670785 2460.867936112552 0
150160.53630256525 2005.5937958515417 0
94949.3687871795 5347.231546304983 0
96089.45731114695 4711.811665043868 0
96131.66860269551 3354.0508067116903 0
97186.86343671758 3985.9520555025083 0
95595.94282996084 794.6791619987617 0
97068.31565017614 1814.7543401628095 0
109535.62773636349 -1169.8404278264886 0
109535.90838947518 -615.3386685460466 0
110468.74274217752 -1669.1859907260246 0
110467.01944337314 -3217.64871891993 0
108217.79767573798 -1949.0247432143024 0
110903.36840654115 -1386.038620893181 0
95059.71089139166 -556.5535412279132 0
95017.03983851257 -581.1896852014797 0
95017.03983851257 -1019.61137140961 0
94875.97754048693 0 0
94078.34920803964 -477.65808085841854 0
114111.1897346764 4259.480068854669 0
114116.38427085262 2025.2928865235083 0
114087.9766240185 1908.146732093565 0
115847.90138048702 1012.7852784629353 0
117050.43394566732 1581.6261270282275 0
117052.7837988812 393.90630875085526 0
115408.88118322917 1959.7596280873083 0
115402.86510031988 4314.088980585821 0
118584.55922530546 2603.8988220798406 0
114857.2409456849 1524.408273501307 0
99868.22823323678 5160.866609868562 0
99903.83892774567 7877.87681893547 0
101942.99392172981 6610.524089924386 0
99645.8793635352 7738.104448649347 0
102317.80237497172 9514.802413857546 0
102277.49726575623 6132.896395432475 0
118900.23198259236 2884.6485278775613 0
118904.79427250609 929.766042907582 0
116436.53622678969 6484.8596937315515 0
116445.64615869238 3020.0285862649757 0
120780.19830396493 4108.869011016213 0
115844.09759492679 2555.4177432864117 0
113749.8125186896 397.79171604847147 0
112866.03102619814 1066.7035280568166 0
113203.45562415035 225.96050716710562 0
112864.11085935608 184.1842430931951 0
112837.293481592 299.8403593634853 0
113203.12824487401 7.767984020518866 0
97321.80030898748 -6140.386464204359 0
97362.90827718494 -8646.158983920594 0
96320.99809151642 -8960.128386362581 0
99903.83892741479 -7877.876818921966 0
99645.8793632112 -7738.10444863302 0
99695.54632190437 -11133.493651234769 0
98845.03737356338 -355.7070874878745 0
98605.6490823765 -201.23680787818265 0
98007.15584631235 -761.9555775681874 0
99084.31048570486 -113.20924097011921 0
125110.39000268446 40345.934345359055 0
125166.17330041576 19250.547080027056 0
141346.3465936101 27843.90355078995 0
141402.01188657942 11757.013229344133 0
126715.44261176955 20038.079874705803 0
144094.14001858837 29568.35507774739 0
100738.3047669344 -932.4523430191628 0
117245.96014749221 -88581.07736306849 0
115843.0601869127 -53483.76945447286 0
83078.52973596139 -63129.70810859657 0
89207.28700421381 -59855.12920308475 0
88986.61390568713 -45331.52258462355 0
109811.26892883133 -57384.723767031704 0
113203.12824468699 -7.7679840199781625 0
112866.0310259783 -1066.7035280684252 0
102163.46920996575 1088.3144689932487 0
93549.98285158147 3139.749046371616 0
93549.98285158146 2439.9243084364384 0
91908.01046514258 2191.7558429165497 0
94405.26605126754 1946.1263207065117 0
111941.06689379808 -1734.0068448444483 0
111951.05414318359 -3742.9305878447544 0
113187.1065189346 -2313.064657836796 0
113181.6663134186 -1079.9909206523862 0
113787.81667752822 -2477.6885949641905 0
111990.37204940755 -1953.8451712324954 0
121205.2950455635 56596.11183131248 0
112676.96567695633 61432.9300786707 0
114737.13055482325 77626.81594284982 0
85931.23048007168 45995.54312340406 0
85917.34270064638 81164.35516950063 0
97992.30662169006 -1303.531416108397 0
98243.63728793617 -834.467441965433 0
98253.4986046647 -2042.2553022149666 0
98135.96694744047 -592.2821047766425 0
97035.08278819881 -1029.6033932909177 0
107751.44089270291 -1343.708557351983 0
108804.50187068606 -647.5262819484614 0
106794.77988066174 -691.7343375070263 0
106804.6974272899 -3446.1322598390743 0
107971.09554443041 -2522.5813304487183 0
108813.03567542748 -3235.6560377732794 0
98904.13720356872 -1011.4650465970852 0
99943.78113956313 -1911.1665255391556 0
99066.47705228574 -1234.5099083537125 0
99061.76843018648 -134.26980825346817 0
99676.47586938567 -685.1087190820508 0
99936.77708660092 -306.48657395330076 0
92933.75687226371 5797.432289298863 0
92971.63951336307 7416.912718359449 0
95917.31560100205 7764.451482915501 0
90769.59536800532 8409.608893033752 0
94541.26284381827 10805.083098470443 0
94489.37479136446 8301.799416976906 0
26400.144224896965 5020.601637773508 0
9094.366394951086 -4971.210608867192 0
19089.10686368572 -17923.444327239442 0
24384.222755925653 -13481.673435500561 0
26400.44766441554 -14645.779326368815 0
81335.2085314682 3301.8855721320506 0
79248.29417381261 4506.766143558707 0
82302.21335953502 5517.979525634473 0
80548.08027666695 6752.27465154876 0
81335.20853146365 4959.679025400874 0
100027.54709102289 -5361.573692137143 0
100003.46316386126 -3137.4867789952036 0
98566.56422965396 -2267.118773414161 0
98585.22064220929 -3942.045456240536 0
100050.82599370737 -3407.7357643666965 0
98046.47901152639 -3951.7132479214793 0
102968.93485649377 398.796398500602 0
102973.50860152658 -1902.855317179824 0
101378.42243820716 -1603.2336543833253 0
101902.86549526697 -1011.8914476463157 0
163259.13833509898 40342.454435404004 0
178403.19142865774 43851.02755697013 0
118820.32031075822 -11997.984566610548 0
118888.20480810328 -19820.902446203545 0
113681.1726927338 -15241.535931198181 0
117598.64279902873 -18872.81027479073 0
112176.75200913206 -22308.430402769824 0
112094.05778568287 -14119.052198194437 0
74268.75836731186 -2205.254508685236 0
74272.52803893102 613.3487742414807 0
76340.20683262171 -1200.4837801265226 0
76780.67191348958 -1262.6037059907849 0
76186.11447101478 -232.5809042928002 0
75534.1903240569 1911.6815424059093 0
77122.2491217683 1196.5428232952881 0
76500.84173503653 230.0078566042282 0
76225.9487077609 270.4912244971011 0
75539.21418219358 67.42550566902885 0
84249.80699905063 0 0
84249.80699905973 0 0
109830.218488758 1131.6733583836383 0
109839.58388534808 3507.03182748087 0
107862.32072503342 3930.099233825381 0
107850.76457334653 1276.7879275660327 0
109195.75525834621 2916.859136113431 0
108713.9772179137 2004.5547939663577 0
99037.73693125023 498.3990774399758 0
99223.07872400703 -364.4130637344213 0
99654.76583926438 764.7975776511404 0
97424.27938011588 -1187.5574241321374 0
96501.0427312609 -1834.009012354727 0
96580.86197854119 -1787.9253482510649 0
96580.86197854119 -700.6101581623625 0
97673.75941326917 -2511.0773073583914 0
97594.8915056415 -2398.5634779683096 0
98068.20142035576 -815.7888592336349 0
105663.07847494388 -26932.63078982105 0
105622.90917609575 -48233.02266349199 0
126563.55425728907 -28033.40737619771 0
116994.45836178094 -33429.274098712165 0
126507.27721190879 -59907.424359233126 0
108977.84496697538 -46393.395156555016 0
26400.4476644186 14645.779326338177 0
26400.144224900043 -5020.601637852908 0
9094.366394948212 4971.210608790578 0
19089.10686370257 17923.444327189558 0
24384.222755923216 13481.673435466979 0
94539.97347947425 1014.8643402685924 0
94715.00155154748 2549.675483716644 0
95573.77133995507 2364.476251194841 0
92887.44447314396 2368.0415029728965 0
94734.74209213979 3713.5380855985754 0
100553.62279480227 -17976.415653837234 0
100657.25533448081 -25224.743337835178 0
108061.3495581493 -29973.48007299403 0
107944.79415566222 -19677.392894856544 0
100126.3317971725 -25241.236036061695 0
105821.41846353779 -21200.34991976528 0
113304.95686639429 101.3976823814243 0
113304.63954017253 201.14703963876332 0
114038.20422374348 -91.7925989010401 0
113011.74542299079 -197.18528416283604 0
113250.81624962733 -691.3338114822011 0
113249.62738798707 -191.7064881663336 0
112996.36078131913 -93.24837567967039 0
113011.59974479287 146.99998866277028 0
112840.52081307652 -335.73339751746425 0
92060.57513158157 0 0
92179.43758148976 1402.6399208614748 0
93010.20572573862 922.9957070465389 0
91054.24550568614 1036.232177848433 0
92179.43758148976 1685.8621285427944 0
101609.29112683775 -13059.715742507164 0
101615.32019726226 -7800.838420576047 0
104464.68570023475 -6128.74934175429 0
92634.49920415133 -7897.037005599947 0
99205.82544325964 -1558.9020365528627 0
99220.33434627973 -3189.2117974633575 0
100594.57287426476 -4293.136007405438 0
100576.12409652097 -2173.2481267256685 0
98925.75647170811 -3056.497733562744 0
100429.87094413038 -2554.7552289337273 0
91237.20259981163 -4772.792760787468 0
91237.20259981163 -4194.1409147046115 0
92561.67867472248 -3429.454292978029 0
89287.1290517866 -3646.917267975702 0
90860.5630262591 -2738.494735292214 0
90860.56302625913 -2447.3147111231697 0
111599.7468889765 -276.1863297801084 0
110388.1203237944 -423.13655174877573 0
111110.05269566544 -1.7299693094126726e-8 0
111110.07418489685 7.945612789686518e-8 0
91754.5117995462 7999.592342243886 0
90845.4316849611 6532.259863543004 0
89776.1850596089 8701.29926228401 0
90252.13646255214 1293.7860927102454 0
91015.22017499422 3512.8596492575766 0
92615.87144846116 1187.0902182209866 0
103889.32704394075 1300.6697243628382 0
105798.96477326553 1374.3074330395336 0
104754.53809942504 668.2577019470996 0
98581.57771045422 2746.5407141895753 0
98580.73199612282 4451.29915607912 0
103330.88465776666 -4.960198112643656e-8 0
90863.1812883054 -1.279831629658272e-7 0
98581.57771036854 -2746.5407143387433 0
98580.73199603686 -4451.29915628449 0
94261.5811093259 0 0
95044.36900076194 -500.2621441255428 0
94467.8396650815 -833.1215127309122 0
94467.83966508148 -1189.321043670919 0
93889.31275723568 -855.3083762330971 0
69954.91134253901 9407.093503069522 0
78579.36181785839 11505.123572112889 0
71921.98045468677 15154.17202992331 0
71975.7752192794 10694.928502785562 0
113153.22151798998 -2624.7611748339027 0
113147.6622727753 -5287.704700904456 0
115408.88118278663 -1959.7596281118408 0
113686.93373557525 -2847.799533226701 0
112837.2934813877 -299.84035937126487 0
112218.50927378867 -631.643221660215 0
112864.11085913618 -184.18424309305846 0
98758.86685417753 -369.5346023837098 0
98131.32105436324 -2487.0939777792246 0
98729.94898476558 -101.92552946625246 0
98312.60726575337 -686.0073681315271 0
129057.45627241544 -16923.69544855081 0
129002.78942704544 -9851.753860875928 0
133152.99180980856 -19056.918236048798 0
120534.96483590371 -15015.774837166708 0
121620.9017871503 -26047.97939178505 0
121529.32797964365 -15377.287016470844 0
103507.58727648236 -2378.824253596913 0
105708.67397398 -5446.744810558385 0
105689.36974046394 -2560.8046847632 0
104764.95446362965 -3359.64917446562 0
111905.32073495124 736.799061174054 0
111905.67715161291 261.5418236023208 0
111599.7468891285 276.1863299689868 0
111599.79759846692 97.73138998351817 0
111342.43187869644 444.31202583290707 0
111883.0667354162 241.62027428046795 0
85240.99433743686 6143.15178549532 0
85240.99433743686 5596.188715501285 0
83565.37281548299 4628.7681745161535 0
87457.24617272572 4863.598186211675 0
85647.71437982473 3818.864513907556 0
85647.71437982473 3426.5277065446753 0
113799.66181046006 4339.706576421309 0
116313.67792050587 2689.314853733374 0
114567.98629174913 4588.407083475944 0
114590.82936790148 7541.21606885782 0
87019.3236224481 7719.517632765004 0
87063.30770566555 8494.779743516943 0
90819.98532424492 10123.711358729744 0
83398.2193713739 10362.949944588065 0
87814.03113728948 11594.99076179025 0
87877.28107326647 13127.570497385534 0
92615.73064156892 5735.930852556521 0
93261.69586851393 5362.982653266499 0
93676.21973228779 6827.931815050761 0
95123.80398835149 5420.948865958053 0
93261.69586851393 4345.860237001489 0
113679.97992842119 472.09655350697375 0
113680.63080050501 179.4255611706363 0
113751.49403724377 -804.1469410593626 0
113749.81251847938 -397.79171605424585 0
114808.45623191635 -47.272309745834626 0
113203.4556239634 -225.96050718615197 0
114737.13055464915 -77626.81594278356 0
112676.96567671346 -61432.930078632475 0
121205.29504539509 -56596.11183123233 0
85917.34270054077 -81164.35516942605 0
85931.2304799665 -45995.5431234452 0
112215.21340948276 -394.1556465449324 0
112215.40550155002 -25.733646961818494 0
111905.67715167152 -261.5418244317942 0
112044.6299301247 -130.21697998852062 0
111883.06673580836 -241.620275155246 0
111883.12354648419 -9.647307619169919 0
128577.10727974425 -4876.054927236173 0
128555.22534700866 -11919.913747217028 0
131439.70867328058 -13729.860111363067 0
120765.3839375967 -9220.8740877773 0
120994.5181440548 -19603.847683242107 0
121022.59214587256 -9485.34435254511 0
82010.74614237768 0 0
82441.70350850708 0 0
82302.27459790968 329.3126718494932 0
111076.06557178654 -1140.90556077899 0
111905.32073452786 -736.7990610183634 0
111975.06439631697 -742.9053341486731 0
111973.95117477412 -1614.4056614506 0
111342.08877866183 -954.7564526357228 0
111342.43187852809 -444.31202568785886 0
90769.59536831643 -8409.608892978387 0
90819.98532455594 -10123.711358675124 0
87019.32362282732 -7719.517632747891 0
92971.63951368947 -7416.912718295893 0
89823.75782127994 -5361.158023004242 0
89857.52064701446 -6347.111666946216 0
95571.02879585206 2045.8725705195845 0
95571.02879585206 1204.8978861088244 0
94405.26605126752 1372.8191331813023 0
95834.18146104476 1052.9666233579248 0
95017.03983754446 581.1896850023679 0
95017.03983754446 1019.6113714476774 0
75097.5165811202 -9391.27079324344 0
75048.8095139524 -12458.522812278981 0
72974.75118575209 -8024.967726681738 0
80436.74746554134 -9555.506703629646 0
77434.21010369791 -5642.994732235464 0
77401.89949669558 -7637.569396889554 0
94615.88496849735 5117.381525360931 0
92052.36973998781 3372.3512765381456 0
93841.7098469952 1642.69157509521 0
93585.5331067504 2785.303119379264 0
92912.39478432828 0 0
91586.20732455082 601.2352230958306 0
92912.39478432828 0 0
94083.7964153117 652.8720091650353 0
93124.54015083521 1489.3920983355001 0
93124.54015083521 1206.6988741025586 0
115402.86509990548 -4314.088980610518 0
119080.35850572075 -6433.565026677647 0
115101.47448258808 -8616.792262131044 0
115112.10018608361 -4245.685900703166 0
53960.35168549093 -3658.4230135481034 0
53948.4049313504 11618.311972174515 0
35010.74732452969 21184.927849552874 0
52774.719656476576 10996.593756533275 0
111054.8299572908 -4503.292065774388 0
111080.11178339872 -7777.506783170498 0
113388.14295865988 -5969.295141221005 0
113370.67804511254 -3467.2634964872286 0
113766.86189411848 -5984.684458896414 0
111324.44772676396 -4868.40327071353 0
77481.35216235362 -5446.006604002809 0
77504.46150514873 -3734.6759616571785 0
75287.10281280531 -9457.745935573002 0
75323.84166139018 -6485.484506391642 0
73997.53873078761 -5563.848527647103 0
79884.05308498951 -7010.785894227716 0
104812.95344011113 398.304147670506 0
104817.69315931319 -2094.9207849574727 0
105748.71340938089 -1295.7310520416588 0
105796.23331543538 -1249.6398291217613 0
106780.14006935644 386.4676216841911 0
106784.63586648578 -2138.614240533015 0
100114.24513448337 -381.315100383745 0
100734.22527285526 932.704288024408 0
101378.42243711729 1603.233654314318 0
101374.3858598838 -391.6144543869425 0
81340.97754331728 -1002.8212124731971 0
78663.58382984977 -2339.1020511183665 0
78700.58695452366 -1712.9620768336883 0
77217.21047700653 -670.1423155175229 0
78528.83185100267 -4503.167828147525 0
81946.02922841227 -6740.139660209934 0
80091.53095462352 -5717.513561776286 0
80005.67562284687 -3608.4553254795537 0
65886.40967529929 -45676.67680998023 0
43752.94532318967 -58323.776121828225 0
43758.87126291971 -58678.63744969431 0
49542.03894817148 -36268.04334696436 0
103505.4338770525 -11001.344836306604 0
103460.07894285623 -7150.501121804639 0
105487.00421588695 -8552.796702777763 0
104354.51982558152 -10228.898876163534 0
106843.5560315934 -11883.835432274227 0
106798.00095146151 -7523.649939852957 0
124190.12465482707 -2937.009305674524 0
117050.4339452256 -1581.6261271093797 0
120661.550750868 343.7737395280321 0
120661.1903996446 -735.4624952030139 0
118575.02880703921 -6024.698497017873 0
118584.55922481648 -2603.898822139986 0
111819.48666414001 -75.85158974079957 0
112049.73640356585 -199.10983641851234 0
111793.74748187291 -104.35926480929866 0
86951.57276098599 -3685.8468398668265 0
86951.57276098599 -3846.6561704308333 0
88725.09453427937 -2822.7128927301237 0
85361.94174661886 -2768.0729417988914 0
87046.20113033798 -1795.6653289706992 0
87046.20113033798 -1853.4033297942187 0
80962.22795791451 33315.73291484574 0
81107.26638772832 37646.47692312158 0
89207.28700447435 59855.12920322122 0
88986.61390594681 45331.52258472978 0
95556.4588655451 41803.75486891018 0
65733.96294998714 46340.738919970936 0
111793.74748183199 104.35926480409341 0
111819.48666411909 75.85158972502992 0
111648.76746363925 -2.7557137812714664e-9 0
111648.74968965721 -1.6993565612541e-8 0
101942.99392140299 -6610.524089910065 0
101915.06761238829 -3865.7083529991583 0
104275.06722715497 -7526.062675183047 0
104245.35277147479 -4359.74677895912 0
102277.4972654358 -6132.8963954161845 0
103526.80477500147 -5050.749904739827 0
47476.23682291392 -19015.781075412873 0
47500.832604021496 2.55669222102343 0
11659.893701225166 6323.629982794496 0
28118.15680701681 -20271.262355231294 0
22346.86235652918 -35952.92041066265 0
35023.88793455412 -7150.1766966534815 0
49615.989151641515 -20274.633879025834 0
114090.54495006634 -825.1045475765778 0
114087.97662418372 -1908.1467321304 0
114116.38427100237 -2025.2928865513688 0
113145.3043446036 -1267.3876879822 0
112939.99544093058 -2614.4311421052585 0
112942.71067194306 -1236.8006612593806 0
113612.49542406111 494.4305326673056 0
113610.91470869043 1173.8052858436 0
112821.46616834291 1733.1292295576454 0
112823.24812487279 779.246211393772 0
113690.39308834946 1320.6199728962938 0
112957.54234273647 770.0671134458768 0
114038.20422324425 91.79259883941347 0
114038.39520238228 34.24832445203891 0
113304.63953937133 -201.1470396653084 0
114859.48134351762 -571.5572125799912 0
113610.91470846337 -1173.805285875078 0
113612.49542357224 -494.43053267475693 0
92539.27187893125 -11683.362805773497 0
92607.02799705151 -14549.859563733402 0
95596.29973236227 -15021.525109845814 0
95682.23408151316 -19693.16400337859 0
97027.66381906378 -14475.263550157462 0
89605.66424494713 -16016.86464026977 0
99346.82535264724 491.5024015877919 0
99354.02316455753 1782.8104915094184 0
100117.39555267437 1239.4783994196873 0
99205.82544314048 1558.9020365888368 0
100429.87094416944 2554.755228944341 0
100420.0505431171 762.5994205583773 0
128555.2253467585 11919.913747169252 0
128577.10727949395 4876.054927210978 0
123942.11367480745 2028.7160894602403 0
142441.0571400626 4121.449381193053 0
131839.4183119564 -2228.3900753897365 0
131830.56936334746 -2322.5903005781543 0
148398.97834178738 34077.8963331822 0
180627.39344690545 45370.48854734268 0
174656.38156531935 12608.807029180676 0
143093.13704354578 31263.10489226339 0
148778.16076542065 68266.82883831175 0
169074.43309991228 42724.61195069387 0
100734.22527220225 -932.7042875965201 0
101374.38586035515 391.6144547465384 0
102163.46920922099 -1088.3144689028886 0
103526.80477532784 5050.749904751384 0
103507.58727680876 2378.8242536060193 0
101915.06761271438 3865.708353009058 0
102862.57035715716 3029.4447732708654 0
101606.3060461878 4330.993920388177 0
101588.7519935813 2025.5261856022773 0
91938.69715527934 -30037.246456659173 0
91953.66362074012 -19775.00920619934 0
85737.15951366634 -14159.238213706682 0
85740.7096727955 -10121.847178890386 0
97192.9387168894 -16718.860069065642 0
75089.72028832222 -20320.321013525303 0
96956.2215361931 5324.347592005239 0
96929.68624011378 3593.649988390226 0
94589.26325176249 3689.4550110154173 0
97739.34285663247 3431.166101777109 0
95982.13109874482 2126.579448226012 0
95998.94755869241 3178.5783057737985 0
112657.20304443403 -1741.101471392585 0
112653.60583182046 -538.8389249470082 0
111486.34715753647 -872.5459492133722 0
111492.86823175511 -2740.786482672522 0
111774.01219086998 -1230.2235234885222 0
112923.90518454884 -1714.1989959072507 0
61745.510095407095 37951.51227264796 0
54913.09801649987 63168.826321991044 0
80250.6417450498 48625.8184573425 0
61857.06423871485 31460.769343040563 0
52427.04887415113 53601.86954831746 0
36372.34354949948 46113.43943872048 0
84204.78608708656 -2073.4813215171675 0
84204.78608708656 -2593.4526649194113 0
83565.37281514672 -4628.768174529583 0
83565.37281514677 -3672.0930700515096 0
82500.64107214753 -3057.3699089298857 0
85647.714379453 -3426.527706578959 0
98253.49860445007 2042.2553022126222 0
98243.63728776529 834.4674419727194 0
97992.30662159953 1303.5314160946707 0
98135.96694730442 592.2821047837944 0
97035.08278803865 1029.6033933072636 0
82500.64107252457 2023.7178168463288 0
82500.64107252457 3057.3699089609363 0
81911.8554087845 1683.782253908248 0
84204.78608748908 2073.4813215312897 0
83175.60008079 1479.280500927871 0
83175.60008079 954.1589241507609 0
83398.21937174314 -10362.949944612476 0
83450.70215338832 -10404.902287054478 0
83554.0292449276 -15377.875180717947 0
83628.8323231585 -16118.348025932713 0
87877.28107358105 -13127.570497379804 0
78522.40933395614 -13025.56240535939 0
96924.43408254803 616.8860685693289 0
96281.07365733286 310.61931238127727 0
97270.7184075398 452.04009300505277 0
97270.7184075398 1933.7668085609039 0
96180.8114108635 1304.5087078899087 0
96281.07365733286 1246.6222726447995 0
79661.11825612675 1183.3943727947903 0
79661.11825612675 3409.5250363820282 0
81201.90733976719 2072.3221118616666 0
81201.90733976719 740.1546667212067 0
80047.65595419872 1406.5620178038075 0
81589.56449553589 2296.1360760760385 0
77504.46150479207 3734.6759616180484 0
77481.35216199713 5446.006603924085 0
79884.05308461303 7010.78589413746 0
73997.53873045827 5563.848527593747 0
75323.84166104932 6485.484506330928 0
75287.10281246467 9457.745935462908 0
95776.32521149554 -90.10700419366913 0
96153.64195992242 -291.1201676761266 0
95877.9423330543 27.230341283939197 0
58797.79131269929 -14293.966376008153 0
58799.903280016995 -15604.756469528345 0
72594.30770170144 -7636.393142509626 0
46701.20380690893 -7311.691268888912 0
59364.643424775786 -6.016185283545669e-8 0
59364.77357124033 -5.9396565076612525e-8 0
113239.35222132981 -3839.953214139777 0
113231.3879788209 -7586.53313942562 0
112127.9151072526 -4406.223995657619 0
110698.33943884051 -6189.363568181462 0
110259.54332602996 -3382.6671272019994 0
110255.10001086774 -6386.11212135292 0
112695.71725033743 28296.20197896606 0
112589.24022964523 17830.95118804557 0
118992.97121638463 24336.173411159973 0
115017.89475136243 19432.36103771317 0
121620.90178746328 26047.979391838693 0
121529.32797995613 15377.287016497588 0
119687.85732905088 2026.4885665236072 0
119695.17571058773 2498.2643338665184 0
118380.19160137685 8129.278079063728 0
118355.91253931476 5141.274142100891 0
123885.2249762316 4723.199945640663 0
116325.06200436909 4160.770349341208 0
81883.28230269524 0 0
82163.17681241193 404.8562727941185 0
82304.61942415666 0 0
111730.40949114595 503.9386560260703 0
111729.81873118955 1134.2476620285931 0
111793.60178690348 434.54389433649663 0
110903.88825074921 689.5332339912476 0
111333.43621711744 422.136307505009 0
111333.53413524208 188.47677252531386 0